patient_id,note_id,report_type,date,language,path
oncorag-e-0001,oncorag-e-note-00001,surgery_followup,2020-07-22,en,notes/oncorag-e-0001/surgery_followup/2020-07-22__oncorag-e-note-00001.txt
oncorag-e-0002,oncorag-e-note-00002,med_onc_note,2022-07-02,en,notes/oncorag-e-0002/med_onc_note/2022-07-02__oncorag-e-note-00002.txt
oncorag-e-0003,oncorag-e-note-00003,surgery_followup,2023-12-14,en,notes/oncorag-e-0003/surgery_followup/2023-12-14__oncorag-e-note-00003.txt
oncorag-e-0004,oncorag-e-note-00004,surgery_followup,2024-06-24,en,notes/oncorag-e-0004/surgery_followup/2024-06-24__oncorag-e-note-00004.txt
oncorag-e-0005,oncorag-e-note-00005,med_onc_note,2020-03-27,en,notes/oncorag-e-0005/med_onc_note/2020-03-27__oncorag-e-note-00005.txt
oncorag-e-0006,oncorag-e-note-00006,med_onc_note,2025-07-04,en,notes/oncorag-e-0006/med_onc_note/2025-07-04__oncorag-e-note-00006.txt
oncorag-e-0007,oncorag-e-note-00007,surgery_followup,2022-10-26,en,notes/oncorag-e-0007/surgery_followup/2022-10-26__oncorag-e-note-00007.txt
oncorag-e-0008,oncorag-e-note-00008,med_onc_note,2021-02-11,en,notes/oncorag-e-0008/med_onc_note/2021-02-11__oncorag-e-note-00008.txt
oncorag-e-0009,oncorag-e-note-00009,med_onc_note,2021-10-02,en,notes/oncorag-e-0009/med_onc_note/2021-10-02__oncorag-e-note-00009.txt
oncorag-e-0010,oncorag-e-note-00010,med_onc_note,2021-10-19,en,notes/oncorag-e-0010/med_onc_note/2021-10-19__oncorag-e-note-00010.txt
oncorag-e-0011,oncorag-e-note-00011,med_onc_note,2022-02-26,en,notes/oncorag-e-0011/med_onc_note/2022-02-26__oncorag-e-note-00011.txt
oncorag-e-0012,oncorag-e-note-00012,med_onc_note,2019-12-26,en,notes/oncorag-e-0012/med_onc_note/2019-12-26__oncorag-e-note-00012.txt
oncorag-e-0013,oncorag-e-note-00013,med_onc_note,2023-09-15,en,notes/oncorag-e-0013/med_onc_note/2023-09-15__oncorag-e-note-00013.txt
oncorag-e-0014,oncorag-e-note-00014,surgery_followup,2025-04-29,en,notes/oncorag-e-0014/surgery_followup/2025-04-29__oncorag-e-note-00014.txt
oncorag-e-0015,oncorag-e-note-00015,surgery_followup,2022-04-17,en,notes/oncorag-e-0015/surgery_followup/2022-04-17__oncorag-e-note-00015.txt
oncorag-e-0016,oncorag-e-note-00016,med_onc_note,2025-05-22,en,notes/oncorag-e-0016/med_onc_note/2025-05-22__oncorag-e-note-00016.txt
oncorag-e-0017,oncorag-e-note-00017,med_onc_note,2020-09-12,en,notes/oncorag-e-0017/med_onc_note/2020-09-12__oncorag-e-note-00017.txt
oncorag-e-0018,oncorag-e-note-00018,med_onc_note,2020-02-02,en,notes/oncorag-e-0018/med_onc_note/2020-02-02__oncorag-e-note-00018.txt
oncorag-e-0019,oncorag-e-note-00019,med_onc_note,2025-10-23,en,notes/oncorag-e-0019/med_onc_note/2025-10-23__oncorag-e-note-00019.txt
oncorag-e-0020,oncorag-e-note-00020,med_onc_note,2024-04-09,en,notes/oncorag-e-0020/med_onc_note/2024-04-09__oncorag-e-note-00020.txt
oncorag-e-0021,oncorag-e-note-00021,surgery_followup,2021-01-20,en,notes/oncorag-e-0021/surgery_followup/2021-01-20__oncorag-e-note-00021.txt
oncorag-e-0022,oncorag-e-note-00022,med_onc_note,2020-06-02,en,notes/oncorag-e-0022/med_onc_note/2020-06-02__oncorag-e-note-00022.txt
oncorag-e-0023,oncorag-e-note-00023,med_onc_note,2023-01-11,en,notes/oncorag-e-0023/med_onc_note/2023-01-11__oncorag-e-note-00023.txt
oncorag-e-0024,oncorag-e-note-00024,med_onc_note,2023-11-19,en,notes/oncorag-e-0024/med_onc_note/2023-11-19__oncorag-e-note-00024.txt
oncorag-e-0025,oncorag-e-note-00025,surgery_followup,2024-03-25,en,notes/oncorag-e-0025/surgery_followup/2024-03-25__oncorag-e-note-00025.txt
oncorag-e-0026,oncorag-e-note-00026,surgery_followup,2020-01-13,en,notes/oncorag-e-0026/surgery_followup/2020-01-13__oncorag-e-note-00026.txt
oncorag-e-0027,oncorag-e-note-00027,surgery_followup,2021-10-18,en,notes/oncorag-e-0027/surgery_followup/2021-10-18__oncorag-e-note-00027.txt
oncorag-e-0028,oncorag-e-note-00028,med_onc_note,2024-01-23,en,notes/oncorag-e-0028/med_onc_note/2024-01-23__oncorag-e-note-00028.txt
oncorag-e-0029,oncorag-e-note-00029,med_onc_note,2025-06-22,en,notes/oncorag-e-0029/med_onc_note/2025-06-22__oncorag-e-note-00029.txt
oncorag-e-0030,oncorag-e-note-00030,surgery_followup,2024-03-11,en,notes/oncorag-e-0030/surgery_followup/2024-03-11__oncorag-e-note-00030.txt
oncorag-e-0031,oncorag-e-note-00031,surgery_followup,2020-02-10,en,notes/oncorag-e-0031/surgery_followup/2020-02-10__oncorag-e-note-00031.txt
oncorag-e-0032,oncorag-e-note-00032,med_onc_note,2024-11-03,en,notes/oncorag-e-0032/med_onc_note/2024-11-03__oncorag-e-note-00032.txt
oncorag-e-0033,oncorag-e-note-00033,med_onc_note,2020-10-22,en,notes/oncorag-e-0033/med_onc_note/2020-10-22__oncorag-e-note-00033.txt
oncorag-e-0034,oncorag-e-note-00034,rad_onc_followup,2023-09-18,en,notes/oncorag-e-0034/rad_onc_followup/2023-09-18__oncorag-e-note-00034.txt
oncorag-e-0035,oncorag-e-note-00035,med_onc_note,2023-12-03,en,notes/oncorag-e-0035/med_onc_note/2023-12-03__oncorag-e-note-00035.txt
oncorag-e-0036,oncorag-e-note-00036,rad_onc_followup,2022-10-26,en,notes/oncorag-e-0036/rad_onc_followup/2022-10-26__oncorag-e-note-00036.txt
oncorag-e-0037,oncorag-e-note-00037,med_onc_note,2025-08-10,en,notes/oncorag-e-0037/med_onc_note/2025-08-10__oncorag-e-note-00037.txt
oncorag-e-0038,oncorag-e-note-00038,imaging_report,2023-06-23,en,notes/oncorag-e-0038/imaging_report/2023-06-23__oncorag-e-note-00038.txt
oncorag-e-0039,oncorag-e-note-00039,med_onc_note,2021-04-19,en,notes/oncorag-e-0039/med_onc_note/2021-04-19__oncorag-e-note-00039.txt
oncorag-e-0040,oncorag-e-note-00040,med_onc_note,2022-01-01,en,notes/oncorag-e-0040/med_onc_note/2022-01-01__oncorag-e-note-00040.txt
oncorag-e-0041,oncorag-e-note-00041,med_onc_note,2020-07-04,en,notes/oncorag-e-0041/med_onc_note/2020-07-04__oncorag-e-note-00041.txt
oncorag-e-0042,oncorag-e-note-00042,surgery_followup,2021-09-15,en,notes/oncorag-e-0042/surgery_followup/2021-09-15__oncorag-e-note-00042.txt
oncorag-e-0043,oncorag-e-note-00043,med_onc_note,2023-07-21,en,notes/oncorag-e-0043/med_onc_note/2023-07-21__oncorag-e-note-00043.txt
oncorag-e-0044,oncorag-e-note-00044,med_onc_note,2022-05-24,en,notes/oncorag-e-0044/med_onc_note/2022-05-24__oncorag-e-note-00044.txt
oncorag-e-0045,oncorag-e-note-00045,med_onc_note,2021-03-13,en,notes/oncorag-e-0045/med_onc_note/2021-03-13__oncorag-e-note-00045.txt
oncorag-e-0046,oncorag-e-note-00046,med_onc_note,2025-11-08,en,notes/oncorag-e-0046/med_onc_note/2025-11-08__oncorag-e-note-00046.txt
oncorag-e-0047,oncorag-e-note-00047,surgery_followup,2023-04-21,en,notes/oncorag-e-0047/surgery_followup/2023-04-21__oncorag-e-note-00047.txt
oncorag-e-0048,oncorag-e-note-00048,surgery_followup,2020-08-05,en,notes/oncorag-e-0048/surgery_followup/2020-08-05__oncorag-e-note-00048.txt
oncorag-e-0049,oncorag-e-note-00049,med_onc_note,2024-05-14,en,notes/oncorag-e-0049/med_onc_note/2024-05-14__oncorag-e-note-00049.txt
oncorag-e-0050,oncorag-e-note-00050,med_onc_note,2021-10-14,en,notes/oncorag-e-0050/med_onc_note/2021-10-14__oncorag-e-note-00050.txt
oncorag-e-0051,oncorag-e-note-00051,surgery_followup,2020-10-05,en,notes/oncorag-e-0051/surgery_followup/2020-10-05__oncorag-e-note-00051.txt
oncorag-e-0052,oncorag-e-note-00052,med_onc_note,2025-10-24,en,notes/oncorag-e-0052/med_onc_note/2025-10-24__oncorag-e-note-00052.txt
oncorag-e-0053,oncorag-e-note-00053,med_onc_note,2021-01-08,en,notes/oncorag-e-0053/med_onc_note/2021-01-08__oncorag-e-note-00053.txt
oncorag-e-0054,oncorag-e-note-00054,imaging_report,2021-06-23,en,notes/oncorag-e-0054/imaging_report/2021-06-23__oncorag-e-note-00054.txt
oncorag-e-0055,oncorag-e-note-00055,med_onc_note,2025-09-21,en,notes/oncorag-e-0055/med_onc_note/2025-09-21__oncorag-e-note-00055.txt
oncorag-e-0056,oncorag-e-note-00056,rad_onc_followup,2019-12-27,en,notes/oncorag-e-0056/rad_onc_followup/2019-12-27__oncorag-e-note-00056.txt
oncorag-e-0057,oncorag-e-note-00057,rad_onc_followup,2021-10-19,en,notes/oncorag-e-0057/rad_onc_followup/2021-10-19__oncorag-e-note-00057.txt
oncorag-e-0058,oncorag-e-note-00058,med_onc_note,2024-04-21,en,notes/oncorag-e-0058/med_onc_note/2024-04-21__oncorag-e-note-00058.txt
oncorag-e-0059,oncorag-e-note-00059,surgery_followup,2022-03-08,en,notes/oncorag-e-0059/surgery_followup/2022-03-08__oncorag-e-note-00059.txt
oncorag-e-0060,oncorag-e-note-00060,med_onc_note,2021-06-19,en,notes/oncorag-e-0060/med_onc_note/2021-06-19__oncorag-e-note-00060.txt
oncorag-e-0061,oncorag-e-note-00061,surgery_followup,2024-08-13,en,notes/oncorag-e-0061/surgery_followup/2024-08-13__oncorag-e-note-00061.txt
oncorag-e-0062,oncorag-e-note-00062,med_onc_note,2020-12-27,en,notes/oncorag-e-0062/med_onc_note/2020-12-27__oncorag-e-note-00062.txt
oncorag-e-0063,oncorag-e-note-00063,med_onc_note,2020-02-09,en,notes/oncorag-e-0063/med_onc_note/2020-02-09__oncorag-e-note-00063.txt
oncorag-e-0064,oncorag-e-note-00064,surgery_followup,2020-10-11,en,notes/oncorag-e-0064/surgery_followup/2020-10-11__oncorag-e-note-00064.txt
oncorag-e-0065,oncorag-e-note-00065,med_onc_note,2021-05-23,en,notes/oncorag-e-0065/med_onc_note/2021-05-23__oncorag-e-note-00065.txt
oncorag-e-0066,oncorag-e-note-00066,surgery_followup,2021-12-12,en,notes/oncorag-e-0066/surgery_followup/2021-12-12__oncorag-e-note-00066.txt
oncorag-e-0067,oncorag-e-note-00067,med_onc_note,2025-05-19,en,notes/oncorag-e-0067/med_onc_note/2025-05-19__oncorag-e-note-00067.txt
oncorag-e-0068,oncorag-e-note-00068,rad_onc_followup,2025-02-06,en,notes/oncorag-e-0068/rad_onc_followup/2025-02-06__oncorag-e-note-00068.txt
oncorag-e-0069,oncorag-e-note-00069,surgery_followup,2020-06-08,en,notes/oncorag-e-0069/surgery_followup/2020-06-08__oncorag-e-note-00069.txt
oncorag-e-0070,oncorag-e-note-00070,med_onc_note,2023-02-17,en,notes/oncorag-e-0070/med_onc_note/2023-02-17__oncorag-e-note-00070.txt
oncorag-e-0071,oncorag-e-note-00071,med_onc_note,2023-11-03,en,notes/oncorag-e-0071/med_onc_note/2023-11-03__oncorag-e-note-00071.txt
oncorag-e-0072,oncorag-e-note-00072,med_onc_note,2021-10-26,en,notes/oncorag-e-0072/med_onc_note/2021-10-26__oncorag-e-note-00072.txt
oncorag-e-0073,oncorag-e-note-00073,med_onc_note,2020-04-27,en,notes/oncorag-e-0073/med_onc_note/2020-04-27__oncorag-e-note-00073.txt
oncorag-e-0074,oncorag-e-note-00074,surgery_followup,2020-03-11,en,notes/oncorag-e-0074/surgery_followup/2020-03-11__oncorag-e-note-00074.txt
oncorag-e-0075,oncorag-e-note-00075,med_onc_note,2022-05-15,en,notes/oncorag-e-0075/med_onc_note/2022-05-15__oncorag-e-note-00075.txt
oncorag-e-0076,oncorag-e-note-00076,imaging_report,2025-05-06,en,notes/oncorag-e-0076/imaging_report/2025-05-06__oncorag-e-note-00076.txt
oncorag-e-0077,oncorag-e-note-00077,med_onc_note,2023-06-06,en,notes/oncorag-e-0077/med_onc_note/2023-06-06__oncorag-e-note-00077.txt
oncorag-e-0078,oncorag-e-note-00078,med_onc_note,2022-08-01,en,notes/oncorag-e-0078/med_onc_note/2022-08-01__oncorag-e-note-00078.txt
oncorag-e-0079,oncorag-e-note-00079,med_onc_note,2023-09-09,en,notes/oncorag-e-0079/med_onc_note/2023-09-09__oncorag-e-note-00079.txt
oncorag-e-0080,oncorag-e-note-00080,surgery_followup,2020-02-13,en,notes/oncorag-e-0080/surgery_followup/2020-02-13__oncorag-e-note-00080.txt
oncorag-e-0081,oncorag-e-note-00081,med_onc_note,2020-02-23,en,notes/oncorag-e-0081/med_onc_note/2020-02-23__oncorag-e-note-00081.txt
oncorag-e-0082,oncorag-e-note-00082,rad_onc_followup,2020-10-24,en,notes/oncorag-e-0082/rad_onc_followup/2020-10-24__oncorag-e-note-00082.txt
oncorag-e-0083,oncorag-e-note-00083,med_onc_note,2021-09-28,en,notes/oncorag-e-0083/med_onc_note/2021-09-28__oncorag-e-note-00083.txt
oncorag-e-0084,oncorag-e-note-00084,med_onc_note,2024-12-14,en,notes/oncorag-e-0084/med_onc_note/2024-12-14__oncorag-e-note-00084.txt
oncorag-e-0085,oncorag-e-note-00085,med_onc_note,2025-01-12,en,notes/oncorag-e-0085/med_onc_note/2025-01-12__oncorag-e-note-00085.txt
oncorag-e-0086,oncorag-e-note-00086,med_onc_note,2023-10-04,en,notes/oncorag-e-0086/med_onc_note/2023-10-04__oncorag-e-note-00086.txt
oncorag-e-0087,oncorag-e-note-00087,surgery_followup,2022-10-27,en,notes/oncorag-e-0087/surgery_followup/2022-10-27__oncorag-e-note-00087.txt
oncorag-e-0088,oncorag-e-note-00088,med_onc_note,2023-09-18,en,notes/oncorag-e-0088/med_onc_note/2023-09-18__oncorag-e-note-00088.txt
oncorag-e-0089,oncorag-e-note-00089,med_onc_note,2023-12-19,en,notes/oncorag-e-0089/med_onc_note/2023-12-19__oncorag-e-note-00089.txt
oncorag-e-0090,oncorag-e-note-00090,imaging_report,2021-03-15,en,notes/oncorag-e-0090/imaging_report/2021-03-15__oncorag-e-note-00090.txt
oncorag-e-0091,oncorag-e-note-00091,rad_onc_followup,2020-12-10,en,notes/oncorag-e-0091/rad_onc_followup/2020-12-10__oncorag-e-note-00091.txt
oncorag-e-0092,oncorag-e-note-00092,surgery_followup,2021-02-27,en,notes/oncorag-e-0092/surgery_followup/2021-02-27__oncorag-e-note-00092.txt
oncorag-e-0093,oncorag-e-note-00093,rad_onc_followup,2025-04-17,en,notes/oncorag-e-0093/rad_onc_followup/2025-04-17__oncorag-e-note-00093.txt
oncorag-e-0094,oncorag-e-note-00094,med_onc_note,2021-06-19,en,notes/oncorag-e-0094/med_onc_note/2021-06-19__oncorag-e-note-00094.txt
oncorag-e-0095,oncorag-e-note-00095,imaging_report,2019-12-27,en,notes/oncorag-e-0095/imaging_report/2019-12-27__oncorag-e-note-00095.txt
oncorag-e-0096,oncorag-e-note-00096,med_onc_note,2023-01-31,en,notes/oncorag-e-0096/med_onc_note/2023-01-31__oncorag-e-note-00096.txt
oncorag-e-0097,oncorag-e-note-00097,rad_onc_followup,2020-04-06,en,notes/oncorag-e-0097/rad_onc_followup/2020-04-06__oncorag-e-note-00097.txt
oncorag-e-0098,oncorag-e-note-00098,med_onc_note,2020-09-28,en,notes/oncorag-e-0098/med_onc_note/2020-09-28__oncorag-e-note-00098.txt
oncorag-e-0099,oncorag-e-note-00099,med_onc_note,2023-05-14,en,notes/oncorag-e-0099/med_onc_note/2023-05-14__oncorag-e-note-00099.txt
oncorag-e-0100,oncorag-e-note-00100,imaging_report,2025-03-26,en,notes/oncorag-e-0100/imaging_report/2025-03-26__oncorag-e-note-00100.txt
oncorag-e-0101,oncorag-e-note-00101,surgery_followup,2023-08-02,en,notes/oncorag-e-0101/surgery_followup/2023-08-02__oncorag-e-note-00101.txt
oncorag-e-0102,oncorag-e-note-00102,surgery_followup,2023-07-07,en,notes/oncorag-e-0102/surgery_followup/2023-07-07__oncorag-e-note-00102.txt
oncorag-e-0103,oncorag-e-note-00103,med_onc_note,2023-06-07,en,notes/oncorag-e-0103/med_onc_note/2023-06-07__oncorag-e-note-00103.txt
oncorag-e-0104,oncorag-e-note-00104,med_onc_note,2025-03-02,en,notes/oncorag-e-0104/med_onc_note/2025-03-02__oncorag-e-note-00104.txt
oncorag-e-0105,oncorag-e-note-00105,med_onc_note,2025-01-06,en,notes/oncorag-e-0105/med_onc_note/2025-01-06__oncorag-e-note-00105.txt
oncorag-e-0106,oncorag-e-note-00106,med_onc_note,2020-05-04,en,notes/oncorag-e-0106/med_onc_note/2020-05-04__oncorag-e-note-00106.txt
oncorag-e-0107,oncorag-e-note-00107,rad_onc_followup,2023-05-21,en,notes/oncorag-e-0107/rad_onc_followup/2023-05-21__oncorag-e-note-00107.txt
oncorag-e-0108,oncorag-e-note-00108,imaging_report,2022-03-13,en,notes/oncorag-e-0108/imaging_report/2022-03-13__oncorag-e-note-00108.txt
oncorag-e-0109,oncorag-e-note-00109,rad_onc_followup,2023-01-12,en,notes/oncorag-e-0109/rad_onc_followup/2023-01-12__oncorag-e-note-00109.txt
oncorag-e-0110,oncorag-e-note-00110,med_onc_note,2022-11-09,en,notes/oncorag-e-0110/med_onc_note/2022-11-09__oncorag-e-note-00110.txt
oncorag-e-0111,oncorag-e-note-00111,med_onc_note,2023-02-19,en,notes/oncorag-e-0111/med_onc_note/2023-02-19__oncorag-e-note-00111.txt
oncorag-e-0112,oncorag-e-note-00112,med_onc_note,2021-06-04,en,notes/oncorag-e-0112/med_onc_note/2021-06-04__oncorag-e-note-00112.txt
oncorag-e-0113,oncorag-e-note-00113,rad_onc_followup,2020-09-16,en,notes/oncorag-e-0113/rad_onc_followup/2020-09-16__oncorag-e-note-00113.txt
oncorag-e-0114,oncorag-e-note-00114,med_onc_note,2025-01-25,en,notes/oncorag-e-0114/med_onc_note/2025-01-25__oncorag-e-note-00114.txt
oncorag-e-0115,oncorag-e-note-00115,med_onc_note,2023-04-28,en,notes/oncorag-e-0115/med_onc_note/2023-04-28__oncorag-e-note-00115.txt
oncorag-e-0116,oncorag-e-note-00116,med_onc_note,2021-04-22,en,notes/oncorag-e-0116/med_onc_note/2021-04-22__oncorag-e-note-00116.txt
oncorag-e-0117,oncorag-e-note-00117,rad_onc_followup,2024-05-01,en,notes/oncorag-e-0117/rad_onc_followup/2024-05-01__oncorag-e-note-00117.txt
oncorag-e-0118,oncorag-e-note-00118,surgery_followup,2025-09-11,en,notes/oncorag-e-0118/surgery_followup/2025-09-11__oncorag-e-note-00118.txt
oncorag-e-0119,oncorag-e-note-00119,med_onc_note,2021-06-18,en,notes/oncorag-e-0119/med_onc_note/2021-06-18__oncorag-e-note-00119.txt
oncorag-e-0120,oncorag-e-note-00120,rad_onc_followup,2020-06-25,en,notes/oncorag-e-0120/rad_onc_followup/2020-06-25__oncorag-e-note-00120.txt
oncorag-e-0121,oncorag-e-note-00121,med_onc_note,2023-06-07,en,notes/oncorag-e-0121/med_onc_note/2023-06-07__oncorag-e-note-00121.txt
oncorag-e-0122,oncorag-e-note-00122,med_onc_note,2021-04-13,en,notes/oncorag-e-0122/med_onc_note/2021-04-13__oncorag-e-note-00122.txt
oncorag-e-0123,oncorag-e-note-00123,med_onc_note,2023-02-15,en,notes/oncorag-e-0123/med_onc_note/2023-02-15__oncorag-e-note-00123.txt
oncorag-e-0124,oncorag-e-note-00124,med_onc_note,2023-08-17,en,notes/oncorag-e-0124/med_onc_note/2023-08-17__oncorag-e-note-00124.txt
oncorag-e-0125,oncorag-e-note-00125,surgery_followup,2022-10-04,en,notes/oncorag-e-0125/surgery_followup/2022-10-04__oncorag-e-note-00125.txt
oncorag-e-0126,oncorag-e-note-00126,med_onc_note,2024-08-18,en,notes/oncorag-e-0126/med_onc_note/2024-08-18__oncorag-e-note-00126.txt
oncorag-e-0127,oncorag-e-note-00127,rad_onc_followup,2021-07-26,en,notes/oncorag-e-0127/rad_onc_followup/2021-07-26__oncorag-e-note-00127.txt
oncorag-e-0128,oncorag-e-note-00128,rad_onc_followup,2023-12-12,en,notes/oncorag-e-0128/rad_onc_followup/2023-12-12__oncorag-e-note-00128.txt
oncorag-e-0129,oncorag-e-note-00129,surgery_followup,2021-12-20,en,notes/oncorag-e-0129/surgery_followup/2021-12-20__oncorag-e-note-00129.txt
oncorag-e-0130,oncorag-e-note-00130,med_onc_note,2021-06-29,en,notes/oncorag-e-0130/med_onc_note/2021-06-29__oncorag-e-note-00130.txt
oncorag-e-0131,oncorag-e-note-00131,med_onc_note,2021-12-11,en,notes/oncorag-e-0131/med_onc_note/2021-12-11__oncorag-e-note-00131.txt
oncorag-e-0132,oncorag-e-note-00132,med_onc_note,2023-04-21,en,notes/oncorag-e-0132/med_onc_note/2023-04-21__oncorag-e-note-00132.txt
oncorag-e-0133,oncorag-e-note-00133,med_onc_note,2020-01-06,en,notes/oncorag-e-0133/med_onc_note/2020-01-06__oncorag-e-note-00133.txt
oncorag-e-0134,oncorag-e-note-00134,med_onc_note,2022-11-17,en,notes/oncorag-e-0134/med_onc_note/2022-11-17__oncorag-e-note-00134.txt
oncorag-e-0135,oncorag-e-note-00135,rad_onc_followup,2022-06-24,en,notes/oncorag-e-0135/rad_onc_followup/2022-06-24__oncorag-e-note-00135.txt
oncorag-e-0136,oncorag-e-note-00136,rad_onc_followup,2025-04-07,en,notes/oncorag-e-0136/rad_onc_followup/2025-04-07__oncorag-e-note-00136.txt
oncorag-e-0137,oncorag-e-note-00137,med_onc_note,2024-01-07,en,notes/oncorag-e-0137/med_onc_note/2024-01-07__oncorag-e-note-00137.txt
oncorag-e-0138,oncorag-e-note-00138,med_onc_note,2021-01-27,en,notes/oncorag-e-0138/med_onc_note/2021-01-27__oncorag-e-note-00138.txt
oncorag-e-0139,oncorag-e-note-00139,rad_onc_followup,2020-04-13,en,notes/oncorag-e-0139/rad_onc_followup/2020-04-13__oncorag-e-note-00139.txt
oncorag-e-0140,oncorag-e-note-00140,rad_onc_followup,2020-07-23,en,notes/oncorag-e-0140/rad_onc_followup/2020-07-23__oncorag-e-note-00140.txt
oncorag-e-0141,oncorag-e-note-00141,med_onc_note,2023-11-22,en,notes/oncorag-e-0141/med_onc_note/2023-11-22__oncorag-e-note-00141.txt
oncorag-e-0142,oncorag-e-note-00142,med_onc_note,2022-12-26,en,notes/oncorag-e-0142/med_onc_note/2022-12-26__oncorag-e-note-00142.txt
oncorag-e-0143,oncorag-e-note-00143,med_onc_note,2025-07-26,en,notes/oncorag-e-0143/med_onc_note/2025-07-26__oncorag-e-note-00143.txt
oncorag-e-0144,oncorag-e-note-00144,surgery_followup,2022-12-01,en,notes/oncorag-e-0144/surgery_followup/2022-12-01__oncorag-e-note-00144.txt
oncorag-e-0145,oncorag-e-note-00145,rad_onc_followup,2021-07-31,en,notes/oncorag-e-0145/rad_onc_followup/2021-07-31__oncorag-e-note-00145.txt
oncorag-e-0146,oncorag-e-note-00146,med_onc_note,2022-11-23,en,notes/oncorag-e-0146/med_onc_note/2022-11-23__oncorag-e-note-00146.txt
oncorag-e-0147,oncorag-e-note-00147,med_onc_note,2025-05-14,en,notes/oncorag-e-0147/med_onc_note/2025-05-14__oncorag-e-note-00147.txt
oncorag-e-0148,oncorag-e-note-00148,med_onc_note,2021-03-17,en,notes/oncorag-e-0148/med_onc_note/2021-03-17__oncorag-e-note-00148.txt
oncorag-e-0149,oncorag-e-note-00149,med_onc_note,2024-05-25,en,notes/oncorag-e-0149/med_onc_note/2024-05-25__oncorag-e-note-00149.txt
oncorag-e-0150,oncorag-e-note-00150,med_onc_note,2020-09-13,en,notes/oncorag-e-0150/med_onc_note/2020-09-13__oncorag-e-note-00150.txt
oncorag-e-0151,oncorag-e-note-00151,surgery_followup,2024-06-08,en,notes/oncorag-e-0151/surgery_followup/2024-06-08__oncorag-e-note-00151.txt
oncorag-e-0152,oncorag-e-note-00152,med_onc_note,2021-04-27,en,notes/oncorag-e-0152/med_onc_note/2021-04-27__oncorag-e-note-00152.txt
oncorag-e-0153,oncorag-e-note-00153,med_onc_note,2020-08-05,en,notes/oncorag-e-0153/med_onc_note/2020-08-05__oncorag-e-note-00153.txt
oncorag-e-0154,oncorag-e-note-00154,rad_onc_followup,2019-11-26,en,notes/oncorag-e-0154/rad_onc_followup/2019-11-26__oncorag-e-note-00154.txt
oncorag-e-0155,oncorag-e-note-00155,surgery_followup,2021-10-14,en,notes/oncorag-e-0155/surgery_followup/2021-10-14__oncorag-e-note-00155.txt
oncorag-e-0156,oncorag-e-note-00156,surgery_followup,2024-03-06,en,notes/oncorag-e-0156/surgery_followup/2024-03-06__oncorag-e-note-00156.txt
oncorag-e-0157,oncorag-e-note-00157,med_onc_note,2024-03-15,en,notes/oncorag-e-0157/med_onc_note/2024-03-15__oncorag-e-note-00157.txt
oncorag-e-0158,oncorag-e-note-00158,rad_onc_followup,2021-03-28,en,notes/oncorag-e-0158/rad_onc_followup/2021-03-28__oncorag-e-note-00158.txt
oncorag-e-0159,oncorag-e-note-00159,med_onc_note,2022-07-17,en,notes/oncorag-e-0159/med_onc_note/2022-07-17__oncorag-e-note-00159.txt
oncorag-e-0160,oncorag-e-note-00160,med_onc_note,2023-08-14,en,notes/oncorag-e-0160/med_onc_note/2023-08-14__oncorag-e-note-00160.txt
oncorag-e-0161,oncorag-e-note-00161,surgery_followup,2020-12-25,en,notes/oncorag-e-0161/surgery_followup/2020-12-25__oncorag-e-note-00161.txt
oncorag-e-0162,oncorag-e-note-00162,med_onc_note,2024-01-03,en,notes/oncorag-e-0162/med_onc_note/2024-01-03__oncorag-e-note-00162.txt
oncorag-e-0163,oncorag-e-note-00163,med_onc_note,2022-06-17,en,notes/oncorag-e-0163/med_onc_note/2022-06-17__oncorag-e-note-00163.txt
oncorag-e-0164,oncorag-e-note-00164,surgery_followup,2022-04-09,en,notes/oncorag-e-0164/surgery_followup/2022-04-09__oncorag-e-note-00164.txt
oncorag-e-0165,oncorag-e-note-00165,med_onc_note,2022-01-24,en,notes/oncorag-e-0165/med_onc_note/2022-01-24__oncorag-e-note-00165.txt
oncorag-e-0166,oncorag-e-note-00166,rad_onc_followup,2020-01-23,en,notes/oncorag-e-0166/rad_onc_followup/2020-01-23__oncorag-e-note-00166.txt
oncorag-e-0167,oncorag-e-note-00167,surgery_followup,2021-01-06,en,notes/oncorag-e-0167/surgery_followup/2021-01-06__oncorag-e-note-00167.txt
oncorag-e-0168,oncorag-e-note-00168,surgery_followup,2020-12-23,en,notes/oncorag-e-0168/surgery_followup/2020-12-23__oncorag-e-note-00168.txt
oncorag-e-0169,oncorag-e-note-00169,imaging_report,2024-10-12,en,notes/oncorag-e-0169/imaging_report/2024-10-12__oncorag-e-note-00169.txt
oncorag-e-0170,oncorag-e-note-00170,med_onc_note,2023-01-24,en,notes/oncorag-e-0170/med_onc_note/2023-01-24__oncorag-e-note-00170.txt
oncorag-e-0171,oncorag-e-note-00171,surgery_followup,2022-10-31,en,notes/oncorag-e-0171/surgery_followup/2022-10-31__oncorag-e-note-00171.txt
oncorag-e-0172,oncorag-e-note-00172,rad_onc_followup,2020-11-22,en,notes/oncorag-e-0172/rad_onc_followup/2020-11-22__oncorag-e-note-00172.txt
oncorag-e-0173,oncorag-e-note-00173,rad_onc_followup,2022-10-24,en,notes/oncorag-e-0173/rad_onc_followup/2022-10-24__oncorag-e-note-00173.txt
oncorag-e-0174,oncorag-e-note-00174,med_onc_note,2025-03-21,en,notes/oncorag-e-0174/med_onc_note/2025-03-21__oncorag-e-note-00174.txt
oncorag-e-0175,oncorag-e-note-00175,med_onc_note,2020-09-16,en,notes/oncorag-e-0175/med_onc_note/2020-09-16__oncorag-e-note-00175.txt
oncorag-e-0176,oncorag-e-note-00176,surgery_followup,2025-07-01,en,notes/oncorag-e-0176/surgery_followup/2025-07-01__oncorag-e-note-00176.txt
oncorag-e-0177,oncorag-e-note-00177,med_onc_note,2022-04-23,en,notes/oncorag-e-0177/med_onc_note/2022-04-23__oncorag-e-note-00177.txt
oncorag-e-0178,oncorag-e-note-00178,med_onc_note,2024-02-18,en,notes/oncorag-e-0178/med_onc_note/2024-02-18__oncorag-e-note-00178.txt
oncorag-e-0179,oncorag-e-note-00179,rad_onc_followup,2022-10-08,en,notes/oncorag-e-0179/rad_onc_followup/2022-10-08__oncorag-e-note-00179.txt
oncorag-e-0180,oncorag-e-note-00180,imaging_report,2022-07-09,en,notes/oncorag-e-0180/imaging_report/2022-07-09__oncorag-e-note-00180.txt
oncorag-e-0181,oncorag-e-note-00181,med_onc_note,2023-10-15,en,notes/oncorag-e-0181/med_onc_note/2023-10-15__oncorag-e-note-00181.txt
oncorag-e-0182,oncorag-e-note-00182,med_onc_note,2024-03-28,en,notes/oncorag-e-0182/med_onc_note/2024-03-28__oncorag-e-note-00182.txt
oncorag-e-0183,oncorag-e-note-00183,surgery_followup,2023-08-31,en,notes/oncorag-e-0183/surgery_followup/2023-08-31__oncorag-e-note-00183.txt
oncorag-e-0184,oncorag-e-note-00184,med_onc_note,2025-01-14,en,notes/oncorag-e-0184/med_onc_note/2025-01-14__oncorag-e-note-00184.txt
oncorag-e-0185,oncorag-e-note-00185,med_onc_note,2021-09-18,en,notes/oncorag-e-0185/med_onc_note/2021-09-18__oncorag-e-note-00185.txt
oncorag-e-0186,oncorag-e-note-00186,imaging_report,2023-02-05,en,notes/oncorag-e-0186/imaging_report/2023-02-05__oncorag-e-note-00186.txt
oncorag-e-0187,oncorag-e-note-00187,med_onc_note,2020-03-09,en,notes/oncorag-e-0187/med_onc_note/2020-03-09__oncorag-e-note-00187.txt
oncorag-e-0188,oncorag-e-note-00188,med_onc_note,2022-07-10,en,notes/oncorag-e-0188/med_onc_note/2022-07-10__oncorag-e-note-00188.txt
oncorag-e-0189,oncorag-e-note-00189,imaging_report,2024-05-15,en,notes/oncorag-e-0189/imaging_report/2024-05-15__oncorag-e-note-00189.txt
oncorag-e-0190,oncorag-e-note-00190,surgery_followup,2023-12-12,en,notes/oncorag-e-0190/surgery_followup/2023-12-12__oncorag-e-note-00190.txt
oncorag-e-0191,oncorag-e-note-00191,surgery_followup,2021-11-23,en,notes/oncorag-e-0191/surgery_followup/2021-11-23__oncorag-e-note-00191.txt
oncorag-e-0192,oncorag-e-note-00192,surgery_followup,2023-12-29,en,notes/oncorag-e-0192/surgery_followup/2023-12-29__oncorag-e-note-00192.txt
oncorag-e-0193,oncorag-e-note-00193,med_onc_note,2022-03-17,en,notes/oncorag-e-0193/med_onc_note/2022-03-17__oncorag-e-note-00193.txt
oncorag-e-0194,oncorag-e-note-00194,med_onc_note,2025-01-20,en,notes/oncorag-e-0194/med_onc_note/2025-01-20__oncorag-e-note-00194.txt
oncorag-e-0195,oncorag-e-note-00195,surgery_followup,2020-02-10,en,notes/oncorag-e-0195/surgery_followup/2020-02-10__oncorag-e-note-00195.txt
oncorag-e-0196,oncorag-e-note-00196,surgery_followup,2020-06-15,en,notes/oncorag-e-0196/surgery_followup/2020-06-15__oncorag-e-note-00196.txt
oncorag-e-0197,oncorag-e-note-00197,rad_onc_followup,2022-06-30,en,notes/oncorag-e-0197/rad_onc_followup/2022-06-30__oncorag-e-note-00197.txt
oncorag-e-0198,oncorag-e-note-00198,rad_onc_followup,2023-10-05,en,notes/oncorag-e-0198/rad_onc_followup/2023-10-05__oncorag-e-note-00198.txt
oncorag-e-0199,oncorag-e-note-00199,imaging_report,2020-06-18,en,notes/oncorag-e-0199/imaging_report/2020-06-18__oncorag-e-note-00199.txt
oncorag-e-0200,oncorag-e-note-00200,imaging_report,2023-08-31,en,notes/oncorag-e-0200/imaging_report/2023-08-31__oncorag-e-note-00200.txt
oncorag-e-0201,oncorag-e-note-00201,med_onc_note,2022-09-12,en,notes/oncorag-e-0201/med_onc_note/2022-09-12__oncorag-e-note-00201.txt
oncorag-e-0202,oncorag-e-note-00202,med_onc_note,2020-07-12,en,notes/oncorag-e-0202/med_onc_note/2020-07-12__oncorag-e-note-00202.txt
oncorag-e-0203,oncorag-e-note-00203,med_onc_note,2025-09-10,en,notes/oncorag-e-0203/med_onc_note/2025-09-10__oncorag-e-note-00203.txt
oncorag-e-0204,oncorag-e-note-00204,med_onc_note,2024-07-05,en,notes/oncorag-e-0204/med_onc_note/2024-07-05__oncorag-e-note-00204.txt
oncorag-e-0205,oncorag-e-note-00205,med_onc_note,2023-03-07,en,notes/oncorag-e-0205/med_onc_note/2023-03-07__oncorag-e-note-00205.txt
oncorag-e-0206,oncorag-e-note-00206,surgery_followup,2024-09-28,en,notes/oncorag-e-0206/surgery_followup/2024-09-28__oncorag-e-note-00206.txt
oncorag-e-0207,oncorag-e-note-00207,med_onc_note,2024-01-21,en,notes/oncorag-e-0207/med_onc_note/2024-01-21__oncorag-e-note-00207.txt
oncorag-e-0208,oncorag-e-note-00208,rad_onc_followup,2024-11-05,en,notes/oncorag-e-0208/rad_onc_followup/2024-11-05__oncorag-e-note-00208.txt
oncorag-e-0209,oncorag-e-note-00209,med_onc_note,2024-06-30,en,notes/oncorag-e-0209/med_onc_note/2024-06-30__oncorag-e-note-00209.txt
oncorag-e-0210,oncorag-e-note-00210,rad_onc_followup,2022-08-01,en,notes/oncorag-e-0210/rad_onc_followup/2022-08-01__oncorag-e-note-00210.txt
oncorag-e-0211,oncorag-e-note-00211,surgery_followup,2020-03-25,en,notes/oncorag-e-0211/surgery_followup/2020-03-25__oncorag-e-note-00211.txt
oncorag-e-0212,oncorag-e-note-00212,surgery_followup,2025-10-09,en,notes/oncorag-e-0212/surgery_followup/2025-10-09__oncorag-e-note-00212.txt
oncorag-e-0213,oncorag-e-note-00213,surgery_followup,2022-09-30,en,notes/oncorag-e-0213/surgery_followup/2022-09-30__oncorag-e-note-00213.txt
oncorag-e-0214,oncorag-e-note-00214,med_onc_note,2025-01-10,en,notes/oncorag-e-0214/med_onc_note/2025-01-10__oncorag-e-note-00214.txt
oncorag-e-0215,oncorag-e-note-00215,surgery_followup,2024-08-28,en,notes/oncorag-e-0215/surgery_followup/2024-08-28__oncorag-e-note-00215.txt
oncorag-e-0216,oncorag-e-note-00216,med_onc_note,2022-11-23,en,notes/oncorag-e-0216/med_onc_note/2022-11-23__oncorag-e-note-00216.txt
oncorag-e-0217,oncorag-e-note-00217,surgery_followup,2024-01-05,en,notes/oncorag-e-0217/surgery_followup/2024-01-05__oncorag-e-note-00217.txt
oncorag-e-0218,oncorag-e-note-00218,rad_onc_followup,2025-05-15,en,notes/oncorag-e-0218/rad_onc_followup/2025-05-15__oncorag-e-note-00218.txt
oncorag-e-0219,oncorag-e-note-00219,surgery_followup,2025-05-03,en,notes/oncorag-e-0219/surgery_followup/2025-05-03__oncorag-e-note-00219.txt
oncorag-e-0220,oncorag-e-note-00220,rad_onc_followup,2021-01-17,en,notes/oncorag-e-0220/rad_onc_followup/2021-01-17__oncorag-e-note-00220.txt
oncorag-e-0221,oncorag-e-note-00221,med_onc_note,2021-07-22,en,notes/oncorag-e-0221/med_onc_note/2021-07-22__oncorag-e-note-00221.txt
oncorag-e-0222,oncorag-e-note-00222,med_onc_note,2020-09-29,en,notes/oncorag-e-0222/med_onc_note/2020-09-29__oncorag-e-note-00222.txt
oncorag-e-0223,oncorag-e-note-00223,med_onc_note,2021-01-20,en,notes/oncorag-e-0223/med_onc_note/2021-01-20__oncorag-e-note-00223.txt
oncorag-e-0224,oncorag-e-note-00224,rad_onc_followup,2020-04-03,en,notes/oncorag-e-0224/rad_onc_followup/2020-04-03__oncorag-e-note-00224.txt
oncorag-e-0225,oncorag-e-note-00225,med_onc_note,2025-03-21,en,notes/oncorag-e-0225/med_onc_note/2025-03-21__oncorag-e-note-00225.txt
oncorag-e-0226,oncorag-e-note-00226,med_onc_note,2021-05-22,en,notes/oncorag-e-0226/med_onc_note/2021-05-22__oncorag-e-note-00226.txt
oncorag-e-0227,oncorag-e-note-00227,med_onc_note,2023-06-18,en,notes/oncorag-e-0227/med_onc_note/2023-06-18__oncorag-e-note-00227.txt
oncorag-e-0228,oncorag-e-note-00228,med_onc_note,2025-10-30,en,notes/oncorag-e-0228/med_onc_note/2025-10-30__oncorag-e-note-00228.txt
oncorag-e-0229,oncorag-e-note-00229,rad_onc_followup,2024-02-23,en,notes/oncorag-e-0229/rad_onc_followup/2024-02-23__oncorag-e-note-00229.txt
oncorag-e-0230,oncorag-e-note-00230,rad_onc_followup,2020-08-15,en,notes/oncorag-e-0230/rad_onc_followup/2020-08-15__oncorag-e-note-00230.txt
oncorag-e-0231,oncorag-e-note-00231,med_onc_note,2025-05-26,en,notes/oncorag-e-0231/med_onc_note/2025-05-26__oncorag-e-note-00231.txt
oncorag-e-0232,oncorag-e-note-00232,med_onc_note,2020-06-07,en,notes/oncorag-e-0232/med_onc_note/2020-06-07__oncorag-e-note-00232.txt
oncorag-e-0233,oncorag-e-note-00233,surgery_followup,2022-06-28,en,notes/oncorag-e-0233/surgery_followup/2022-06-28__oncorag-e-note-00233.txt
oncorag-e-0234,oncorag-e-note-00234,med_onc_note,2021-07-06,en,notes/oncorag-e-0234/med_onc_note/2021-07-06__oncorag-e-note-00234.txt
oncorag-e-0235,oncorag-e-note-00235,rad_onc_followup,2025-02-17,en,notes/oncorag-e-0235/rad_onc_followup/2025-02-17__oncorag-e-note-00235.txt
oncorag-e-0236,oncorag-e-note-00236,med_onc_note,2020-05-30,en,notes/oncorag-e-0236/med_onc_note/2020-05-30__oncorag-e-note-00236.txt
oncorag-e-0237,oncorag-e-note-00237,surgery_followup,2025-01-22,en,notes/oncorag-e-0237/surgery_followup/2025-01-22__oncorag-e-note-00237.txt
oncorag-e-0238,oncorag-e-note-00238,rad_onc_followup,2023-10-22,en,notes/oncorag-e-0238/rad_onc_followup/2023-10-22__oncorag-e-note-00238.txt
oncorag-e-0239,oncorag-e-note-00239,surgery_followup,2022-03-23,en,notes/oncorag-e-0239/surgery_followup/2022-03-23__oncorag-e-note-00239.txt
oncorag-e-0240,oncorag-e-note-00240,med_onc_note,2025-09-25,en,notes/oncorag-e-0240/med_onc_note/2025-09-25__oncorag-e-note-00240.txt
oncorag-e-0241,oncorag-e-note-00241,med_onc_note,2025-08-09,en,notes/oncorag-e-0241/med_onc_note/2025-08-09__oncorag-e-note-00241.txt
oncorag-e-0242,oncorag-e-note-00242,med_onc_note,2022-08-03,en,notes/oncorag-e-0242/med_onc_note/2022-08-03__oncorag-e-note-00242.txt
oncorag-e-0243,oncorag-e-note-00243,med_onc_note,2022-03-16,en,notes/oncorag-e-0243/med_onc_note/2022-03-16__oncorag-e-note-00243.txt
oncorag-e-0244,oncorag-e-note-00244,med_onc_note,2022-03-04,en,notes/oncorag-e-0244/med_onc_note/2022-03-04__oncorag-e-note-00244.txt
oncorag-e-0245,oncorag-e-note-00245,surgery_followup,2022-09-05,en,notes/oncorag-e-0245/surgery_followup/2022-09-05__oncorag-e-note-00245.txt
oncorag-e-0246,oncorag-e-note-00246,rad_onc_followup,2025-09-01,en,notes/oncorag-e-0246/rad_onc_followup/2025-09-01__oncorag-e-note-00246.txt
oncorag-e-0247,oncorag-e-note-00247,surgery_followup,2025-03-07,en,notes/oncorag-e-0247/surgery_followup/2025-03-07__oncorag-e-note-00247.txt
oncorag-e-0248,oncorag-e-note-00248,surgery_followup,2021-06-18,en,notes/oncorag-e-0248/surgery_followup/2021-06-18__oncorag-e-note-00248.txt
oncorag-e-0249,oncorag-e-note-00249,med_onc_note,2022-10-12,en,notes/oncorag-e-0249/med_onc_note/2022-10-12__oncorag-e-note-00249.txt
oncorag-e-0250,oncorag-e-note-00250,surgery_followup,2022-02-28,en,notes/oncorag-e-0250/surgery_followup/2022-02-28__oncorag-e-note-00250.txt
oncorag-e-0251,oncorag-e-note-00251,surgery_followup,2025-03-08,en,notes/oncorag-e-0251/surgery_followup/2025-03-08__oncorag-e-note-00251.txt
oncorag-e-0252,oncorag-e-note-00252,rad_onc_followup,2023-12-01,en,notes/oncorag-e-0252/rad_onc_followup/2023-12-01__oncorag-e-note-00252.txt
oncorag-e-0253,oncorag-e-note-00253,imaging_report,2022-12-18,en,notes/oncorag-e-0253/imaging_report/2022-12-18__oncorag-e-note-00253.txt
oncorag-e-0254,oncorag-e-note-00254,surgery_followup,2023-07-31,en,notes/oncorag-e-0254/surgery_followup/2023-07-31__oncorag-e-note-00254.txt
oncorag-e-0255,oncorag-e-note-00255,med_onc_note,2023-02-25,en,notes/oncorag-e-0255/med_onc_note/2023-02-25__oncorag-e-note-00255.txt
oncorag-e-0256,oncorag-e-note-00256,med_onc_note,2023-08-22,en,notes/oncorag-e-0256/med_onc_note/2023-08-22__oncorag-e-note-00256.txt
oncorag-e-0257,oncorag-e-note-00257,med_onc_note,2021-01-29,en,notes/oncorag-e-0257/med_onc_note/2021-01-29__oncorag-e-note-00257.txt
oncorag-e-0258,oncorag-e-note-00258,med_onc_note,2019-12-03,en,notes/oncorag-e-0258/med_onc_note/2019-12-03__oncorag-e-note-00258.txt
oncorag-e-0259,oncorag-e-note-00259,imaging_report,2020-11-26,en,notes/oncorag-e-0259/imaging_report/2020-11-26__oncorag-e-note-00259.txt
oncorag-e-0260,oncorag-e-note-00260,med_onc_note,2023-11-12,en,notes/oncorag-e-0260/med_onc_note/2023-11-12__oncorag-e-note-00260.txt
oncorag-e-0261,oncorag-e-note-00261,med_onc_note,2022-04-13,en,notes/oncorag-e-0261/med_onc_note/2022-04-13__oncorag-e-note-00261.txt
oncorag-e-0262,oncorag-e-note-00262,med_onc_note,2024-03-18,en,notes/oncorag-e-0262/med_onc_note/2024-03-18__oncorag-e-note-00262.txt
oncorag-e-0263,oncorag-e-note-00263,med_onc_note,2024-09-21,en,notes/oncorag-e-0263/med_onc_note/2024-09-21__oncorag-e-note-00263.txt
oncorag-e-0264,oncorag-e-note-00264,rad_onc_followup,2023-03-13,en,notes/oncorag-e-0264/rad_onc_followup/2023-03-13__oncorag-e-note-00264.txt
oncorag-e-0265,oncorag-e-note-00265,surgery_followup,2024-11-19,en,notes/oncorag-e-0265/surgery_followup/2024-11-19__oncorag-e-note-00265.txt
oncorag-e-0266,oncorag-e-note-00266,surgery_followup,2021-06-18,en,notes/oncorag-e-0266/surgery_followup/2021-06-18__oncorag-e-note-00266.txt
oncorag-e-0267,oncorag-e-note-00267,med_onc_note,2021-03-30,en,notes/oncorag-e-0267/med_onc_note/2021-03-30__oncorag-e-note-00267.txt
oncorag-e-0268,oncorag-e-note-00268,surgery_followup,2023-09-20,en,notes/oncorag-e-0268/surgery_followup/2023-09-20__oncorag-e-note-00268.txt
oncorag-e-0269,oncorag-e-note-00269,rad_onc_followup,2021-01-19,en,notes/oncorag-e-0269/rad_onc_followup/2021-01-19__oncorag-e-note-00269.txt
oncorag-e-0270,oncorag-e-note-00270,med_onc_note,2021-10-24,en,notes/oncorag-e-0270/med_onc_note/2021-10-24__oncorag-e-note-00270.txt
oncorag-e-0271,oncorag-e-note-00271,med_onc_note,2022-02-08,en,notes/oncorag-e-0271/med_onc_note/2022-02-08__oncorag-e-note-00271.txt
oncorag-e-0272,oncorag-e-note-00272,med_onc_note,2022-04-08,en,notes/oncorag-e-0272/med_onc_note/2022-04-08__oncorag-e-note-00272.txt
oncorag-e-0273,oncorag-e-note-00273,med_onc_note,2023-09-03,en,notes/oncorag-e-0273/med_onc_note/2023-09-03__oncorag-e-note-00273.txt
oncorag-e-0274,oncorag-e-note-00274,rad_onc_followup,2025-10-25,en,notes/oncorag-e-0274/rad_onc_followup/2025-10-25__oncorag-e-note-00274.txt
oncorag-e-0275,oncorag-e-note-00275,med_onc_note,2022-04-27,en,notes/oncorag-e-0275/med_onc_note/2022-04-27__oncorag-e-note-00275.txt
oncorag-e-0276,oncorag-e-note-00276,surgery_followup,2021-07-04,en,notes/oncorag-e-0276/surgery_followup/2021-07-04__oncorag-e-note-00276.txt
oncorag-e-0277,oncorag-e-note-00277,rad_onc_followup,2024-03-21,en,notes/oncorag-e-0277/rad_onc_followup/2024-03-21__oncorag-e-note-00277.txt
oncorag-e-0278,oncorag-e-note-00278,med_onc_note,2023-08-22,en,notes/oncorag-e-0278/med_onc_note/2023-08-22__oncorag-e-note-00278.txt
oncorag-e-0279,oncorag-e-note-00279,med_onc_note,2025-06-15,en,notes/oncorag-e-0279/med_onc_note/2025-06-15__oncorag-e-note-00279.txt
oncorag-e-0280,oncorag-e-note-00280,imaging_report,2022-05-25,en,notes/oncorag-e-0280/imaging_report/2022-05-25__oncorag-e-note-00280.txt
oncorag-e-0281,oncorag-e-note-00281,med_onc_note,2024-10-26,en,notes/oncorag-e-0281/med_onc_note/2024-10-26__oncorag-e-note-00281.txt
oncorag-e-0282,oncorag-e-note-00282,imaging_report,2020-05-27,en,notes/oncorag-e-0282/imaging_report/2020-05-27__oncorag-e-note-00282.txt
oncorag-e-0283,oncorag-e-note-00283,med_onc_note,2021-01-11,en,notes/oncorag-e-0283/med_onc_note/2021-01-11__oncorag-e-note-00283.txt
oncorag-e-0284,oncorag-e-note-00284,rad_onc_followup,2022-06-24,en,notes/oncorag-e-0284/rad_onc_followup/2022-06-24__oncorag-e-note-00284.txt
oncorag-e-0285,oncorag-e-note-00285,med_onc_note,2021-02-13,en,notes/oncorag-e-0285/med_onc_note/2021-02-13__oncorag-e-note-00285.txt
oncorag-e-0286,oncorag-e-note-00286,rad_onc_followup,2020-09-09,en,notes/oncorag-e-0286/rad_onc_followup/2020-09-09__oncorag-e-note-00286.txt
oncorag-e-0287,oncorag-e-note-00287,surgery_followup,2024-12-31,en,notes/oncorag-e-0287/surgery_followup/2024-12-31__oncorag-e-note-00287.txt
oncorag-e-0288,oncorag-e-note-00288,surgery_followup,2021-01-18,en,notes/oncorag-e-0288/surgery_followup/2021-01-18__oncorag-e-note-00288.txt
oncorag-e-0289,oncorag-e-note-00289,rad_onc_followup,2020-04-26,en,notes/oncorag-e-0289/rad_onc_followup/2020-04-26__oncorag-e-note-00289.txt
oncorag-e-0290,oncorag-e-note-00290,med_onc_note,2024-06-05,en,notes/oncorag-e-0290/med_onc_note/2024-06-05__oncorag-e-note-00290.txt
oncorag-e-0291,oncorag-e-note-00291,surgery_followup,2020-12-12,en,notes/oncorag-e-0291/surgery_followup/2020-12-12__oncorag-e-note-00291.txt
oncorag-e-0292,oncorag-e-note-00292,rad_onc_followup,2020-07-07,en,notes/oncorag-e-0292/rad_onc_followup/2020-07-07__oncorag-e-note-00292.txt
oncorag-e-0293,oncorag-e-note-00293,med_onc_note,2023-02-23,en,notes/oncorag-e-0293/med_onc_note/2023-02-23__oncorag-e-note-00293.txt
oncorag-e-0294,oncorag-e-note-00294,med_onc_note,2022-09-22,en,notes/oncorag-e-0294/med_onc_note/2022-09-22__oncorag-e-note-00294.txt
oncorag-e-0295,oncorag-e-note-00295,med_onc_note,2024-12-22,en,notes/oncorag-e-0295/med_onc_note/2024-12-22__oncorag-e-note-00295.txt
oncorag-e-0296,oncorag-e-note-00296,surgery_followup,2019-12-22,en,notes/oncorag-e-0296/surgery_followup/2019-12-22__oncorag-e-note-00296.txt
oncorag-e-0297,oncorag-e-note-00297,surgery_followup,2023-09-14,en,notes/oncorag-e-0297/surgery_followup/2023-09-14__oncorag-e-note-00297.txt
oncorag-e-0298,oncorag-e-note-00298,med_onc_note,2024-06-16,en,notes/oncorag-e-0298/med_onc_note/2024-06-16__oncorag-e-note-00298.txt
oncorag-e-0299,oncorag-e-note-00299,rad_onc_followup,2025-10-10,en,notes/oncorag-e-0299/rad_onc_followup/2025-10-10__oncorag-e-note-00299.txt
oncorag-e-0300,oncorag-e-note-00300,rad_onc_followup,2024-06-27,en,notes/oncorag-e-0300/rad_onc_followup/2024-06-27__oncorag-e-note-00300.txt
oncorag-e-0301,oncorag-e-note-00301,rad_onc_followup,2022-03-24,en,notes/oncorag-e-0301/rad_onc_followup/2022-03-24__oncorag-e-note-00301.txt
oncorag-e-0302,oncorag-e-note-00302,med_onc_note,2022-03-18,en,notes/oncorag-e-0302/med_onc_note/2022-03-18__oncorag-e-note-00302.txt
oncorag-e-0303,oncorag-e-note-00303,med_onc_note,2021-06-05,en,notes/oncorag-e-0303/med_onc_note/2021-06-05__oncorag-e-note-00303.txt
oncorag-e-0304,oncorag-e-note-00304,med_onc_note,2025-01-27,en,notes/oncorag-e-0304/med_onc_note/2025-01-27__oncorag-e-note-00304.txt
oncorag-e-0305,oncorag-e-note-00305,imaging_report,2021-06-03,en,notes/oncorag-e-0305/imaging_report/2021-06-03__oncorag-e-note-00305.txt
oncorag-e-0306,oncorag-e-note-00306,med_onc_note,2022-04-03,en,notes/oncorag-e-0306/med_onc_note/2022-04-03__oncorag-e-note-00306.txt
oncorag-e-0307,oncorag-e-note-00307,med_onc_note,2021-09-01,en,notes/oncorag-e-0307/med_onc_note/2021-09-01__oncorag-e-note-00307.txt
oncorag-e-0308,oncorag-e-note-00308,med_onc_note,2023-11-03,en,notes/oncorag-e-0308/med_onc_note/2023-11-03__oncorag-e-note-00308.txt
oncorag-e-0309,oncorag-e-note-00309,med_onc_note,2024-08-30,en,notes/oncorag-e-0309/med_onc_note/2024-08-30__oncorag-e-note-00309.txt
oncorag-e-0310,oncorag-e-note-00310,med_onc_note,2022-12-01,en,notes/oncorag-e-0310/med_onc_note/2022-12-01__oncorag-e-note-00310.txt
oncorag-e-0311,oncorag-e-note-00311,med_onc_note,2020-11-04,en,notes/oncorag-e-0311/med_onc_note/2020-11-04__oncorag-e-note-00311.txt
oncorag-e-0312,oncorag-e-note-00312,rad_onc_followup,2019-12-20,en,notes/oncorag-e-0312/rad_onc_followup/2019-12-20__oncorag-e-note-00312.txt
oncorag-e-0313,oncorag-e-note-00313,med_onc_note,2023-06-30,en,notes/oncorag-e-0313/med_onc_note/2023-06-30__oncorag-e-note-00313.txt
oncorag-e-0314,oncorag-e-note-00314,med_onc_note,2022-05-23,en,notes/oncorag-e-0314/med_onc_note/2022-05-23__oncorag-e-note-00314.txt
oncorag-e-0315,oncorag-e-note-00315,med_onc_note,2023-06-27,en,notes/oncorag-e-0315/med_onc_note/2023-06-27__oncorag-e-note-00315.txt
oncorag-e-0316,oncorag-e-note-00316,med_onc_note,2025-11-18,en,notes/oncorag-e-0316/med_onc_note/2025-11-18__oncorag-e-note-00316.txt
oncorag-e-0317,oncorag-e-note-00317,med_onc_note,2023-04-29,en,notes/oncorag-e-0317/med_onc_note/2023-04-29__oncorag-e-note-00317.txt
oncorag-e-0318,oncorag-e-note-00318,med_onc_note,2021-02-23,en,notes/oncorag-e-0318/med_onc_note/2021-02-23__oncorag-e-note-00318.txt
oncorag-e-0319,oncorag-e-note-00319,surgery_followup,2023-02-01,en,notes/oncorag-e-0319/surgery_followup/2023-02-01__oncorag-e-note-00319.txt
oncorag-e-0320,oncorag-e-note-00320,med_onc_note,2021-05-24,en,notes/oncorag-e-0320/med_onc_note/2021-05-24__oncorag-e-note-00320.txt
oncorag-e-0321,oncorag-e-note-00321,med_onc_note,2021-05-27,en,notes/oncorag-e-0321/med_onc_note/2021-05-27__oncorag-e-note-00321.txt
oncorag-e-0322,oncorag-e-note-00322,rad_onc_followup,2019-12-01,en,notes/oncorag-e-0322/rad_onc_followup/2019-12-01__oncorag-e-note-00322.txt
oncorag-e-0323,oncorag-e-note-00323,med_onc_note,2020-03-03,en,notes/oncorag-e-0323/med_onc_note/2020-03-03__oncorag-e-note-00323.txt
oncorag-e-0324,oncorag-e-note-00324,surgery_followup,2020-10-17,en,notes/oncorag-e-0324/surgery_followup/2020-10-17__oncorag-e-note-00324.txt
oncorag-e-0325,oncorag-e-note-00325,med_onc_note,2023-04-17,en,notes/oncorag-e-0325/med_onc_note/2023-04-17__oncorag-e-note-00325.txt
oncorag-e-0326,oncorag-e-note-00326,med_onc_note,2025-05-25,en,notes/oncorag-e-0326/med_onc_note/2025-05-25__oncorag-e-note-00326.txt
oncorag-e-0327,oncorag-e-note-00327,imaging_report,2025-08-18,en,notes/oncorag-e-0327/imaging_report/2025-08-18__oncorag-e-note-00327.txt
oncorag-e-0328,oncorag-e-note-00328,surgery_followup,2021-04-12,en,notes/oncorag-e-0328/surgery_followup/2021-04-12__oncorag-e-note-00328.txt
oncorag-e-0329,oncorag-e-note-00329,med_onc_note,2024-04-02,en,notes/oncorag-e-0329/med_onc_note/2024-04-02__oncorag-e-note-00329.txt
oncorag-e-0330,oncorag-e-note-00330,surgery_followup,2022-01-12,en,notes/oncorag-e-0330/surgery_followup/2022-01-12__oncorag-e-note-00330.txt
oncorag-e-0331,oncorag-e-note-00331,imaging_report,2021-04-03,en,notes/oncorag-e-0331/imaging_report/2021-04-03__oncorag-e-note-00331.txt
oncorag-e-0332,oncorag-e-note-00332,rad_onc_followup,2024-05-19,en,notes/oncorag-e-0332/rad_onc_followup/2024-05-19__oncorag-e-note-00332.txt
oncorag-e-0333,oncorag-e-note-00333,rad_onc_followup,2020-03-23,en,notes/oncorag-e-0333/rad_onc_followup/2020-03-23__oncorag-e-note-00333.txt
oncorag-e-0334,oncorag-e-note-00334,imaging_report,2020-05-19,en,notes/oncorag-e-0334/imaging_report/2020-05-19__oncorag-e-note-00334.txt
oncorag-e-0335,oncorag-e-note-00335,surgery_followup,2023-06-23,en,notes/oncorag-e-0335/surgery_followup/2023-06-23__oncorag-e-note-00335.txt
oncorag-e-0336,oncorag-e-note-00336,imaging_report,2021-06-12,en,notes/oncorag-e-0336/imaging_report/2021-06-12__oncorag-e-note-00336.txt
oncorag-e-0337,oncorag-e-note-00337,med_onc_note,2021-03-27,en,notes/oncorag-e-0337/med_onc_note/2021-03-27__oncorag-e-note-00337.txt
oncorag-e-0338,oncorag-e-note-00338,surgery_followup,2024-05-03,en,notes/oncorag-e-0338/surgery_followup/2024-05-03__oncorag-e-note-00338.txt
oncorag-e-0339,oncorag-e-note-00339,rad_onc_followup,2020-10-14,en,notes/oncorag-e-0339/rad_onc_followup/2020-10-14__oncorag-e-note-00339.txt
oncorag-e-0340,oncorag-e-note-00340,rad_onc_followup,2020-10-29,en,notes/oncorag-e-0340/rad_onc_followup/2020-10-29__oncorag-e-note-00340.txt
oncorag-e-0341,oncorag-e-note-00341,surgery_followup,2020-10-22,en,notes/oncorag-e-0341/surgery_followup/2020-10-22__oncorag-e-note-00341.txt
oncorag-e-0342,oncorag-e-note-00342,surgery_followup,2025-11-24,en,notes/oncorag-e-0342/surgery_followup/2025-11-24__oncorag-e-note-00342.txt
oncorag-e-0343,oncorag-e-note-00343,med_onc_note,2022-04-19,en,notes/oncorag-e-0343/med_onc_note/2022-04-19__oncorag-e-note-00343.txt
oncorag-e-0344,oncorag-e-note-00344,med_onc_note,2020-07-19,en,notes/oncorag-e-0344/med_onc_note/2020-07-19__oncorag-e-note-00344.txt
oncorag-e-0345,oncorag-e-note-00345,surgery_followup,2023-01-26,en,notes/oncorag-e-0345/surgery_followup/2023-01-26__oncorag-e-note-00345.txt
oncorag-e-0346,oncorag-e-note-00346,med_onc_note,2020-08-05,en,notes/oncorag-e-0346/med_onc_note/2020-08-05__oncorag-e-note-00346.txt
oncorag-e-0347,oncorag-e-note-00347,med_onc_note,2022-02-17,en,notes/oncorag-e-0347/med_onc_note/2022-02-17__oncorag-e-note-00347.txt
oncorag-e-0348,oncorag-e-note-00348,med_onc_note,2025-03-02,en,notes/oncorag-e-0348/med_onc_note/2025-03-02__oncorag-e-note-00348.txt
oncorag-e-0349,oncorag-e-note-00349,med_onc_note,2025-06-16,en,notes/oncorag-e-0349/med_onc_note/2025-06-16__oncorag-e-note-00349.txt
oncorag-e-0350,oncorag-e-note-00350,med_onc_note,2022-10-21,en,notes/oncorag-e-0350/med_onc_note/2022-10-21__oncorag-e-note-00350.txt
oncorag-e-0351,oncorag-e-note-00351,med_onc_note,2022-09-05,en,notes/oncorag-e-0351/med_onc_note/2022-09-05__oncorag-e-note-00351.txt
oncorag-e-0352,oncorag-e-note-00352,imaging_report,2020-12-15,en,notes/oncorag-e-0352/imaging_report/2020-12-15__oncorag-e-note-00352.txt
oncorag-e-0353,oncorag-e-note-00353,surgery_followup,2020-07-18,en,notes/oncorag-e-0353/surgery_followup/2020-07-18__oncorag-e-note-00353.txt
oncorag-e-0354,oncorag-e-note-00354,med_onc_note,2022-10-03,en,notes/oncorag-e-0354/med_onc_note/2022-10-03__oncorag-e-note-00354.txt
oncorag-e-0355,oncorag-e-note-00355,med_onc_note,2022-12-10,en,notes/oncorag-e-0355/med_onc_note/2022-12-10__oncorag-e-note-00355.txt
oncorag-e-0356,oncorag-e-note-00356,rad_onc_followup,2025-03-18,en,notes/oncorag-e-0356/rad_onc_followup/2025-03-18__oncorag-e-note-00356.txt
oncorag-e-0357,oncorag-e-note-00357,med_onc_note,2021-11-29,en,notes/oncorag-e-0357/med_onc_note/2021-11-29__oncorag-e-note-00357.txt
oncorag-e-0358,oncorag-e-note-00358,rad_onc_followup,2023-02-26,en,notes/oncorag-e-0358/rad_onc_followup/2023-02-26__oncorag-e-note-00358.txt
oncorag-e-0359,oncorag-e-note-00359,med_onc_note,2025-05-20,en,notes/oncorag-e-0359/med_onc_note/2025-05-20__oncorag-e-note-00359.txt
oncorag-e-0360,oncorag-e-note-00360,med_onc_note,2025-06-17,en,notes/oncorag-e-0360/med_onc_note/2025-06-17__oncorag-e-note-00360.txt
oncorag-e-0361,oncorag-e-note-00361,surgery_followup,2025-02-15,en,notes/oncorag-e-0361/surgery_followup/2025-02-15__oncorag-e-note-00361.txt
oncorag-e-0362,oncorag-e-note-00362,surgery_followup,2023-04-16,en,notes/oncorag-e-0362/surgery_followup/2023-04-16__oncorag-e-note-00362.txt
oncorag-e-0363,oncorag-e-note-00363,med_onc_note,2024-07-30,en,notes/oncorag-e-0363/med_onc_note/2024-07-30__oncorag-e-note-00363.txt
oncorag-e-0364,oncorag-e-note-00364,surgery_followup,2020-10-10,en,notes/oncorag-e-0364/surgery_followup/2020-10-10__oncorag-e-note-00364.txt
oncorag-e-0365,oncorag-e-note-00365,med_onc_note,2020-01-07,en,notes/oncorag-e-0365/med_onc_note/2020-01-07__oncorag-e-note-00365.txt
oncorag-e-0366,oncorag-e-note-00366,rad_onc_followup,2025-10-15,en,notes/oncorag-e-0366/rad_onc_followup/2025-10-15__oncorag-e-note-00366.txt
oncorag-e-0367,oncorag-e-note-00367,surgery_followup,2024-08-25,en,notes/oncorag-e-0367/surgery_followup/2024-08-25__oncorag-e-note-00367.txt
oncorag-e-0368,oncorag-e-note-00368,med_onc_note,2024-11-17,en,notes/oncorag-e-0368/med_onc_note/2024-11-17__oncorag-e-note-00368.txt
oncorag-e-0369,oncorag-e-note-00369,surgery_followup,2022-11-19,en,notes/oncorag-e-0369/surgery_followup/2022-11-19__oncorag-e-note-00369.txt
oncorag-e-0370,oncorag-e-note-00370,med_onc_note,2020-08-13,en,notes/oncorag-e-0370/med_onc_note/2020-08-13__oncorag-e-note-00370.txt
oncorag-e-0371,oncorag-e-note-00371,med_onc_note,2024-09-13,en,notes/oncorag-e-0371/med_onc_note/2024-09-13__oncorag-e-note-00371.txt
oncorag-e-0372,oncorag-e-note-00372,surgery_followup,2022-04-19,en,notes/oncorag-e-0372/surgery_followup/2022-04-19__oncorag-e-note-00372.txt
oncorag-e-0373,oncorag-e-note-00373,rad_onc_followup,2024-03-21,en,notes/oncorag-e-0373/rad_onc_followup/2024-03-21__oncorag-e-note-00373.txt
oncorag-e-0374,oncorag-e-note-00374,med_onc_note,2021-06-25,en,notes/oncorag-e-0374/med_onc_note/2021-06-25__oncorag-e-note-00374.txt
oncorag-e-0375,oncorag-e-note-00375,med_onc_note,2020-03-19,en,notes/oncorag-e-0375/med_onc_note/2020-03-19__oncorag-e-note-00375.txt
oncorag-e-0376,oncorag-e-note-00376,med_onc_note,2025-09-27,en,notes/oncorag-e-0376/med_onc_note/2025-09-27__oncorag-e-note-00376.txt
oncorag-e-0377,oncorag-e-note-00377,rad_onc_followup,2023-08-13,en,notes/oncorag-e-0377/rad_onc_followup/2023-08-13__oncorag-e-note-00377.txt
oncorag-e-0378,oncorag-e-note-00378,med_onc_note,2020-02-26,en,notes/oncorag-e-0378/med_onc_note/2020-02-26__oncorag-e-note-00378.txt
oncorag-e-0379,oncorag-e-note-00379,surgery_followup,2025-02-19,en,notes/oncorag-e-0379/surgery_followup/2025-02-19__oncorag-e-note-00379.txt
oncorag-e-0380,oncorag-e-note-00380,surgery_followup,2022-12-08,en,notes/oncorag-e-0380/surgery_followup/2022-12-08__oncorag-e-note-00380.txt
oncorag-e-0381,oncorag-e-note-00381,surgery_followup,2021-09-27,en,notes/oncorag-e-0381/surgery_followup/2021-09-27__oncorag-e-note-00381.txt
oncorag-e-0382,oncorag-e-note-00382,rad_onc_followup,2021-10-29,en,notes/oncorag-e-0382/rad_onc_followup/2021-10-29__oncorag-e-note-00382.txt
oncorag-e-0383,oncorag-e-note-00383,med_onc_note,2022-08-20,en,notes/oncorag-e-0383/med_onc_note/2022-08-20__oncorag-e-note-00383.txt
oncorag-e-0384,oncorag-e-note-00384,med_onc_note,2021-02-05,en,notes/oncorag-e-0384/med_onc_note/2021-02-05__oncorag-e-note-00384.txt
oncorag-e-0385,oncorag-e-note-00385,med_onc_note,2022-02-01,en,notes/oncorag-e-0385/med_onc_note/2022-02-01__oncorag-e-note-00385.txt
oncorag-e-0386,oncorag-e-note-00386,med_onc_note,2024-06-27,en,notes/oncorag-e-0386/med_onc_note/2024-06-27__oncorag-e-note-00386.txt
oncorag-e-0387,oncorag-e-note-00387,surgery_followup,2020-05-04,en,notes/oncorag-e-0387/surgery_followup/2020-05-04__oncorag-e-note-00387.txt
oncorag-e-0388,oncorag-e-note-00388,med_onc_note,2021-06-30,en,notes/oncorag-e-0388/med_onc_note/2021-06-30__oncorag-e-note-00388.txt
oncorag-e-0389,oncorag-e-note-00389,med_onc_note,2019-12-15,en,notes/oncorag-e-0389/med_onc_note/2019-12-15__oncorag-e-note-00389.txt
oncorag-e-0390,oncorag-e-note-00390,med_onc_note,2025-08-07,en,notes/oncorag-e-0390/med_onc_note/2025-08-07__oncorag-e-note-00390.txt
oncorag-e-0391,oncorag-e-note-00391,rad_onc_followup,2021-12-04,en,notes/oncorag-e-0391/rad_onc_followup/2021-12-04__oncorag-e-note-00391.txt
oncorag-e-0392,oncorag-e-note-00392,med_onc_note,2024-05-30,en,notes/oncorag-e-0392/med_onc_note/2024-05-30__oncorag-e-note-00392.txt
oncorag-e-0393,oncorag-e-note-00393,med_onc_note,2024-10-27,en,notes/oncorag-e-0393/med_onc_note/2024-10-27__oncorag-e-note-00393.txt
oncorag-e-0394,oncorag-e-note-00394,med_onc_note,2025-06-05,en,notes/oncorag-e-0394/med_onc_note/2025-06-05__oncorag-e-note-00394.txt
oncorag-e-0395,oncorag-e-note-00395,med_onc_note,2020-11-03,en,notes/oncorag-e-0395/med_onc_note/2020-11-03__oncorag-e-note-00395.txt
oncorag-e-0396,oncorag-e-note-00396,imaging_report,2020-10-30,en,notes/oncorag-e-0396/imaging_report/2020-10-30__oncorag-e-note-00396.txt
oncorag-e-0397,oncorag-e-note-00397,med_onc_note,2022-05-23,en,notes/oncorag-e-0397/med_onc_note/2022-05-23__oncorag-e-note-00397.txt
oncorag-e-0398,oncorag-e-note-00398,rad_onc_followup,2023-12-22,en,notes/oncorag-e-0398/rad_onc_followup/2023-12-22__oncorag-e-note-00398.txt
oncorag-e-0399,oncorag-e-note-00399,med_onc_note,2024-11-04,en,notes/oncorag-e-0399/med_onc_note/2024-11-04__oncorag-e-note-00399.txt
oncorag-e-0400,oncorag-e-note-00400,surgery_followup,2025-04-18,en,notes/oncorag-e-0400/surgery_followup/2025-04-18__oncorag-e-note-00400.txt
oncorag-e-0401,oncorag-e-note-00401,rad_onc_followup,2019-12-18,en,notes/oncorag-e-0401/rad_onc_followup/2019-12-18__oncorag-e-note-00401.txt
oncorag-e-0402,oncorag-e-note-00402,med_onc_note,2025-04-19,en,notes/oncorag-e-0402/med_onc_note/2025-04-19__oncorag-e-note-00402.txt
oncorag-e-0403,oncorag-e-note-00403,surgery_followup,2022-12-30,en,notes/oncorag-e-0403/surgery_followup/2022-12-30__oncorag-e-note-00403.txt
oncorag-e-0404,oncorag-e-note-00404,rad_onc_followup,2022-06-06,en,notes/oncorag-e-0404/rad_onc_followup/2022-06-06__oncorag-e-note-00404.txt
oncorag-e-0405,oncorag-e-note-00405,rad_onc_followup,2024-12-15,en,notes/oncorag-e-0405/rad_onc_followup/2024-12-15__oncorag-e-note-00405.txt
oncorag-e-0406,oncorag-e-note-00406,rad_onc_followup,2020-05-16,en,notes/oncorag-e-0406/rad_onc_followup/2020-05-16__oncorag-e-note-00406.txt
oncorag-e-0407,oncorag-e-note-00407,rad_onc_followup,2022-01-13,en,notes/oncorag-e-0407/rad_onc_followup/2022-01-13__oncorag-e-note-00407.txt
oncorag-e-0408,oncorag-e-note-00408,med_onc_note,2020-10-30,en,notes/oncorag-e-0408/med_onc_note/2020-10-30__oncorag-e-note-00408.txt
oncorag-e-0409,oncorag-e-note-00409,med_onc_note,2024-01-22,en,notes/oncorag-e-0409/med_onc_note/2024-01-22__oncorag-e-note-00409.txt
oncorag-e-0410,oncorag-e-note-00410,surgery_followup,2024-03-27,en,notes/oncorag-e-0410/surgery_followup/2024-03-27__oncorag-e-note-00410.txt
oncorag-e-0411,oncorag-e-note-00411,surgery_followup,2020-03-31,en,notes/oncorag-e-0411/surgery_followup/2020-03-31__oncorag-e-note-00411.txt
oncorag-e-0412,oncorag-e-note-00412,rad_onc_followup,2020-02-11,en,notes/oncorag-e-0412/rad_onc_followup/2020-02-11__oncorag-e-note-00412.txt
oncorag-e-0413,oncorag-e-note-00413,med_onc_note,2020-06-27,en,notes/oncorag-e-0413/med_onc_note/2020-06-27__oncorag-e-note-00413.txt
oncorag-e-0414,oncorag-e-note-00414,med_onc_note,2020-04-15,en,notes/oncorag-e-0414/med_onc_note/2020-04-15__oncorag-e-note-00414.txt
oncorag-e-0415,oncorag-e-note-00415,med_onc_note,2020-12-05,en,notes/oncorag-e-0415/med_onc_note/2020-12-05__oncorag-e-note-00415.txt
oncorag-e-0416,oncorag-e-note-00416,med_onc_note,2025-01-01,en,notes/oncorag-e-0416/med_onc_note/2025-01-01__oncorag-e-note-00416.txt
oncorag-e-0417,oncorag-e-note-00417,surgery_followup,2021-02-15,en,notes/oncorag-e-0417/surgery_followup/2021-02-15__oncorag-e-note-00417.txt
oncorag-e-0418,oncorag-e-note-00418,surgery_followup,2025-07-15,en,notes/oncorag-e-0418/surgery_followup/2025-07-15__oncorag-e-note-00418.txt
oncorag-e-0419,oncorag-e-note-00419,rad_onc_followup,2021-07-12,en,notes/oncorag-e-0419/rad_onc_followup/2021-07-12__oncorag-e-note-00419.txt
oncorag-e-0420,oncorag-e-note-00420,surgery_followup,2025-04-28,en,notes/oncorag-e-0420/surgery_followup/2025-04-28__oncorag-e-note-00420.txt
oncorag-e-0421,oncorag-e-note-00421,med_onc_note,2024-06-27,en,notes/oncorag-e-0421/med_onc_note/2024-06-27__oncorag-e-note-00421.txt
oncorag-e-0422,oncorag-e-note-00422,med_onc_note,2020-10-11,en,notes/oncorag-e-0422/med_onc_note/2020-10-11__oncorag-e-note-00422.txt
oncorag-e-0423,oncorag-e-note-00423,med_onc_note,2020-05-30,en,notes/oncorag-e-0423/med_onc_note/2020-05-30__oncorag-e-note-00423.txt
oncorag-e-0424,oncorag-e-note-00424,imaging_report,2024-02-12,en,notes/oncorag-e-0424/imaging_report/2024-02-12__oncorag-e-note-00424.txt
oncorag-e-0425,oncorag-e-note-00425,surgery_followup,2021-11-03,en,notes/oncorag-e-0425/surgery_followup/2021-11-03__oncorag-e-note-00425.txt
oncorag-e-0426,oncorag-e-note-00426,med_onc_note,2025-01-30,en,notes/oncorag-e-0426/med_onc_note/2025-01-30__oncorag-e-note-00426.txt
oncorag-e-0427,oncorag-e-note-00427,med_onc_note,2020-09-10,en,notes/oncorag-e-0427/med_onc_note/2020-09-10__oncorag-e-note-00427.txt
oncorag-e-0428,oncorag-e-note-00428,med_onc_note,2020-05-10,en,notes/oncorag-e-0428/med_onc_note/2020-05-10__oncorag-e-note-00428.txt
oncorag-e-0429,oncorag-e-note-00429,surgery_followup,2025-09-28,en,notes/oncorag-e-0429/surgery_followup/2025-09-28__oncorag-e-note-00429.txt
oncorag-e-0430,oncorag-e-note-00430,surgery_followup,2023-06-27,en,notes/oncorag-e-0430/surgery_followup/2023-06-27__oncorag-e-note-00430.txt
oncorag-e-0431,oncorag-e-note-00431,surgery_followup,2021-08-27,en,notes/oncorag-e-0431/surgery_followup/2021-08-27__oncorag-e-note-00431.txt
oncorag-e-0432,oncorag-e-note-00432,surgery_followup,2025-10-13,en,notes/oncorag-e-0432/surgery_followup/2025-10-13__oncorag-e-note-00432.txt
oncorag-e-0433,oncorag-e-note-00433,med_onc_note,2020-04-21,en,notes/oncorag-e-0433/med_onc_note/2020-04-21__oncorag-e-note-00433.txt
oncorag-e-0434,oncorag-e-note-00434,med_onc_note,2020-11-19,en,notes/oncorag-e-0434/med_onc_note/2020-11-19__oncorag-e-note-00434.txt
oncorag-e-0435,oncorag-e-note-00435,med_onc_note,2021-12-25,en,notes/oncorag-e-0435/med_onc_note/2021-12-25__oncorag-e-note-00435.txt
oncorag-e-0436,oncorag-e-note-00436,med_onc_note,2023-07-11,en,notes/oncorag-e-0436/med_onc_note/2023-07-11__oncorag-e-note-00436.txt
oncorag-e-0437,oncorag-e-note-00437,rad_onc_followup,2021-07-11,en,notes/oncorag-e-0437/rad_onc_followup/2021-07-11__oncorag-e-note-00437.txt
oncorag-e-0438,oncorag-e-note-00438,med_onc_note,2022-01-11,en,notes/oncorag-e-0438/med_onc_note/2022-01-11__oncorag-e-note-00438.txt
oncorag-e-0439,oncorag-e-note-00439,rad_onc_followup,2021-09-26,en,notes/oncorag-e-0439/rad_onc_followup/2021-09-26__oncorag-e-note-00439.txt
oncorag-e-0440,oncorag-e-note-00440,med_onc_note,2024-08-23,en,notes/oncorag-e-0440/med_onc_note/2024-08-23__oncorag-e-note-00440.txt
oncorag-e-0441,oncorag-e-note-00441,med_onc_note,2022-09-28,en,notes/oncorag-e-0441/med_onc_note/2022-09-28__oncorag-e-note-00441.txt
oncorag-e-0442,oncorag-e-note-00442,med_onc_note,2022-10-29,en,notes/oncorag-e-0442/med_onc_note/2022-10-29__oncorag-e-note-00442.txt
oncorag-e-0443,oncorag-e-note-00443,med_onc_note,2020-03-10,en,notes/oncorag-e-0443/med_onc_note/2020-03-10__oncorag-e-note-00443.txt
oncorag-e-0444,oncorag-e-note-00444,med_onc_note,2025-08-06,en,notes/oncorag-e-0444/med_onc_note/2025-08-06__oncorag-e-note-00444.txt
oncorag-e-0445,oncorag-e-note-00445,med_onc_note,2021-10-02,en,notes/oncorag-e-0445/med_onc_note/2021-10-02__oncorag-e-note-00445.txt
oncorag-e-0446,oncorag-e-note-00446,surgery_followup,2022-11-02,en,notes/oncorag-e-0446/surgery_followup/2022-11-02__oncorag-e-note-00446.txt
oncorag-e-0447,oncorag-e-note-00447,imaging_report,2023-02-01,en,notes/oncorag-e-0447/imaging_report/2023-02-01__oncorag-e-note-00447.txt
oncorag-e-0448,oncorag-e-note-00448,surgery_followup,2023-04-03,en,notes/oncorag-e-0448/surgery_followup/2023-04-03__oncorag-e-note-00448.txt
oncorag-e-0449,oncorag-e-note-00449,med_onc_note,2025-09-03,en,notes/oncorag-e-0449/med_onc_note/2025-09-03__oncorag-e-note-00449.txt
oncorag-e-0450,oncorag-e-note-00450,med_onc_note,2024-03-13,en,notes/oncorag-e-0450/med_onc_note/2024-03-13__oncorag-e-note-00450.txt
oncorag-e-0451,oncorag-e-note-00451,imaging_report,2023-03-24,en,notes/oncorag-e-0451/imaging_report/2023-03-24__oncorag-e-note-00451.txt
oncorag-e-0452,oncorag-e-note-00452,imaging_report,2023-11-20,en,notes/oncorag-e-0452/imaging_report/2023-11-20__oncorag-e-note-00452.txt
oncorag-e-0453,oncorag-e-note-00453,med_onc_note,2021-07-15,en,notes/oncorag-e-0453/med_onc_note/2021-07-15__oncorag-e-note-00453.txt
oncorag-e-0454,oncorag-e-note-00454,rad_onc_followup,2025-01-25,en,notes/oncorag-e-0454/rad_onc_followup/2025-01-25__oncorag-e-note-00454.txt
oncorag-e-0455,oncorag-e-note-00455,med_onc_note,2025-03-23,en,notes/oncorag-e-0455/med_onc_note/2025-03-23__oncorag-e-note-00455.txt
oncorag-e-0456,oncorag-e-note-00456,med_onc_note,2024-05-16,en,notes/oncorag-e-0456/med_onc_note/2024-05-16__oncorag-e-note-00456.txt
oncorag-e-0457,oncorag-e-note-00457,surgery_followup,2021-01-03,en,notes/oncorag-e-0457/surgery_followup/2021-01-03__oncorag-e-note-00457.txt
oncorag-e-0458,oncorag-e-note-00458,med_onc_note,2022-09-09,en,notes/oncorag-e-0458/med_onc_note/2022-09-09__oncorag-e-note-00458.txt
oncorag-e-0459,oncorag-e-note-00459,med_onc_note,2024-02-11,en,notes/oncorag-e-0459/med_onc_note/2024-02-11__oncorag-e-note-00459.txt
oncorag-e-0460,oncorag-e-note-00460,surgery_followup,2021-06-17,en,notes/oncorag-e-0460/surgery_followup/2021-06-17__oncorag-e-note-00460.txt
oncorag-e-0461,oncorag-e-note-00461,med_onc_note,2024-03-12,en,notes/oncorag-e-0461/med_onc_note/2024-03-12__oncorag-e-note-00461.txt
oncorag-e-0462,oncorag-e-note-00462,med_onc_note,2023-09-13,en,notes/oncorag-e-0462/med_onc_note/2023-09-13__oncorag-e-note-00462.txt
oncorag-e-0463,oncorag-e-note-00463,med_onc_note,2025-07-22,en,notes/oncorag-e-0463/med_onc_note/2025-07-22__oncorag-e-note-00463.txt
oncorag-e-0464,oncorag-e-note-00464,surgery_followup,2021-10-27,en,notes/oncorag-e-0464/surgery_followup/2021-10-27__oncorag-e-note-00464.txt
oncorag-e-0465,oncorag-e-note-00465,surgery_followup,2021-03-12,en,notes/oncorag-e-0465/surgery_followup/2021-03-12__oncorag-e-note-00465.txt
oncorag-e-0466,oncorag-e-note-00466,surgery_followup,2020-12-02,en,notes/oncorag-e-0466/surgery_followup/2020-12-02__oncorag-e-note-00466.txt
oncorag-e-0467,oncorag-e-note-00467,med_onc_note,2022-09-29,en,notes/oncorag-e-0467/med_onc_note/2022-09-29__oncorag-e-note-00467.txt
oncorag-e-0468,oncorag-e-note-00468,med_onc_note,2021-06-15,en,notes/oncorag-e-0468/med_onc_note/2021-06-15__oncorag-e-note-00468.txt
oncorag-e-0469,oncorag-e-note-00469,med_onc_note,2021-09-16,en,notes/oncorag-e-0469/med_onc_note/2021-09-16__oncorag-e-note-00469.txt
oncorag-e-0470,oncorag-e-note-00470,med_onc_note,2020-12-29,en,notes/oncorag-e-0470/med_onc_note/2020-12-29__oncorag-e-note-00470.txt
oncorag-e-0471,oncorag-e-note-00471,surgery_followup,2021-03-18,en,notes/oncorag-e-0471/surgery_followup/2021-03-18__oncorag-e-note-00471.txt
oncorag-e-0472,oncorag-e-note-00472,surgery_followup,2024-09-02,en,notes/oncorag-e-0472/surgery_followup/2024-09-02__oncorag-e-note-00472.txt
oncorag-e-0473,oncorag-e-note-00473,surgery_followup,2024-08-24,en,notes/oncorag-e-0473/surgery_followup/2024-08-24__oncorag-e-note-00473.txt
oncorag-e-0474,oncorag-e-note-00474,med_onc_note,2021-10-01,en,notes/oncorag-e-0474/med_onc_note/2021-10-01__oncorag-e-note-00474.txt
oncorag-e-0475,oncorag-e-note-00475,imaging_report,2021-10-12,en,notes/oncorag-e-0475/imaging_report/2021-10-12__oncorag-e-note-00475.txt
oncorag-e-0476,oncorag-e-note-00476,rad_onc_followup,2024-07-03,en,notes/oncorag-e-0476/rad_onc_followup/2024-07-03__oncorag-e-note-00476.txt
oncorag-e-0477,oncorag-e-note-00477,med_onc_note,2020-03-09,en,notes/oncorag-e-0477/med_onc_note/2020-03-09__oncorag-e-note-00477.txt
oncorag-e-0478,oncorag-e-note-00478,med_onc_note,2023-07-03,en,notes/oncorag-e-0478/med_onc_note/2023-07-03__oncorag-e-note-00478.txt
oncorag-e-0479,oncorag-e-note-00479,surgery_followup,2020-08-05,en,notes/oncorag-e-0479/surgery_followup/2020-08-05__oncorag-e-note-00479.txt
oncorag-e-0480,oncorag-e-note-00480,surgery_followup,2020-12-25,en,notes/oncorag-e-0480/surgery_followup/2020-12-25__oncorag-e-note-00480.txt
oncorag-e-0481,oncorag-e-note-00481,rad_onc_followup,2024-07-31,en,notes/oncorag-e-0481/rad_onc_followup/2024-07-31__oncorag-e-note-00481.txt
oncorag-e-0482,oncorag-e-note-00482,med_onc_note,2022-05-23,en,notes/oncorag-e-0482/med_onc_note/2022-05-23__oncorag-e-note-00482.txt
oncorag-e-0483,oncorag-e-note-00483,rad_onc_followup,2023-03-08,en,notes/oncorag-e-0483/rad_onc_followup/2023-03-08__oncorag-e-note-00483.txt
oncorag-e-0484,oncorag-e-note-00484,surgery_followup,2021-10-05,en,notes/oncorag-e-0484/surgery_followup/2021-10-05__oncorag-e-note-00484.txt
oncorag-e-0485,oncorag-e-note-00485,med_onc_note,2020-12-04,en,notes/oncorag-e-0485/med_onc_note/2020-12-04__oncorag-e-note-00485.txt
oncorag-e-0486,oncorag-e-note-00486,rad_onc_followup,2021-12-22,en,notes/oncorag-e-0486/rad_onc_followup/2021-12-22__oncorag-e-note-00486.txt
oncorag-e-0487,oncorag-e-note-00487,med_onc_note,2024-12-18,en,notes/oncorag-e-0487/med_onc_note/2024-12-18__oncorag-e-note-00487.txt
oncorag-e-0488,oncorag-e-note-00488,med_onc_note,2025-09-08,en,notes/oncorag-e-0488/med_onc_note/2025-09-08__oncorag-e-note-00488.txt
oncorag-e-0489,oncorag-e-note-00489,med_onc_note,2020-06-18,en,notes/oncorag-e-0489/med_onc_note/2020-06-18__oncorag-e-note-00489.txt
oncorag-e-0001,oncorag-e-note-00490,rad_onc_followup,2020-08-21,en,notes/oncorag-e-0001/rad_onc_followup/2020-08-21__oncorag-e-note-00490.txt
oncorag-e-0002,oncorag-e-note-00491,rad_onc_followup,2022-09-10,en,notes/oncorag-e-0002/rad_onc_followup/2022-09-10__oncorag-e-note-00491.txt
oncorag-e-0003,oncorag-e-note-00492,rad_onc_followup,2024-01-09,en,notes/oncorag-e-0003/rad_onc_followup/2024-01-09__oncorag-e-note-00492.txt
oncorag-e-0004,oncorag-e-note-00493,med_onc_note,2024-09-11,en,notes/oncorag-e-0004/med_onc_note/2024-09-11__oncorag-e-note-00493.txt
oncorag-e-0005,oncorag-e-note-00494,rad_onc_followup,2020-05-24,en,notes/oncorag-e-0005/rad_onc_followup/2020-05-24__oncorag-e-note-00494.txt
oncorag-e-0006,oncorag-e-note-00495,rad_onc_followup,2025-08-03,en,notes/oncorag-e-0006/rad_onc_followup/2025-08-03__oncorag-e-note-00495.txt
oncorag-e-0007,oncorag-e-note-00496,rad_onc_followup,2022-12-04,en,notes/oncorag-e-0007/rad_onc_followup/2022-12-04__oncorag-e-note-00496.txt
oncorag-e-0008,oncorag-e-note-00497,rad_onc_followup,2021-05-01,en,notes/oncorag-e-0008/rad_onc_followup/2021-05-01__oncorag-e-note-00497.txt
oncorag-e-0009,oncorag-e-note-00498,rad_onc_followup,2021-11-02,en,notes/oncorag-e-0009/rad_onc_followup/2021-11-02__oncorag-e-note-00498.txt
oncorag-e-0010,oncorag-e-note-00499,lab_report,2021-12-22,en,notes/oncorag-e-0010/lab_report/2021-12-22__oncorag-e-note-00499.txt
oncorag-e-0011,oncorag-e-note-00500,rad_onc_followup,2022-03-23,en,notes/oncorag-e-0011/rad_onc_followup/2022-03-23__oncorag-e-note-00500.txt
oncorag-e-0012,oncorag-e-note-00501,rad_onc_followup,2020-03-07,en,notes/oncorag-e-0012/rad_onc_followup/2020-03-07__oncorag-e-note-00501.txt
oncorag-e-0013,oncorag-e-note-00502,rad_onc_followup,2023-12-03,en,notes/oncorag-e-0013/rad_onc_followup/2023-12-03__oncorag-e-note-00502.txt
oncorag-e-0014,oncorag-e-note-00503,rad_onc_followup,2025-05-21,en,notes/oncorag-e-0014/rad_onc_followup/2025-05-21__oncorag-e-note-00503.txt
oncorag-e-0015,oncorag-e-note-00504,rad_onc_followup,2022-05-09,en,notes/oncorag-e-0015/rad_onc_followup/2022-05-09__oncorag-e-note-00504.txt
oncorag-e-0016,oncorag-e-note-00505,rad_onc_followup,2025-07-07,en,notes/oncorag-e-0016/rad_onc_followup/2025-07-07__oncorag-e-note-00505.txt
oncorag-e-0017,oncorag-e-note-00506,rad_onc_followup,2020-11-07,en,notes/oncorag-e-0017/rad_onc_followup/2020-11-07__oncorag-e-note-00506.txt
oncorag-e-0018,oncorag-e-note-00507,rad_onc_followup,2020-03-23,en,notes/oncorag-e-0018/rad_onc_followup/2020-03-23__oncorag-e-note-00507.txt
oncorag-e-0019,oncorag-e-note-00508,rad_onc_followup,2026-01-13,en,notes/oncorag-e-0019/rad_onc_followup/2026-01-13__oncorag-e-note-00508.txt
oncorag-e-0020,oncorag-e-note-00509,med_onc_note,2024-05-18,en,notes/oncorag-e-0020/med_onc_note/2024-05-18__oncorag-e-note-00509.txt
oncorag-e-0021,oncorag-e-note-00510,med_onc_note,2021-02-24,en,notes/oncorag-e-0021/med_onc_note/2021-02-24__oncorag-e-note-00510.txt
oncorag-e-0022,oncorag-e-note-00511,lab_report,2020-08-21,en,notes/oncorag-e-0022/lab_report/2020-08-21__oncorag-e-note-00511.txt
oncorag-e-0023,oncorag-e-note-00512,rad_onc_followup,2023-03-03,en,notes/oncorag-e-0023/rad_onc_followup/2023-03-03__oncorag-e-note-00512.txt
oncorag-e-0024,oncorag-e-note-00513,rad_onc_followup,2023-12-10,en,notes/oncorag-e-0024/rad_onc_followup/2023-12-10__oncorag-e-note-00513.txt
oncorag-e-0025,oncorag-e-note-00514,med_onc_note,2024-05-13,en,notes/oncorag-e-0025/med_onc_note/2024-05-13__oncorag-e-note-00514.txt
oncorag-e-0026,oncorag-e-note-00515,rad_onc_followup,2020-03-17,en,notes/oncorag-e-0026/rad_onc_followup/2020-03-17__oncorag-e-note-00515.txt
oncorag-e-0027,oncorag-e-note-00516,lab_report,2021-11-07,en,notes/oncorag-e-0027/lab_report/2021-11-07__oncorag-e-note-00516.txt
oncorag-e-0028,oncorag-e-note-00517,med_onc_note,2024-02-21,en,notes/oncorag-e-0028/med_onc_note/2024-02-21__oncorag-e-note-00517.txt
oncorag-e-0029,oncorag-e-note-00518,med_onc_note,2025-08-22,en,notes/oncorag-e-0029/med_onc_note/2025-08-22__oncorag-e-note-00518.txt
oncorag-e-0030,oncorag-e-note-00519,rad_onc_followup,2024-05-20,en,notes/oncorag-e-0030/rad_onc_followup/2024-05-20__oncorag-e-note-00519.txt
oncorag-e-0031,oncorag-e-note-00520,rad_onc_followup,2020-02-29,en,notes/oncorag-e-0031/rad_onc_followup/2020-02-29__oncorag-e-note-00520.txt
oncorag-e-0032,oncorag-e-note-00521,rad_onc_followup,2024-12-10,en,notes/oncorag-e-0032/rad_onc_followup/2024-12-10__oncorag-e-note-00521.txt
oncorag-e-0033,oncorag-e-note-00522,rad_onc_followup,2020-11-13,en,notes/oncorag-e-0033/rad_onc_followup/2020-11-13__oncorag-e-note-00522.txt
oncorag-e-0034,oncorag-e-note-00523,rad_onc_followup,2023-10-15,en,notes/oncorag-e-0034/rad_onc_followup/2023-10-15__oncorag-e-note-00523.txt
oncorag-e-0035,oncorag-e-note-00524,med_onc_note,2024-02-08,en,notes/oncorag-e-0035/med_onc_note/2024-02-08__oncorag-e-note-00524.txt
oncorag-e-0036,oncorag-e-note-00525,rad_onc_followup,2022-12-07,en,notes/oncorag-e-0036/rad_onc_followup/2022-12-07__oncorag-e-note-00525.txt
oncorag-e-0037,oncorag-e-note-00526,lab_report,2025-09-06,en,notes/oncorag-e-0037/lab_report/2025-09-06__oncorag-e-note-00526.txt
oncorag-e-0038,oncorag-e-note-00527,rad_onc_followup,2023-08-13,en,notes/oncorag-e-0038/rad_onc_followup/2023-08-13__oncorag-e-note-00527.txt
oncorag-e-0039,oncorag-e-note-00528,rad_onc_followup,2021-06-05,en,notes/oncorag-e-0039/rad_onc_followup/2021-06-05__oncorag-e-note-00528.txt
oncorag-e-0040,oncorag-e-note-00529,rad_onc_followup,2022-03-26,en,notes/oncorag-e-0040/rad_onc_followup/2022-03-26__oncorag-e-note-00529.txt
oncorag-e-0041,oncorag-e-note-00530,rad_onc_followup,2020-08-29,en,notes/oncorag-e-0041/rad_onc_followup/2020-08-29__oncorag-e-note-00530.txt
oncorag-e-0042,oncorag-e-note-00531,rad_onc_followup,2021-11-24,en,notes/oncorag-e-0042/rad_onc_followup/2021-11-24__oncorag-e-note-00531.txt
oncorag-e-0043,oncorag-e-note-00532,rad_onc_followup,2023-08-24,en,notes/oncorag-e-0043/rad_onc_followup/2023-08-24__oncorag-e-note-00532.txt
oncorag-e-0044,oncorag-e-note-00533,med_onc_note,2022-06-19,en,notes/oncorag-e-0044/med_onc_note/2022-06-19__oncorag-e-note-00533.txt
oncorag-e-0045,oncorag-e-note-00534,med_onc_note,2021-05-11,en,notes/oncorag-e-0045/med_onc_note/2021-05-11__oncorag-e-note-00534.txt
oncorag-e-0046,oncorag-e-note-00535,rad_onc_followup,2025-12-20,en,notes/oncorag-e-0046/rad_onc_followup/2025-12-20__oncorag-e-note-00535.txt
oncorag-e-0047,oncorag-e-note-00536,rad_onc_followup,2023-06-24,en,notes/oncorag-e-0047/rad_onc_followup/2023-06-24__oncorag-e-note-00536.txt
oncorag-e-0048,oncorag-e-note-00537,rad_onc_followup,2020-10-05,en,notes/oncorag-e-0048/rad_onc_followup/2020-10-05__oncorag-e-note-00537.txt
oncorag-e-0049,oncorag-e-note-00538,rad_onc_followup,2024-07-20,en,notes/oncorag-e-0049/rad_onc_followup/2024-07-20__oncorag-e-note-00538.txt
oncorag-e-0050,oncorag-e-note-00539,rad_onc_followup,2021-11-18,en,notes/oncorag-e-0050/rad_onc_followup/2021-11-18__oncorag-e-note-00539.txt
oncorag-e-0051,oncorag-e-note-00540,rad_onc_followup,2020-12-21,en,notes/oncorag-e-0051/rad_onc_followup/2020-12-21__oncorag-e-note-00540.txt
oncorag-e-0052,oncorag-e-note-00541,rad_onc_followup,2025-11-20,en,notes/oncorag-e-0052/rad_onc_followup/2025-11-20__oncorag-e-note-00541.txt
oncorag-e-0053,oncorag-e-note-00542,rad_onc_followup,2021-04-02,en,notes/oncorag-e-0053/rad_onc_followup/2021-04-02__oncorag-e-note-00542.txt
oncorag-e-0054,oncorag-e-note-00543,med_onc_note,2021-08-27,en,notes/oncorag-e-0054/med_onc_note/2021-08-27__oncorag-e-note-00543.txt
oncorag-e-0055,oncorag-e-note-00544,rad_onc_followup,2025-11-05,en,notes/oncorag-e-0055/rad_onc_followup/2025-11-05__oncorag-e-note-00544.txt
oncorag-e-0056,oncorag-e-note-00545,rad_onc_followup,2020-01-21,en,notes/oncorag-e-0056/rad_onc_followup/2020-01-21__oncorag-e-note-00545.txt
oncorag-e-0057,oncorag-e-note-00546,lab_report,2021-12-22,en,notes/oncorag-e-0057/lab_report/2021-12-22__oncorag-e-note-00546.txt
oncorag-e-0058,oncorag-e-note-00547,rad_onc_followup,2024-07-05,en,notes/oncorag-e-0058/rad_onc_followup/2024-07-05__oncorag-e-note-00547.txt
oncorag-e-0059,oncorag-e-note-00548,rad_onc_followup,2022-05-08,en,notes/oncorag-e-0059/rad_onc_followup/2022-05-08__oncorag-e-note-00548.txt
oncorag-e-0060,oncorag-e-note-00549,rad_onc_followup,2021-07-25,en,notes/oncorag-e-0060/rad_onc_followup/2021-07-25__oncorag-e-note-00549.txt
oncorag-e-0061,oncorag-e-note-00550,rad_onc_followup,2024-09-24,en,notes/oncorag-e-0061/rad_onc_followup/2024-09-24__oncorag-e-note-00550.txt
oncorag-e-0062,oncorag-e-note-00551,rad_onc_followup,2021-03-05,en,notes/oncorag-e-0062/rad_onc_followup/2021-03-05__oncorag-e-note-00551.txt
oncorag-e-0063,oncorag-e-note-00552,rad_onc_followup,2020-03-14,en,notes/oncorag-e-0063/rad_onc_followup/2020-03-14__oncorag-e-note-00552.txt
oncorag-e-0064,oncorag-e-note-00553,rad_onc_followup,2020-10-28,en,notes/oncorag-e-0064/rad_onc_followup/2020-10-28__oncorag-e-note-00553.txt
oncorag-e-0065,oncorag-e-note-00554,rad_onc_followup,2021-08-02,en,notes/oncorag-e-0065/rad_onc_followup/2021-08-02__oncorag-e-note-00554.txt
oncorag-e-0066,oncorag-e-note-00555,rad_onc_followup,2022-02-27,en,notes/oncorag-e-0066/rad_onc_followup/2022-02-27__oncorag-e-note-00555.txt
oncorag-e-0067,oncorag-e-note-00556,rad_onc_followup,2025-07-19,en,notes/oncorag-e-0067/rad_onc_followup/2025-07-19__oncorag-e-note-00556.txt
oncorag-e-0068,oncorag-e-note-00557,med_onc_note,2025-05-07,en,notes/oncorag-e-0068/med_onc_note/2025-05-07__oncorag-e-note-00557.txt
oncorag-e-0069,oncorag-e-note-00558,rad_onc_followup,2020-07-04,en,notes/oncorag-e-0069/rad_onc_followup/2020-07-04__oncorag-e-note-00558.txt
oncorag-e-0070,oncorag-e-note-00559,rad_onc_followup,2023-03-18,en,notes/oncorag-e-0070/rad_onc_followup/2023-03-18__oncorag-e-note-00559.txt
oncorag-e-0071,oncorag-e-note-00560,rad_onc_followup,2024-01-27,en,notes/oncorag-e-0071/rad_onc_followup/2024-01-27__oncorag-e-note-00560.txt
oncorag-e-0072,oncorag-e-note-00561,rad_onc_followup,2021-12-21,en,notes/oncorag-e-0072/rad_onc_followup/2021-12-21__oncorag-e-note-00561.txt
oncorag-e-0073,oncorag-e-note-00562,rad_onc_followup,2020-06-13,en,notes/oncorag-e-0073/rad_onc_followup/2020-06-13__oncorag-e-note-00562.txt
oncorag-e-0074,oncorag-e-note-00563,med_onc_note,2020-03-29,en,notes/oncorag-e-0074/med_onc_note/2020-03-29__oncorag-e-note-00563.txt
oncorag-e-0075,oncorag-e-note-00564,rad_onc_followup,2022-07-08,en,notes/oncorag-e-0075/rad_onc_followup/2022-07-08__oncorag-e-note-00564.txt
oncorag-e-0076,oncorag-e-note-00565,lab_report,2025-05-31,en,notes/oncorag-e-0076/lab_report/2025-05-31__oncorag-e-note-00565.txt
oncorag-e-0077,oncorag-e-note-00566,med_onc_note,2023-07-30,en,notes/oncorag-e-0077/med_onc_note/2023-07-30__oncorag-e-note-00566.txt
oncorag-e-0078,oncorag-e-note-00567,rad_onc_followup,2022-09-27,en,notes/oncorag-e-0078/rad_onc_followup/2022-09-27__oncorag-e-note-00567.txt
oncorag-e-0079,oncorag-e-note-00568,med_onc_note,2023-11-21,en,notes/oncorag-e-0079/med_onc_note/2023-11-21__oncorag-e-note-00568.txt
oncorag-e-0080,oncorag-e-note-00569,rad_onc_followup,2020-04-05,en,notes/oncorag-e-0080/rad_onc_followup/2020-04-05__oncorag-e-note-00569.txt
oncorag-e-0081,oncorag-e-note-00570,rad_onc_followup,2020-03-21,en,notes/oncorag-e-0081/rad_onc_followup/2020-03-21__oncorag-e-note-00570.txt
oncorag-e-0082,oncorag-e-note-00571,lab_report,2020-12-06,en,notes/oncorag-e-0082/lab_report/2020-12-06__oncorag-e-note-00571.txt
oncorag-e-0083,oncorag-e-note-00572,med_onc_note,2021-11-08,en,notes/oncorag-e-0083/med_onc_note/2021-11-08__oncorag-e-note-00572.txt
oncorag-e-0084,oncorag-e-note-00573,rad_onc_followup,2025-02-22,en,notes/oncorag-e-0084/rad_onc_followup/2025-02-22__oncorag-e-note-00573.txt
oncorag-e-0085,oncorag-e-note-00574,rad_onc_followup,2025-02-10,en,notes/oncorag-e-0085/rad_onc_followup/2025-02-10__oncorag-e-note-00574.txt
oncorag-e-0086,oncorag-e-note-00575,rad_onc_followup,2023-11-13,en,notes/oncorag-e-0086/rad_onc_followup/2023-11-13__oncorag-e-note-00575.txt
oncorag-e-0087,oncorag-e-note-00576,rad_onc_followup,2022-12-05,en,notes/oncorag-e-0087/rad_onc_followup/2022-12-05__oncorag-e-note-00576.txt
oncorag-e-0088,oncorag-e-note-00577,rad_onc_followup,2023-10-23,en,notes/oncorag-e-0088/rad_onc_followup/2023-10-23__oncorag-e-note-00577.txt
oncorag-e-0089,oncorag-e-note-00578,rad_onc_followup,2024-01-21,en,notes/oncorag-e-0089/rad_onc_followup/2024-01-21__oncorag-e-note-00578.txt
oncorag-e-0090,oncorag-e-note-00579,med_onc_note,2021-05-25,en,notes/oncorag-e-0090/med_onc_note/2021-05-25__oncorag-e-note-00579.txt
oncorag-e-0091,oncorag-e-note-00580,rad_onc_followup,2021-01-10,en,notes/oncorag-e-0091/rad_onc_followup/2021-01-10__oncorag-e-note-00580.txt
oncorag-e-0092,oncorag-e-note-00581,med_onc_note,2021-04-01,en,notes/oncorag-e-0092/med_onc_note/2021-04-01__oncorag-e-note-00581.txt
oncorag-e-0093,oncorag-e-note-00582,rad_onc_followup,2025-05-07,en,notes/oncorag-e-0093/rad_onc_followup/2025-05-07__oncorag-e-note-00582.txt
oncorag-e-0094,oncorag-e-note-00583,rad_onc_followup,2021-09-16,en,notes/oncorag-e-0094/rad_onc_followup/2021-09-16__oncorag-e-note-00583.txt
oncorag-e-0095,oncorag-e-note-00584,rad_onc_followup,2020-03-05,en,notes/oncorag-e-0095/rad_onc_followup/2020-03-05__oncorag-e-note-00584.txt
oncorag-e-0096,oncorag-e-note-00585,lab_report,2023-03-13,en,notes/oncorag-e-0096/lab_report/2023-03-13__oncorag-e-note-00585.txt
oncorag-e-0097,oncorag-e-note-00586,rad_onc_followup,2020-06-23,en,notes/oncorag-e-0097/rad_onc_followup/2020-06-23__oncorag-e-note-00586.txt
oncorag-e-0098,oncorag-e-note-00587,rad_onc_followup,2020-10-29,en,notes/oncorag-e-0098/rad_onc_followup/2020-10-29__oncorag-e-note-00587.txt
oncorag-e-0099,oncorag-e-note-00588,rad_onc_followup,2023-06-20,en,notes/oncorag-e-0099/rad_onc_followup/2023-06-20__oncorag-e-note-00588.txt
oncorag-e-0100,oncorag-e-note-00589,rad_onc_followup,2025-04-13,en,notes/oncorag-e-0100/rad_onc_followup/2025-04-13__oncorag-e-note-00589.txt
oncorag-e-0101,oncorag-e-note-00590,rad_onc_followup,2023-08-29,en,notes/oncorag-e-0101/rad_onc_followup/2023-08-29__oncorag-e-note-00590.txt
oncorag-e-0102,oncorag-e-note-00591,rad_onc_followup,2023-09-18,en,notes/oncorag-e-0102/rad_onc_followup/2023-09-18__oncorag-e-note-00591.txt
oncorag-e-0103,oncorag-e-note-00592,rad_onc_followup,2023-07-04,en,notes/oncorag-e-0103/rad_onc_followup/2023-07-04__oncorag-e-note-00592.txt
oncorag-e-0104,oncorag-e-note-00593,rad_onc_followup,2025-03-15,en,notes/oncorag-e-0104/rad_onc_followup/2025-03-15__oncorag-e-note-00593.txt
oncorag-e-0105,oncorag-e-note-00594,rad_onc_followup,2025-03-17,en,notes/oncorag-e-0105/rad_onc_followup/2025-03-17__oncorag-e-note-00594.txt
oncorag-e-0106,oncorag-e-note-00595,med_onc_note,2020-07-20,en,notes/oncorag-e-0106/med_onc_note/2020-07-20__oncorag-e-note-00595.txt
oncorag-e-0107,oncorag-e-note-00596,rad_onc_followup,2023-07-07,en,notes/oncorag-e-0107/rad_onc_followup/2023-07-07__oncorag-e-note-00596.txt
oncorag-e-0108,oncorag-e-note-00597,rad_onc_followup,2022-04-08,en,notes/oncorag-e-0108/rad_onc_followup/2022-04-08__oncorag-e-note-00597.txt
oncorag-e-0109,oncorag-e-note-00598,rad_onc_followup,2023-03-26,en,notes/oncorag-e-0109/rad_onc_followup/2023-03-26__oncorag-e-note-00598.txt
oncorag-e-0110,oncorag-e-note-00599,rad_onc_followup,2023-01-01,en,notes/oncorag-e-0110/rad_onc_followup/2023-01-01__oncorag-e-note-00599.txt
oncorag-e-0111,oncorag-e-note-00600,rad_onc_followup,2023-04-21,en,notes/oncorag-e-0111/rad_onc_followup/2023-04-21__oncorag-e-note-00600.txt
oncorag-e-0112,oncorag-e-note-00601,rad_onc_followup,2021-07-10,en,notes/oncorag-e-0112/rad_onc_followup/2021-07-10__oncorag-e-note-00601.txt
oncorag-e-0113,oncorag-e-note-00602,rad_onc_followup,2020-10-11,en,notes/oncorag-e-0113/rad_onc_followup/2020-10-11__oncorag-e-note-00602.txt
oncorag-e-0114,oncorag-e-note-00603,rad_onc_followup,2025-03-30,en,notes/oncorag-e-0114/rad_onc_followup/2025-03-30__oncorag-e-note-00603.txt
oncorag-e-0115,oncorag-e-note-00604,rad_onc_followup,2023-06-26,en,notes/oncorag-e-0115/rad_onc_followup/2023-06-26__oncorag-e-note-00604.txt
oncorag-e-0116,oncorag-e-note-00605,rad_onc_followup,2021-07-08,en,notes/oncorag-e-0116/rad_onc_followup/2021-07-08__oncorag-e-note-00605.txt
oncorag-e-0117,oncorag-e-note-00606,rad_onc_followup,2024-06-28,en,notes/oncorag-e-0117/rad_onc_followup/2024-06-28__oncorag-e-note-00606.txt
oncorag-e-0118,oncorag-e-note-00607,med_onc_note,2025-10-29,en,notes/oncorag-e-0118/med_onc_note/2025-10-29__oncorag-e-note-00607.txt
oncorag-e-0119,oncorag-e-note-00608,rad_onc_followup,2021-09-04,en,notes/oncorag-e-0119/rad_onc_followup/2021-09-04__oncorag-e-note-00608.txt
oncorag-e-0120,oncorag-e-note-00609,rad_onc_followup,2020-08-03,en,notes/oncorag-e-0120/rad_onc_followup/2020-08-03__oncorag-e-note-00609.txt
oncorag-e-0121,oncorag-e-note-00610,rad_onc_followup,2023-08-22,en,notes/oncorag-e-0121/rad_onc_followup/2023-08-22__oncorag-e-note-00610.txt
oncorag-e-0122,oncorag-e-note-00611,rad_onc_followup,2021-06-09,en,notes/oncorag-e-0122/rad_onc_followup/2021-06-09__oncorag-e-note-00611.txt
oncorag-e-0123,oncorag-e-note-00612,med_onc_note,2023-04-12,en,notes/oncorag-e-0123/med_onc_note/2023-04-12__oncorag-e-note-00612.txt
oncorag-e-0124,oncorag-e-note-00613,rad_onc_followup,2023-09-05,en,notes/oncorag-e-0124/rad_onc_followup/2023-09-05__oncorag-e-note-00613.txt
oncorag-e-0125,oncorag-e-note-00614,imaging_report,2022-10-28,en,notes/oncorag-e-0125/imaging_report/2022-10-28__oncorag-e-note-00614.txt
oncorag-e-0126,oncorag-e-note-00615,rad_onc_followup,2024-10-08,en,notes/oncorag-e-0126/rad_onc_followup/2024-10-08__oncorag-e-note-00615.txt
oncorag-e-0127,oncorag-e-note-00616,rad_onc_followup,2021-10-08,en,notes/oncorag-e-0127/rad_onc_followup/2021-10-08__oncorag-e-note-00616.txt
oncorag-e-0128,oncorag-e-note-00617,rad_onc_followup,2024-01-02,en,notes/oncorag-e-0128/rad_onc_followup/2024-01-02__oncorag-e-note-00617.txt
oncorag-e-0129,oncorag-e-note-00618,imaging_report,2022-01-12,en,notes/oncorag-e-0129/imaging_report/2022-01-12__oncorag-e-note-00618.txt
oncorag-e-0130,oncorag-e-note-00619,rad_onc_followup,2021-09-01,en,notes/oncorag-e-0130/rad_onc_followup/2021-09-01__oncorag-e-note-00619.txt
oncorag-e-0131,oncorag-e-note-00620,med_onc_note,2022-02-11,en,notes/oncorag-e-0131/med_onc_note/2022-02-11__oncorag-e-note-00620.txt
oncorag-e-0132,oncorag-e-note-00621,rad_onc_followup,2023-05-29,en,notes/oncorag-e-0132/rad_onc_followup/2023-05-29__oncorag-e-note-00621.txt
oncorag-e-0133,oncorag-e-note-00622,rad_onc_followup,2020-02-03,en,notes/oncorag-e-0133/rad_onc_followup/2020-02-03__oncorag-e-note-00622.txt
oncorag-e-0134,oncorag-e-note-00623,rad_onc_followup,2022-12-31,en,notes/oncorag-e-0134/rad_onc_followup/2022-12-31__oncorag-e-note-00623.txt
oncorag-e-0135,oncorag-e-note-00624,rad_onc_followup,2022-07-10,en,notes/oncorag-e-0135/rad_onc_followup/2022-07-10__oncorag-e-note-00624.txt
oncorag-e-0136,oncorag-e-note-00625,rad_onc_followup,2025-05-29,en,notes/oncorag-e-0136/rad_onc_followup/2025-05-29__oncorag-e-note-00625.txt
oncorag-e-0137,oncorag-e-note-00626,rad_onc_followup,2024-01-24,en,notes/oncorag-e-0137/rad_onc_followup/2024-01-24__oncorag-e-note-00626.txt
oncorag-e-0138,oncorag-e-note-00627,lab_report,2021-03-11,en,notes/oncorag-e-0138/lab_report/2021-03-11__oncorag-e-note-00627.txt
oncorag-e-0139,oncorag-e-note-00628,rad_onc_followup,2020-06-15,en,notes/oncorag-e-0139/rad_onc_followup/2020-06-15__oncorag-e-note-00628.txt
oncorag-e-0140,oncorag-e-note-00629,rad_onc_followup,2020-08-19,en,notes/oncorag-e-0140/rad_onc_followup/2020-08-19__oncorag-e-note-00629.txt
oncorag-e-0141,oncorag-e-note-00630,rad_onc_followup,2023-12-16,en,notes/oncorag-e-0141/rad_onc_followup/2023-12-16__oncorag-e-note-00630.txt
oncorag-e-0142,oncorag-e-note-00631,rad_onc_followup,2023-03-21,en,notes/oncorag-e-0142/rad_onc_followup/2023-03-21__oncorag-e-note-00631.txt
oncorag-e-0143,oncorag-e-note-00632,rad_onc_followup,2025-09-10,en,notes/oncorag-e-0143/rad_onc_followup/2025-09-10__oncorag-e-note-00632.txt
oncorag-e-0144,oncorag-e-note-00633,rad_onc_followup,2023-01-06,en,notes/oncorag-e-0144/rad_onc_followup/2023-01-06__oncorag-e-note-00633.txt
oncorag-e-0145,oncorag-e-note-00634,rad_onc_followup,2021-09-11,en,notes/oncorag-e-0145/rad_onc_followup/2021-09-11__oncorag-e-note-00634.txt
oncorag-e-0146,oncorag-e-note-00635,med_onc_note,2023-01-19,en,notes/oncorag-e-0146/med_onc_note/2023-01-19__oncorag-e-note-00635.txt
oncorag-e-0147,oncorag-e-note-00636,rad_onc_followup,2025-07-22,en,notes/oncorag-e-0147/rad_onc_followup/2025-07-22__oncorag-e-note-00636.txt
oncorag-e-0148,oncorag-e-note-00637,lab_report,2021-05-04,en,notes/oncorag-e-0148/lab_report/2021-05-04__oncorag-e-note-00637.txt
oncorag-e-0149,oncorag-e-note-00638,rad_onc_followup,2024-06-30,en,notes/oncorag-e-0149/rad_onc_followup/2024-06-30__oncorag-e-note-00638.txt
oncorag-e-0150,oncorag-e-note-00639,rad_onc_followup,2020-12-13,en,notes/oncorag-e-0150/rad_onc_followup/2020-12-13__oncorag-e-note-00639.txt
oncorag-e-0151,oncorag-e-note-00640,rad_onc_followup,2024-07-13,en,notes/oncorag-e-0151/rad_onc_followup/2024-07-13__oncorag-e-note-00640.txt
oncorag-e-0152,oncorag-e-note-00641,rad_onc_followup,2021-06-17,en,notes/oncorag-e-0152/rad_onc_followup/2021-06-17__oncorag-e-note-00641.txt
oncorag-e-0153,oncorag-e-note-00642,rad_onc_followup,2020-09-08,en,notes/oncorag-e-0153/rad_onc_followup/2020-09-08__oncorag-e-note-00642.txt
oncorag-e-0154,oncorag-e-note-00643,rad_onc_followup,2020-01-27,en,notes/oncorag-e-0154/rad_onc_followup/2020-01-27__oncorag-e-note-00643.txt
oncorag-e-0155,oncorag-e-note-00644,rad_onc_followup,2021-10-26,en,notes/oncorag-e-0155/rad_onc_followup/2021-10-26__oncorag-e-note-00644.txt
oncorag-e-0156,oncorag-e-note-00645,rad_onc_followup,2024-05-30,en,notes/oncorag-e-0156/rad_onc_followup/2024-05-30__oncorag-e-note-00645.txt
oncorag-e-0157,oncorag-e-note-00646,rad_onc_followup,2024-05-14,en,notes/oncorag-e-0157/rad_onc_followup/2024-05-14__oncorag-e-note-00646.txt
oncorag-e-0158,oncorag-e-note-00647,rad_onc_followup,2021-06-16,en,notes/oncorag-e-0158/rad_onc_followup/2021-06-16__oncorag-e-note-00647.txt
oncorag-e-0159,oncorag-e-note-00648,rad_onc_followup,2022-08-16,en,notes/oncorag-e-0159/rad_onc_followup/2022-08-16__oncorag-e-note-00648.txt
oncorag-e-0160,oncorag-e-note-00649,lab_report,2023-09-28,en,notes/oncorag-e-0160/lab_report/2023-09-28__oncorag-e-note-00649.txt
oncorag-e-0161,oncorag-e-note-00650,med_onc_note,2021-02-25,en,notes/oncorag-e-0161/med_onc_note/2021-02-25__oncorag-e-note-00650.txt
oncorag-e-0162,oncorag-e-note-00651,rad_onc_followup,2024-01-28,en,notes/oncorag-e-0162/rad_onc_followup/2024-01-28__oncorag-e-note-00651.txt
oncorag-e-0163,oncorag-e-note-00652,med_onc_note,2022-09-04,en,notes/oncorag-e-0163/med_onc_note/2022-09-04__oncorag-e-note-00652.txt
oncorag-e-0164,oncorag-e-note-00653,rad_onc_followup,2022-04-22,en,notes/oncorag-e-0164/rad_onc_followup/2022-04-22__oncorag-e-note-00653.txt
oncorag-e-0165,oncorag-e-note-00654,rad_onc_followup,2022-02-12,en,notes/oncorag-e-0165/rad_onc_followup/2022-02-12__oncorag-e-note-00654.txt
oncorag-e-0166,oncorag-e-note-00655,med_onc_note,2020-02-21,en,notes/oncorag-e-0166/med_onc_note/2020-02-21__oncorag-e-note-00655.txt
oncorag-e-0167,oncorag-e-note-00656,lab_report,2021-03-05,en,notes/oncorag-e-0167/lab_report/2021-03-05__oncorag-e-note-00656.txt
oncorag-e-0168,oncorag-e-note-00657,rad_onc_followup,2021-01-18,en,notes/oncorag-e-0168/rad_onc_followup/2021-01-18__oncorag-e-note-00657.txt
oncorag-e-0169,oncorag-e-note-00658,rad_onc_followup,2024-12-27,en,notes/oncorag-e-0169/rad_onc_followup/2024-12-27__oncorag-e-note-00658.txt
oncorag-e-0170,oncorag-e-note-00659,rad_onc_followup,2023-03-07,en,notes/oncorag-e-0170/rad_onc_followup/2023-03-07__oncorag-e-note-00659.txt
oncorag-e-0171,oncorag-e-note-00660,rad_onc_followup,2023-01-23,en,notes/oncorag-e-0171/rad_onc_followup/2023-01-23__oncorag-e-note-00660.txt
oncorag-e-0172,oncorag-e-note-00661,rad_onc_followup,2021-01-30,en,notes/oncorag-e-0172/rad_onc_followup/2021-01-30__oncorag-e-note-00661.txt
oncorag-e-0173,oncorag-e-note-00662,med_onc_note,2022-12-23,en,notes/oncorag-e-0173/med_onc_note/2022-12-23__oncorag-e-note-00662.txt
oncorag-e-0174,oncorag-e-note-00663,rad_onc_followup,2025-06-04,en,notes/oncorag-e-0174/rad_onc_followup/2025-06-04__oncorag-e-note-00663.txt
oncorag-e-0175,oncorag-e-note-00664,rad_onc_followup,2020-11-05,en,notes/oncorag-e-0175/rad_onc_followup/2020-11-05__oncorag-e-note-00664.txt
oncorag-e-0176,oncorag-e-note-00665,rad_onc_followup,2025-09-03,en,notes/oncorag-e-0176/rad_onc_followup/2025-09-03__oncorag-e-note-00665.txt
oncorag-e-0177,oncorag-e-note-00666,rad_onc_followup,2022-06-03,en,notes/oncorag-e-0177/rad_onc_followup/2022-06-03__oncorag-e-note-00666.txt
oncorag-e-0178,oncorag-e-note-00667,rad_onc_followup,2024-03-29,en,notes/oncorag-e-0178/rad_onc_followup/2024-03-29__oncorag-e-note-00667.txt
oncorag-e-0179,oncorag-e-note-00668,med_onc_note,2022-12-24,en,notes/oncorag-e-0179/med_onc_note/2022-12-24__oncorag-e-note-00668.txt
oncorag-e-0180,oncorag-e-note-00669,rad_onc_followup,2022-08-28,en,notes/oncorag-e-0180/rad_onc_followup/2022-08-28__oncorag-e-note-00669.txt
oncorag-e-0181,oncorag-e-note-00670,rad_onc_followup,2023-11-24,en,notes/oncorag-e-0181/rad_onc_followup/2023-11-24__oncorag-e-note-00670.txt
oncorag-e-0182,oncorag-e-note-00671,rad_onc_followup,2024-05-18,en,notes/oncorag-e-0182/rad_onc_followup/2024-05-18__oncorag-e-note-00671.txt
oncorag-e-0183,oncorag-e-note-00672,rad_onc_followup,2023-10-01,en,notes/oncorag-e-0183/rad_onc_followup/2023-10-01__oncorag-e-note-00672.txt
oncorag-e-0184,oncorag-e-note-00673,rad_onc_followup,2025-03-28,en,notes/oncorag-e-0184/rad_onc_followup/2025-03-28__oncorag-e-note-00673.txt
oncorag-e-0185,oncorag-e-note-00674,rad_onc_followup,2021-10-07,en,notes/oncorag-e-0185/rad_onc_followup/2021-10-07__oncorag-e-note-00674.txt
oncorag-e-0186,oncorag-e-note-00675,rad_onc_followup,2023-03-02,en,notes/oncorag-e-0186/rad_onc_followup/2023-03-02__oncorag-e-note-00675.txt
oncorag-e-0187,oncorag-e-note-00676,rad_onc_followup,2020-06-04,en,notes/oncorag-e-0187/rad_onc_followup/2020-06-04__oncorag-e-note-00676.txt
oncorag-e-0188,oncorag-e-note-00677,med_onc_note,2022-08-07,en,notes/oncorag-e-0188/med_onc_note/2022-08-07__oncorag-e-note-00677.txt
oncorag-e-0189,oncorag-e-note-00678,rad_onc_followup,2024-08-07,en,notes/oncorag-e-0189/rad_onc_followup/2024-08-07__oncorag-e-note-00678.txt
oncorag-e-0190,oncorag-e-note-00679,rad_onc_followup,2023-12-28,en,notes/oncorag-e-0190/rad_onc_followup/2023-12-28__oncorag-e-note-00679.txt
oncorag-e-0191,oncorag-e-note-00680,med_onc_note,2021-12-25,en,notes/oncorag-e-0191/med_onc_note/2021-12-25__oncorag-e-note-00680.txt
oncorag-e-0192,oncorag-e-note-00681,lab_report,2024-02-19,en,notes/oncorag-e-0192/lab_report/2024-02-19__oncorag-e-note-00681.txt
oncorag-e-0193,oncorag-e-note-00682,rad_onc_followup,2022-04-26,en,notes/oncorag-e-0193/rad_onc_followup/2022-04-26__oncorag-e-note-00682.txt
oncorag-e-0194,oncorag-e-note-00683,rad_onc_followup,2025-03-05,en,notes/oncorag-e-0194/rad_onc_followup/2025-03-05__oncorag-e-note-00683.txt
oncorag-e-0195,oncorag-e-note-00684,rad_onc_followup,2020-04-19,en,notes/oncorag-e-0195/rad_onc_followup/2020-04-19__oncorag-e-note-00684.txt
oncorag-e-0196,oncorag-e-note-00685,rad_onc_followup,2020-07-19,en,notes/oncorag-e-0196/rad_onc_followup/2020-07-19__oncorag-e-note-00685.txt
oncorag-e-0197,oncorag-e-note-00686,rad_onc_followup,2022-07-19,en,notes/oncorag-e-0197/rad_onc_followup/2022-07-19__oncorag-e-note-00686.txt
oncorag-e-0198,oncorag-e-note-00687,med_onc_note,2023-11-21,en,notes/oncorag-e-0198/med_onc_note/2023-11-21__oncorag-e-note-00687.txt
oncorag-e-0199,oncorag-e-note-00688,rad_onc_followup,2020-08-20,en,notes/oncorag-e-0199/rad_onc_followup/2020-08-20__oncorag-e-note-00688.txt
oncorag-e-0200,oncorag-e-note-00689,lab_report,2023-10-11,en,notes/oncorag-e-0200/lab_report/2023-10-11__oncorag-e-note-00689.txt
oncorag-e-0201,oncorag-e-note-00690,rad_onc_followup,2022-12-01,en,notes/oncorag-e-0201/rad_onc_followup/2022-12-01__oncorag-e-note-00690.txt
oncorag-e-0202,oncorag-e-note-00691,rad_onc_followup,2020-08-21,en,notes/oncorag-e-0202/rad_onc_followup/2020-08-21__oncorag-e-note-00691.txt
oncorag-e-0203,oncorag-e-note-00692,rad_onc_followup,2025-11-26,en,notes/oncorag-e-0203/rad_onc_followup/2025-11-26__oncorag-e-note-00692.txt
oncorag-e-0204,oncorag-e-note-00693,rad_onc_followup,2024-08-02,en,notes/oncorag-e-0204/rad_onc_followup/2024-08-02__oncorag-e-note-00693.txt
oncorag-e-0205,oncorag-e-note-00694,rad_onc_followup,2023-04-25,en,notes/oncorag-e-0205/rad_onc_followup/2023-04-25__oncorag-e-note-00694.txt
oncorag-e-0206,oncorag-e-note-00695,rad_onc_followup,2024-12-06,en,notes/oncorag-e-0206/rad_onc_followup/2024-12-06__oncorag-e-note-00695.txt
oncorag-e-0207,oncorag-e-note-00696,rad_onc_followup,2024-03-28,en,notes/oncorag-e-0207/rad_onc_followup/2024-03-28__oncorag-e-note-00696.txt
oncorag-e-0208,oncorag-e-note-00697,rad_onc_followup,2024-12-09,en,notes/oncorag-e-0208/rad_onc_followup/2024-12-09__oncorag-e-note-00697.txt
oncorag-e-0209,oncorag-e-note-00698,rad_onc_followup,2024-08-09,en,notes/oncorag-e-0209/rad_onc_followup/2024-08-09__oncorag-e-note-00698.txt
oncorag-e-0210,oncorag-e-note-00699,rad_onc_followup,2022-10-21,en,notes/oncorag-e-0210/rad_onc_followup/2022-10-21__oncorag-e-note-00699.txt
oncorag-e-0211,oncorag-e-note-00700,med_onc_note,2020-05-07,en,notes/oncorag-e-0211/med_onc_note/2020-05-07__oncorag-e-note-00700.txt
oncorag-e-0212,oncorag-e-note-00701,rad_onc_followup,2025-11-12,en,notes/oncorag-e-0212/rad_onc_followup/2025-11-12__oncorag-e-note-00701.txt
oncorag-e-0213,oncorag-e-note-00702,med_onc_note,2022-11-24,en,notes/oncorag-e-0213/med_onc_note/2022-11-24__oncorag-e-note-00702.txt
oncorag-e-0214,oncorag-e-note-00703,med_onc_note,2025-02-18,en,notes/oncorag-e-0214/med_onc_note/2025-02-18__oncorag-e-note-00703.txt
oncorag-e-0215,oncorag-e-note-00704,med_onc_note,2024-10-14,en,notes/oncorag-e-0215/med_onc_note/2024-10-14__oncorag-e-note-00704.txt
oncorag-e-0216,oncorag-e-note-00705,med_onc_note,2023-02-05,en,notes/oncorag-e-0216/med_onc_note/2023-02-05__oncorag-e-note-00705.txt
oncorag-e-0217,oncorag-e-note-00706,rad_onc_followup,2024-02-16,en,notes/oncorag-e-0217/rad_onc_followup/2024-02-16__oncorag-e-note-00706.txt
oncorag-e-0218,oncorag-e-note-00707,rad_onc_followup,2025-07-05,en,notes/oncorag-e-0218/rad_onc_followup/2025-07-05__oncorag-e-note-00707.txt
oncorag-e-0219,oncorag-e-note-00708,rad_onc_followup,2025-06-20,en,notes/oncorag-e-0219/rad_onc_followup/2025-06-20__oncorag-e-note-00708.txt
oncorag-e-0220,oncorag-e-note-00709,rad_onc_followup,2021-02-16,en,notes/oncorag-e-0220/rad_onc_followup/2021-02-16__oncorag-e-note-00709.txt
oncorag-e-0221,oncorag-e-note-00710,lab_report,2021-08-23,en,notes/oncorag-e-0221/lab_report/2021-08-23__oncorag-e-note-00710.txt
oncorag-e-0222,oncorag-e-note-00711,rad_onc_followup,2020-11-18,en,notes/oncorag-e-0222/rad_onc_followup/2020-11-18__oncorag-e-note-00711.txt
oncorag-e-0223,oncorag-e-note-00712,rad_onc_followup,2021-04-08,en,notes/oncorag-e-0223/rad_onc_followup/2021-04-08__oncorag-e-note-00712.txt
oncorag-e-0224,oncorag-e-note-00713,rad_onc_followup,2020-06-12,en,notes/oncorag-e-0224/rad_onc_followup/2020-06-12__oncorag-e-note-00713.txt
oncorag-e-0225,oncorag-e-note-00714,rad_onc_followup,2025-05-19,en,notes/oncorag-e-0225/rad_onc_followup/2025-05-19__oncorag-e-note-00714.txt
oncorag-e-0226,oncorag-e-note-00715,rad_onc_followup,2021-06-11,en,notes/oncorag-e-0226/rad_onc_followup/2021-06-11__oncorag-e-note-00715.txt
oncorag-e-0227,oncorag-e-note-00716,rad_onc_followup,2023-09-03,en,notes/oncorag-e-0227/rad_onc_followup/2023-09-03__oncorag-e-note-00716.txt
oncorag-e-0228,oncorag-e-note-00717,rad_onc_followup,2025-12-02,en,notes/oncorag-e-0228/rad_onc_followup/2025-12-02__oncorag-e-note-00717.txt
oncorag-e-0229,oncorag-e-note-00718,rad_onc_followup,2024-04-05,en,notes/oncorag-e-0229/rad_onc_followup/2024-04-05__oncorag-e-note-00718.txt
oncorag-e-0230,oncorag-e-note-00719,rad_onc_followup,2020-10-14,en,notes/oncorag-e-0230/rad_onc_followup/2020-10-14__oncorag-e-note-00719.txt
oncorag-e-0231,oncorag-e-note-00720,rad_onc_followup,2025-06-25,en,notes/oncorag-e-0231/rad_onc_followup/2025-06-25__oncorag-e-note-00720.txt
oncorag-e-0232,oncorag-e-note-00721,rad_onc_followup,2020-07-12,en,notes/oncorag-e-0232/rad_onc_followup/2020-07-12__oncorag-e-note-00721.txt
oncorag-e-0233,oncorag-e-note-00722,rad_onc_followup,2022-08-06,en,notes/oncorag-e-0233/rad_onc_followup/2022-08-06__oncorag-e-note-00722.txt
oncorag-e-0234,oncorag-e-note-00723,med_onc_note,2021-09-11,en,notes/oncorag-e-0234/med_onc_note/2021-09-11__oncorag-e-note-00723.txt
oncorag-e-0235,oncorag-e-note-00724,rad_onc_followup,2025-03-28,en,notes/oncorag-e-0235/rad_onc_followup/2025-03-28__oncorag-e-note-00724.txt
oncorag-e-0236,oncorag-e-note-00725,rad_onc_followup,2020-07-20,en,notes/oncorag-e-0236/rad_onc_followup/2020-07-20__oncorag-e-note-00725.txt
oncorag-e-0237,oncorag-e-note-00726,rad_onc_followup,2025-03-27,en,notes/oncorag-e-0237/rad_onc_followup/2025-03-27__oncorag-e-note-00726.txt
oncorag-e-0238,oncorag-e-note-00727,rad_onc_followup,2023-12-01,en,notes/oncorag-e-0238/rad_onc_followup/2023-12-01__oncorag-e-note-00727.txt
oncorag-e-0239,oncorag-e-note-00728,rad_onc_followup,2022-06-16,en,notes/oncorag-e-0239/rad_onc_followup/2022-06-16__oncorag-e-note-00728.txt
oncorag-e-0240,oncorag-e-note-00729,med_onc_note,2025-10-24,en,notes/oncorag-e-0240/med_onc_note/2025-10-24__oncorag-e-note-00729.txt
oncorag-e-0241,oncorag-e-note-00730,rad_onc_followup,2025-10-14,en,notes/oncorag-e-0241/rad_onc_followup/2025-10-14__oncorag-e-note-00730.txt
oncorag-e-0242,oncorag-e-note-00731,med_onc_note,2022-10-06,en,notes/oncorag-e-0242/med_onc_note/2022-10-06__oncorag-e-note-00731.txt
oncorag-e-0243,oncorag-e-note-00732,med_onc_note,2022-06-09,en,notes/oncorag-e-0243/med_onc_note/2022-06-09__oncorag-e-note-00732.txt
oncorag-e-0244,oncorag-e-note-00733,imaging_report,2022-05-05,en,notes/oncorag-e-0244/imaging_report/2022-05-05__oncorag-e-note-00733.txt
oncorag-e-0245,oncorag-e-note-00734,rad_onc_followup,2022-10-12,en,notes/oncorag-e-0245/rad_onc_followup/2022-10-12__oncorag-e-note-00734.txt
oncorag-e-0246,oncorag-e-note-00735,rad_onc_followup,2025-11-09,en,notes/oncorag-e-0246/rad_onc_followup/2025-11-09__oncorag-e-note-00735.txt
oncorag-e-0247,oncorag-e-note-00736,rad_onc_followup,2025-05-25,en,notes/oncorag-e-0247/rad_onc_followup/2025-05-25__oncorag-e-note-00736.txt
oncorag-e-0248,oncorag-e-note-00737,med_onc_note,2021-08-22,en,notes/oncorag-e-0248/med_onc_note/2021-08-22__oncorag-e-note-00737.txt
oncorag-e-0249,oncorag-e-note-00738,rad_onc_followup,2022-11-20,en,notes/oncorag-e-0249/rad_onc_followup/2022-11-20__oncorag-e-note-00738.txt
oncorag-e-0250,oncorag-e-note-00739,rad_onc_followup,2022-03-30,en,notes/oncorag-e-0250/rad_onc_followup/2022-03-30__oncorag-e-note-00739.txt
oncorag-e-0251,oncorag-e-note-00740,lab_report,2025-05-31,en,notes/oncorag-e-0251/lab_report/2025-05-31__oncorag-e-note-00740.txt
oncorag-e-0252,oncorag-e-note-00741,rad_onc_followup,2024-02-13,en,notes/oncorag-e-0252/rad_onc_followup/2024-02-13__oncorag-e-note-00741.txt
oncorag-e-0253,oncorag-e-note-00742,lab_report,2023-01-12,en,notes/oncorag-e-0253/lab_report/2023-01-12__oncorag-e-note-00742.txt
oncorag-e-0254,oncorag-e-note-00743,rad_onc_followup,2023-09-02,en,notes/oncorag-e-0254/rad_onc_followup/2023-09-02__oncorag-e-note-00743.txt
oncorag-e-0255,oncorag-e-note-00744,rad_onc_followup,2023-04-17,en,notes/oncorag-e-0255/rad_onc_followup/2023-04-17__oncorag-e-note-00744.txt
oncorag-e-0256,oncorag-e-note-00745,rad_onc_followup,2023-10-09,en,notes/oncorag-e-0256/rad_onc_followup/2023-10-09__oncorag-e-note-00745.txt
oncorag-e-0257,oncorag-e-note-00746,rad_onc_followup,2021-03-17,en,notes/oncorag-e-0257/rad_onc_followup/2021-03-17__oncorag-e-note-00746.txt
oncorag-e-0258,oncorag-e-note-00747,rad_onc_followup,2020-02-25,en,notes/oncorag-e-0258/rad_onc_followup/2020-02-25__oncorag-e-note-00747.txt
oncorag-e-0259,oncorag-e-note-00748,rad_onc_followup,2021-01-10,en,notes/oncorag-e-0259/rad_onc_followup/2021-01-10__oncorag-e-note-00748.txt
oncorag-e-0260,oncorag-e-note-00749,imaging_report,2024-01-04,en,notes/oncorag-e-0260/imaging_report/2024-01-04__oncorag-e-note-00749.txt
oncorag-e-0261,oncorag-e-note-00750,med_onc_note,2022-05-28,en,notes/oncorag-e-0261/med_onc_note/2022-05-28__oncorag-e-note-00750.txt
oncorag-e-0262,oncorag-e-note-00751,rad_onc_followup,2024-05-20,en,notes/oncorag-e-0262/rad_onc_followup/2024-05-20__oncorag-e-note-00751.txt
oncorag-e-0263,oncorag-e-note-00752,rad_onc_followup,2024-10-19,en,notes/oncorag-e-0263/rad_onc_followup/2024-10-19__oncorag-e-note-00752.txt
oncorag-e-0264,oncorag-e-note-00753,med_onc_note,2023-05-01,en,notes/oncorag-e-0264/med_onc_note/2023-05-01__oncorag-e-note-00753.txt
oncorag-e-0265,oncorag-e-note-00754,rad_onc_followup,2024-12-24,en,notes/oncorag-e-0265/rad_onc_followup/2024-12-24__oncorag-e-note-00754.txt
oncorag-e-0266,oncorag-e-note-00755,rad_onc_followup,2021-07-22,en,notes/oncorag-e-0266/rad_onc_followup/2021-07-22__oncorag-e-note-00755.txt
oncorag-e-0267,oncorag-e-note-00756,med_onc_note,2021-04-23,en,notes/oncorag-e-0267/med_onc_note/2021-04-23__oncorag-e-note-00756.txt
oncorag-e-0268,oncorag-e-note-00757,med_onc_note,2023-11-14,en,notes/oncorag-e-0268/med_onc_note/2023-11-14__oncorag-e-note-00757.txt
oncorag-e-0269,oncorag-e-note-00758,rad_onc_followup,2021-03-03,en,notes/oncorag-e-0269/rad_onc_followup/2021-03-03__oncorag-e-note-00758.txt
oncorag-e-0270,oncorag-e-note-00759,med_onc_note,2021-12-14,en,notes/oncorag-e-0270/med_onc_note/2021-12-14__oncorag-e-note-00759.txt
oncorag-e-0271,oncorag-e-note-00760,rad_onc_followup,2022-05-13,en,notes/oncorag-e-0271/rad_onc_followup/2022-05-13__oncorag-e-note-00760.txt
oncorag-e-0272,oncorag-e-note-00761,rad_onc_followup,2022-06-01,en,notes/oncorag-e-0272/rad_onc_followup/2022-06-01__oncorag-e-note-00761.txt
oncorag-e-0273,oncorag-e-note-00762,rad_onc_followup,2023-10-27,en,notes/oncorag-e-0273/rad_onc_followup/2023-10-27__oncorag-e-note-00762.txt
oncorag-e-0274,oncorag-e-note-00763,lab_report,2025-11-30,en,notes/oncorag-e-0274/lab_report/2025-11-30__oncorag-e-note-00763.txt
oncorag-e-0275,oncorag-e-note-00764,rad_onc_followup,2022-06-15,en,notes/oncorag-e-0275/rad_onc_followup/2022-06-15__oncorag-e-note-00764.txt
oncorag-e-0276,oncorag-e-note-00765,rad_onc_followup,2021-08-10,en,notes/oncorag-e-0276/rad_onc_followup/2021-08-10__oncorag-e-note-00765.txt
oncorag-e-0277,oncorag-e-note-00766,rad_onc_followup,2024-05-07,en,notes/oncorag-e-0277/rad_onc_followup/2024-05-07__oncorag-e-note-00766.txt
oncorag-e-0278,oncorag-e-note-00767,rad_onc_followup,2023-10-30,en,notes/oncorag-e-0278/rad_onc_followup/2023-10-30__oncorag-e-note-00767.txt
oncorag-e-0279,oncorag-e-note-00768,med_onc_note,2025-08-18,en,notes/oncorag-e-0279/med_onc_note/2025-08-18__oncorag-e-note-00768.txt
oncorag-e-0280,oncorag-e-note-00769,lab_report,2022-06-11,en,notes/oncorag-e-0280/lab_report/2022-06-11__oncorag-e-note-00769.txt
oncorag-e-0281,oncorag-e-note-00770,rad_onc_followup,2024-11-17,en,notes/oncorag-e-0281/rad_onc_followup/2024-11-17__oncorag-e-note-00770.txt
oncorag-e-0282,oncorag-e-note-00771,med_onc_note,2020-07-21,en,notes/oncorag-e-0282/med_onc_note/2020-07-21__oncorag-e-note-00771.txt
oncorag-e-0283,oncorag-e-note-00772,rad_onc_followup,2021-03-08,en,notes/oncorag-e-0283/rad_onc_followup/2021-03-08__oncorag-e-note-00772.txt
oncorag-e-0284,oncorag-e-note-00773,lab_report,2022-08-07,en,notes/oncorag-e-0284/lab_report/2022-08-07__oncorag-e-note-00773.txt
oncorag-e-0285,oncorag-e-note-00774,med_onc_note,2021-04-26,en,notes/oncorag-e-0285/med_onc_note/2021-04-26__oncorag-e-note-00774.txt
oncorag-e-0286,oncorag-e-note-00775,rad_onc_followup,2020-10-11,en,notes/oncorag-e-0286/rad_onc_followup/2020-10-11__oncorag-e-note-00775.txt
oncorag-e-0287,oncorag-e-note-00776,rad_onc_followup,2025-03-15,en,notes/oncorag-e-0287/rad_onc_followup/2025-03-15__oncorag-e-note-00776.txt
oncorag-e-0288,oncorag-e-note-00777,lab_report,2021-04-15,en,notes/oncorag-e-0288/lab_report/2021-04-15__oncorag-e-note-00777.txt
oncorag-e-0289,oncorag-e-note-00778,rad_onc_followup,2020-06-07,en,notes/oncorag-e-0289/rad_onc_followup/2020-06-07__oncorag-e-note-00778.txt
oncorag-e-0290,oncorag-e-note-00779,rad_onc_followup,2024-07-01,en,notes/oncorag-e-0290/rad_onc_followup/2024-07-01__oncorag-e-note-00779.txt
oncorag-e-0291,oncorag-e-note-00780,lab_report,2021-01-25,en,notes/oncorag-e-0291/lab_report/2021-01-25__oncorag-e-note-00780.txt
oncorag-e-0292,oncorag-e-note-00781,rad_onc_followup,2020-09-28,en,notes/oncorag-e-0292/rad_onc_followup/2020-09-28__oncorag-e-note-00781.txt
oncorag-e-0293,oncorag-e-note-00782,rad_onc_followup,2023-03-28,en,notes/oncorag-e-0293/rad_onc_followup/2023-03-28__oncorag-e-note-00782.txt
oncorag-e-0294,oncorag-e-note-00783,med_onc_note,2022-10-27,en,notes/oncorag-e-0294/med_onc_note/2022-10-27__oncorag-e-note-00783.txt
oncorag-e-0295,oncorag-e-note-00784,rad_onc_followup,2025-03-03,en,notes/oncorag-e-0295/rad_onc_followup/2025-03-03__oncorag-e-note-00784.txt
oncorag-e-0296,oncorag-e-note-00785,rad_onc_followup,2020-02-26,en,notes/oncorag-e-0296/rad_onc_followup/2020-02-26__oncorag-e-note-00785.txt
oncorag-e-0297,oncorag-e-note-00786,rad_onc_followup,2023-12-10,en,notes/oncorag-e-0297/rad_onc_followup/2023-12-10__oncorag-e-note-00786.txt
oncorag-e-0298,oncorag-e-note-00787,med_onc_note,2024-08-26,en,notes/oncorag-e-0298/med_onc_note/2024-08-26__oncorag-e-note-00787.txt
oncorag-e-0299,oncorag-e-note-00788,rad_onc_followup,2025-12-25,en,notes/oncorag-e-0299/rad_onc_followup/2025-12-25__oncorag-e-note-00788.txt
oncorag-e-0300,oncorag-e-note-00789,rad_onc_followup,2024-08-14,en,notes/oncorag-e-0300/rad_onc_followup/2024-08-14__oncorag-e-note-00789.txt
oncorag-e-0301,oncorag-e-note-00790,rad_onc_followup,2022-05-06,en,notes/oncorag-e-0301/rad_onc_followup/2022-05-06__oncorag-e-note-00790.txt
oncorag-e-0302,oncorag-e-note-00791,lab_report,2022-06-03,en,notes/oncorag-e-0302/lab_report/2022-06-03__oncorag-e-note-00791.txt
oncorag-e-0303,oncorag-e-note-00792,med_onc_note,2021-08-10,en,notes/oncorag-e-0303/med_onc_note/2021-08-10__oncorag-e-note-00792.txt
oncorag-e-0304,oncorag-e-note-00793,rad_onc_followup,2025-04-08,en,notes/oncorag-e-0304/rad_onc_followup/2025-04-08__oncorag-e-note-00793.txt
oncorag-e-0305,oncorag-e-note-00794,rad_onc_followup,2021-08-14,en,notes/oncorag-e-0305/rad_onc_followup/2021-08-14__oncorag-e-note-00794.txt
oncorag-e-0306,oncorag-e-note-00795,rad_onc_followup,2022-04-28,en,notes/oncorag-e-0306/rad_onc_followup/2022-04-28__oncorag-e-note-00795.txt
oncorag-e-0307,oncorag-e-note-00796,rad_onc_followup,2021-11-20,en,notes/oncorag-e-0307/rad_onc_followup/2021-11-20__oncorag-e-note-00796.txt
oncorag-e-0308,oncorag-e-note-00797,rad_onc_followup,2023-12-10,en,notes/oncorag-e-0308/rad_onc_followup/2023-12-10__oncorag-e-note-00797.txt
oncorag-e-0309,oncorag-e-note-00798,rad_onc_followup,2024-10-01,en,notes/oncorag-e-0309/rad_onc_followup/2024-10-01__oncorag-e-note-00798.txt
oncorag-e-0310,oncorag-e-note-00799,rad_onc_followup,2023-02-13,en,notes/oncorag-e-0310/rad_onc_followup/2023-02-13__oncorag-e-note-00799.txt
oncorag-e-0311,oncorag-e-note-00800,rad_onc_followup,2021-01-15,en,notes/oncorag-e-0311/rad_onc_followup/2021-01-15__oncorag-e-note-00800.txt
oncorag-e-0312,oncorag-e-note-00801,rad_onc_followup,2020-01-20,en,notes/oncorag-e-0312/rad_onc_followup/2020-01-20__oncorag-e-note-00801.txt
oncorag-e-0313,oncorag-e-note-00802,med_onc_note,2023-07-13,en,notes/oncorag-e-0313/med_onc_note/2023-07-13__oncorag-e-note-00802.txt
oncorag-e-0314,oncorag-e-note-00803,rad_onc_followup,2022-06-15,en,notes/oncorag-e-0314/rad_onc_followup/2022-06-15__oncorag-e-note-00803.txt
oncorag-e-0315,oncorag-e-note-00804,rad_onc_followup,2023-08-07,en,notes/oncorag-e-0315/rad_onc_followup/2023-08-07__oncorag-e-note-00804.txt
oncorag-e-0316,oncorag-e-note-00805,rad_onc_followup,2026-01-05,en,notes/oncorag-e-0316/rad_onc_followup/2026-01-05__oncorag-e-note-00805.txt
oncorag-e-0317,oncorag-e-note-00806,rad_onc_followup,2023-06-27,en,notes/oncorag-e-0317/rad_onc_followup/2023-06-27__oncorag-e-note-00806.txt
oncorag-e-0318,oncorag-e-note-00807,rad_onc_followup,2021-04-11,en,notes/oncorag-e-0318/rad_onc_followup/2021-04-11__oncorag-e-note-00807.txt
oncorag-e-0319,oncorag-e-note-00808,rad_onc_followup,2023-04-12,en,notes/oncorag-e-0319/rad_onc_followup/2023-04-12__oncorag-e-note-00808.txt
oncorag-e-0320,oncorag-e-note-00809,rad_onc_followup,2021-07-30,en,notes/oncorag-e-0320/rad_onc_followup/2021-07-30__oncorag-e-note-00809.txt
oncorag-e-0321,oncorag-e-note-00810,rad_onc_followup,2021-08-01,en,notes/oncorag-e-0321/rad_onc_followup/2021-08-01__oncorag-e-note-00810.txt
oncorag-e-0322,oncorag-e-note-00811,rad_onc_followup,2020-02-18,en,notes/oncorag-e-0322/rad_onc_followup/2020-02-18__oncorag-e-note-00811.txt
oncorag-e-0323,oncorag-e-note-00812,med_onc_note,2020-04-16,en,notes/oncorag-e-0323/med_onc_note/2020-04-16__oncorag-e-note-00812.txt
oncorag-e-0324,oncorag-e-note-00813,rad_onc_followup,2020-11-28,en,notes/oncorag-e-0324/rad_onc_followup/2020-11-28__oncorag-e-note-00813.txt
oncorag-e-0325,oncorag-e-note-00814,med_onc_note,2023-05-28,en,notes/oncorag-e-0325/med_onc_note/2023-05-28__oncorag-e-note-00814.txt
oncorag-e-0326,oncorag-e-note-00815,rad_onc_followup,2025-07-03,en,notes/oncorag-e-0326/rad_onc_followup/2025-07-03__oncorag-e-note-00815.txt
oncorag-e-0327,oncorag-e-note-00816,rad_onc_followup,2025-10-24,en,notes/oncorag-e-0327/rad_onc_followup/2025-10-24__oncorag-e-note-00816.txt
oncorag-e-0328,oncorag-e-note-00817,rad_onc_followup,2021-05-10,en,notes/oncorag-e-0328/rad_onc_followup/2021-05-10__oncorag-e-note-00817.txt
oncorag-e-0329,oncorag-e-note-00818,rad_onc_followup,2024-05-30,en,notes/oncorag-e-0329/rad_onc_followup/2024-05-30__oncorag-e-note-00818.txt
oncorag-e-0330,oncorag-e-note-00819,rad_onc_followup,2022-03-03,en,notes/oncorag-e-0330/rad_onc_followup/2022-03-03__oncorag-e-note-00819.txt
oncorag-e-0331,oncorag-e-note-00820,rad_onc_followup,2021-04-15,en,notes/oncorag-e-0331/rad_onc_followup/2021-04-15__oncorag-e-note-00820.txt
oncorag-e-0332,oncorag-e-note-00821,rad_onc_followup,2024-06-24,en,notes/oncorag-e-0332/rad_onc_followup/2024-06-24__oncorag-e-note-00821.txt
oncorag-e-0333,oncorag-e-note-00822,rad_onc_followup,2020-04-10,en,notes/oncorag-e-0333/rad_onc_followup/2020-04-10__oncorag-e-note-00822.txt
oncorag-e-0334,oncorag-e-note-00823,rad_onc_followup,2020-06-13,en,notes/oncorag-e-0334/rad_onc_followup/2020-06-13__oncorag-e-note-00823.txt
oncorag-e-0335,oncorag-e-note-00824,med_onc_note,2023-08-08,en,notes/oncorag-e-0335/med_onc_note/2023-08-08__oncorag-e-note-00824.txt
oncorag-e-0336,oncorag-e-note-00825,rad_onc_followup,2021-08-29,en,notes/oncorag-e-0336/rad_onc_followup/2021-08-29__oncorag-e-note-00825.txt
oncorag-e-0337,oncorag-e-note-00826,rad_onc_followup,2021-05-25,en,notes/oncorag-e-0337/rad_onc_followup/2021-05-25__oncorag-e-note-00826.txt
oncorag-e-0338,oncorag-e-note-00827,lab_report,2024-07-05,en,notes/oncorag-e-0338/lab_report/2024-07-05__oncorag-e-note-00827.txt
oncorag-e-0339,oncorag-e-note-00828,rad_onc_followup,2020-12-08,en,notes/oncorag-e-0339/rad_onc_followup/2020-12-08__oncorag-e-note-00828.txt
oncorag-e-0340,oncorag-e-note-00829,rad_onc_followup,2021-01-02,en,notes/oncorag-e-0340/rad_onc_followup/2021-01-02__oncorag-e-note-00829.txt
oncorag-e-0341,oncorag-e-note-00830,rad_onc_followup,2021-01-21,en,notes/oncorag-e-0341/rad_onc_followup/2021-01-21__oncorag-e-note-00830.txt
oncorag-e-0342,oncorag-e-note-00831,med_onc_note,2025-12-13,en,notes/oncorag-e-0342/med_onc_note/2025-12-13__oncorag-e-note-00831.txt
oncorag-e-0343,oncorag-e-note-00832,imaging_report,2022-06-08,en,notes/oncorag-e-0343/imaging_report/2022-06-08__oncorag-e-note-00832.txt
oncorag-e-0344,oncorag-e-note-00833,rad_onc_followup,2020-10-13,en,notes/oncorag-e-0344/rad_onc_followup/2020-10-13__oncorag-e-note-00833.txt
oncorag-e-0345,oncorag-e-note-00834,rad_onc_followup,2023-03-05,en,notes/oncorag-e-0345/rad_onc_followup/2023-03-05__oncorag-e-note-00834.txt
oncorag-e-0346,oncorag-e-note-00835,rad_onc_followup,2020-10-12,en,notes/oncorag-e-0346/rad_onc_followup/2020-10-12__oncorag-e-note-00835.txt
oncorag-e-0347,oncorag-e-note-00836,med_onc_note,2022-04-09,en,notes/oncorag-e-0347/med_onc_note/2022-04-09__oncorag-e-note-00836.txt
oncorag-e-0348,oncorag-e-note-00837,rad_onc_followup,2025-05-04,en,notes/oncorag-e-0348/rad_onc_followup/2025-05-04__oncorag-e-note-00837.txt
oncorag-e-0349,oncorag-e-note-00838,imaging_report,2025-09-01,en,notes/oncorag-e-0349/imaging_report/2025-09-01__oncorag-e-note-00838.txt
oncorag-e-0350,oncorag-e-note-00839,rad_onc_followup,2022-11-26,en,notes/oncorag-e-0350/rad_onc_followup/2022-11-26__oncorag-e-note-00839.txt
oncorag-e-0351,oncorag-e-note-00840,rad_onc_followup,2022-11-18,en,notes/oncorag-e-0351/rad_onc_followup/2022-11-18__oncorag-e-note-00840.txt
oncorag-e-0352,oncorag-e-note-00841,imaging_report,2021-01-08,en,notes/oncorag-e-0352/imaging_report/2021-01-08__oncorag-e-note-00841.txt
oncorag-e-0353,oncorag-e-note-00842,rad_onc_followup,2020-08-11,en,notes/oncorag-e-0353/rad_onc_followup/2020-08-11__oncorag-e-note-00842.txt
oncorag-e-0354,oncorag-e-note-00843,rad_onc_followup,2022-12-14,en,notes/oncorag-e-0354/rad_onc_followup/2022-12-14__oncorag-e-note-00843.txt
oncorag-e-0355,oncorag-e-note-00844,rad_onc_followup,2023-03-08,en,notes/oncorag-e-0355/rad_onc_followup/2023-03-08__oncorag-e-note-00844.txt
oncorag-e-0356,oncorag-e-note-00845,rad_onc_followup,2025-04-16,en,notes/oncorag-e-0356/rad_onc_followup/2025-04-16__oncorag-e-note-00845.txt
oncorag-e-0357,oncorag-e-note-00846,rad_onc_followup,2022-02-09,en,notes/oncorag-e-0357/rad_onc_followup/2022-02-09__oncorag-e-note-00846.txt
oncorag-e-0358,oncorag-e-note-00847,rad_onc_followup,2023-04-04,en,notes/oncorag-e-0358/rad_onc_followup/2023-04-04__oncorag-e-note-00847.txt
oncorag-e-0359,oncorag-e-note-00848,rad_onc_followup,2025-07-01,en,notes/oncorag-e-0359/rad_onc_followup/2025-07-01__oncorag-e-note-00848.txt
oncorag-e-0360,oncorag-e-note-00849,rad_onc_followup,2025-08-01,en,notes/oncorag-e-0360/rad_onc_followup/2025-08-01__oncorag-e-note-00849.txt
oncorag-e-0361,oncorag-e-note-00850,med_onc_note,2025-03-01,en,notes/oncorag-e-0361/med_onc_note/2025-03-01__oncorag-e-note-00850.txt
oncorag-e-0362,oncorag-e-note-00851,med_onc_note,2023-06-16,en,notes/oncorag-e-0362/med_onc_note/2023-06-16__oncorag-e-note-00851.txt
oncorag-e-0363,oncorag-e-note-00852,rad_onc_followup,2024-08-17,en,notes/oncorag-e-0363/rad_onc_followup/2024-08-17__oncorag-e-note-00852.txt
oncorag-e-0364,oncorag-e-note-00853,rad_onc_followup,2020-11-27,en,notes/oncorag-e-0364/rad_onc_followup/2020-11-27__oncorag-e-note-00853.txt
oncorag-e-0365,oncorag-e-note-00854,rad_onc_followup,2020-02-19,en,notes/oncorag-e-0365/rad_onc_followup/2020-02-19__oncorag-e-note-00854.txt
oncorag-e-0366,oncorag-e-note-00855,rad_onc_followup,2025-12-11,en,notes/oncorag-e-0366/rad_onc_followup/2025-12-11__oncorag-e-note-00855.txt
oncorag-e-0367,oncorag-e-note-00856,med_onc_note,2024-10-21,en,notes/oncorag-e-0367/med_onc_note/2024-10-21__oncorag-e-note-00856.txt
oncorag-e-0368,oncorag-e-note-00857,rad_onc_followup,2025-02-06,en,notes/oncorag-e-0368/rad_onc_followup/2025-02-06__oncorag-e-note-00857.txt
oncorag-e-0369,oncorag-e-note-00858,med_onc_note,2023-01-10,en,notes/oncorag-e-0369/med_onc_note/2023-01-10__oncorag-e-note-00858.txt
oncorag-e-0370,oncorag-e-note-00859,rad_onc_followup,2020-09-09,en,notes/oncorag-e-0370/rad_onc_followup/2020-09-09__oncorag-e-note-00859.txt
oncorag-e-0371,oncorag-e-note-00860,rad_onc_followup,2024-10-10,en,notes/oncorag-e-0371/rad_onc_followup/2024-10-10__oncorag-e-note-00860.txt
oncorag-e-0372,oncorag-e-note-00861,med_onc_note,2022-06-05,en,notes/oncorag-e-0372/med_onc_note/2022-06-05__oncorag-e-note-00861.txt
oncorag-e-0373,oncorag-e-note-00862,rad_onc_followup,2024-05-15,en,notes/oncorag-e-0373/rad_onc_followup/2024-05-15__oncorag-e-note-00862.txt
oncorag-e-0374,oncorag-e-note-00863,rad_onc_followup,2021-08-12,en,notes/oncorag-e-0374/rad_onc_followup/2021-08-12__oncorag-e-note-00863.txt
oncorag-e-0375,oncorag-e-note-00864,rad_onc_followup,2020-06-06,en,notes/oncorag-e-0375/rad_onc_followup/2020-06-06__oncorag-e-note-00864.txt
oncorag-e-0376,oncorag-e-note-00865,rad_onc_followup,2025-12-13,en,notes/oncorag-e-0376/rad_onc_followup/2025-12-13__oncorag-e-note-00865.txt
oncorag-e-0377,oncorag-e-note-00866,rad_onc_followup,2023-10-24,en,notes/oncorag-e-0377/rad_onc_followup/2023-10-24__oncorag-e-note-00866.txt
oncorag-e-0378,oncorag-e-note-00867,rad_onc_followup,2020-05-06,en,notes/oncorag-e-0378/rad_onc_followup/2020-05-06__oncorag-e-note-00867.txt
oncorag-e-0379,oncorag-e-note-00868,rad_onc_followup,2025-04-13,en,notes/oncorag-e-0379/rad_onc_followup/2025-04-13__oncorag-e-note-00868.txt
oncorag-e-0380,oncorag-e-note-00869,rad_onc_followup,2023-01-21,en,notes/oncorag-e-0380/rad_onc_followup/2023-01-21__oncorag-e-note-00869.txt
oncorag-e-0381,oncorag-e-note-00870,rad_onc_followup,2021-11-18,en,notes/oncorag-e-0381/rad_onc_followup/2021-11-18__oncorag-e-note-00870.txt
oncorag-e-0382,oncorag-e-note-00871,rad_onc_followup,2021-12-14,en,notes/oncorag-e-0382/rad_onc_followup/2021-12-14__oncorag-e-note-00871.txt
oncorag-e-0383,oncorag-e-note-00872,med_onc_note,2022-09-26,en,notes/oncorag-e-0383/med_onc_note/2022-09-26__oncorag-e-note-00872.txt
oncorag-e-0384,oncorag-e-note-00873,rad_onc_followup,2021-03-10,en,notes/oncorag-e-0384/rad_onc_followup/2021-03-10__oncorag-e-note-00873.txt
oncorag-e-0385,oncorag-e-note-00874,rad_onc_followup,2022-03-16,en,notes/oncorag-e-0385/rad_onc_followup/2022-03-16__oncorag-e-note-00874.txt
oncorag-e-0386,oncorag-e-note-00875,rad_onc_followup,2024-08-25,en,notes/oncorag-e-0386/rad_onc_followup/2024-08-25__oncorag-e-note-00875.txt
oncorag-e-0387,oncorag-e-note-00876,rad_onc_followup,2020-07-03,en,notes/oncorag-e-0387/rad_onc_followup/2020-07-03__oncorag-e-note-00876.txt
oncorag-e-0388,oncorag-e-note-00877,rad_onc_followup,2021-09-21,en,notes/oncorag-e-0388/rad_onc_followup/2021-09-21__oncorag-e-note-00877.txt
oncorag-e-0389,oncorag-e-note-00878,rad_onc_followup,2020-02-23,en,notes/oncorag-e-0389/rad_onc_followup/2020-02-23__oncorag-e-note-00878.txt
oncorag-e-0390,oncorag-e-note-00879,rad_onc_followup,2025-09-23,en,notes/oncorag-e-0390/rad_onc_followup/2025-09-23__oncorag-e-note-00879.txt
oncorag-e-0391,oncorag-e-note-00880,rad_onc_followup,2022-01-20,en,notes/oncorag-e-0391/rad_onc_followup/2022-01-20__oncorag-e-note-00880.txt
oncorag-e-0392,oncorag-e-note-00881,rad_onc_followup,2024-07-09,en,notes/oncorag-e-0392/rad_onc_followup/2024-07-09__oncorag-e-note-00881.txt
oncorag-e-0393,oncorag-e-note-00882,lab_report,2024-12-31,en,notes/oncorag-e-0393/lab_report/2024-12-31__oncorag-e-note-00882.txt
oncorag-e-0394,oncorag-e-note-00883,rad_onc_followup,2025-09-08,en,notes/oncorag-e-0394/rad_onc_followup/2025-09-08__oncorag-e-note-00883.txt
oncorag-e-0395,oncorag-e-note-00884,rad_onc_followup,2021-01-05,en,notes/oncorag-e-0395/rad_onc_followup/2021-01-05__oncorag-e-note-00884.txt
oncorag-e-0396,oncorag-e-note-00885,rad_onc_followup,2020-12-01,en,notes/oncorag-e-0396/rad_onc_followup/2020-12-01__oncorag-e-note-00885.txt
oncorag-e-0397,oncorag-e-note-00886,med_onc_note,2022-08-04,en,notes/oncorag-e-0397/med_onc_note/2022-08-04__oncorag-e-note-00886.txt
oncorag-e-0398,oncorag-e-note-00887,imaging_report,2024-03-05,en,notes/oncorag-e-0398/imaging_report/2024-03-05__oncorag-e-note-00887.txt
oncorag-e-0399,oncorag-e-note-00888,rad_onc_followup,2025-01-01,en,notes/oncorag-e-0399/rad_onc_followup/2025-01-01__oncorag-e-note-00888.txt
oncorag-e-0400,oncorag-e-note-00889,med_onc_note,2025-06-20,en,notes/oncorag-e-0400/med_onc_note/2025-06-20__oncorag-e-note-00889.txt
oncorag-e-0401,oncorag-e-note-00890,rad_onc_followup,2020-02-03,en,notes/oncorag-e-0401/rad_onc_followup/2020-02-03__oncorag-e-note-00890.txt
oncorag-e-0402,oncorag-e-note-00891,rad_onc_followup,2025-05-29,en,notes/oncorag-e-0402/rad_onc_followup/2025-05-29__oncorag-e-note-00891.txt
oncorag-e-0403,oncorag-e-note-00892,rad_onc_followup,2023-03-02,en,notes/oncorag-e-0403/rad_onc_followup/2023-03-02__oncorag-e-note-00892.txt
oncorag-e-0404,oncorag-e-note-00893,rad_onc_followup,2022-07-02,en,notes/oncorag-e-0404/rad_onc_followup/2022-07-02__oncorag-e-note-00893.txt
oncorag-e-0405,oncorag-e-note-00894,rad_onc_followup,2025-03-17,en,notes/oncorag-e-0405/rad_onc_followup/2025-03-17__oncorag-e-note-00894.txt
oncorag-e-0406,oncorag-e-note-00895,rad_onc_followup,2020-06-16,en,notes/oncorag-e-0406/rad_onc_followup/2020-06-16__oncorag-e-note-00895.txt
oncorag-e-0407,oncorag-e-note-00896,rad_onc_followup,2022-02-16,en,notes/oncorag-e-0407/rad_onc_followup/2022-02-16__oncorag-e-note-00896.txt
oncorag-e-0408,oncorag-e-note-00897,rad_onc_followup,2021-01-13,en,notes/oncorag-e-0408/rad_onc_followup/2021-01-13__oncorag-e-note-00897.txt
oncorag-e-0409,oncorag-e-note-00898,rad_onc_followup,2024-03-15,en,notes/oncorag-e-0409/rad_onc_followup/2024-03-15__oncorag-e-note-00898.txt
oncorag-e-0410,oncorag-e-note-00899,rad_onc_followup,2024-05-29,en,notes/oncorag-e-0410/rad_onc_followup/2024-05-29__oncorag-e-note-00899.txt
oncorag-e-0411,oncorag-e-note-00900,rad_onc_followup,2020-05-26,en,notes/oncorag-e-0411/rad_onc_followup/2020-05-26__oncorag-e-note-00900.txt
oncorag-e-0412,oncorag-e-note-00901,rad_onc_followup,2020-03-04,en,notes/oncorag-e-0412/rad_onc_followup/2020-03-04__oncorag-e-note-00901.txt
oncorag-e-0413,oncorag-e-note-00902,rad_onc_followup,2020-08-22,en,notes/oncorag-e-0413/rad_onc_followup/2020-08-22__oncorag-e-note-00902.txt
oncorag-e-0414,oncorag-e-note-00903,med_onc_note,2020-05-15,en,notes/oncorag-e-0414/med_onc_note/2020-05-15__oncorag-e-note-00903.txt
oncorag-e-0415,oncorag-e-note-00904,rad_onc_followup,2021-02-20,en,notes/oncorag-e-0415/rad_onc_followup/2021-02-20__oncorag-e-note-00904.txt
oncorag-e-0416,oncorag-e-note-00905,rad_onc_followup,2025-03-01,en,notes/oncorag-e-0416/rad_onc_followup/2025-03-01__oncorag-e-note-00905.txt
oncorag-e-0417,oncorag-e-note-00906,med_onc_note,2021-04-02,en,notes/oncorag-e-0417/med_onc_note/2021-04-02__oncorag-e-note-00906.txt
oncorag-e-0418,oncorag-e-note-00907,rad_onc_followup,2025-09-21,en,notes/oncorag-e-0418/rad_onc_followup/2025-09-21__oncorag-e-note-00907.txt
oncorag-e-0419,oncorag-e-note-00908,med_onc_note,2021-08-26,en,notes/oncorag-e-0419/med_onc_note/2021-08-26__oncorag-e-note-00908.txt
oncorag-e-0420,oncorag-e-note-00909,med_onc_note,2025-07-30,en,notes/oncorag-e-0420/med_onc_note/2025-07-30__oncorag-e-note-00909.txt
oncorag-e-0421,oncorag-e-note-00910,rad_onc_followup,2024-08-07,en,notes/oncorag-e-0421/rad_onc_followup/2024-08-07__oncorag-e-note-00910.txt
oncorag-e-0422,oncorag-e-note-00911,rad_onc_followup,2020-12-29,en,notes/oncorag-e-0422/rad_onc_followup/2020-12-29__oncorag-e-note-00911.txt
oncorag-e-0423,oncorag-e-note-00912,med_onc_note,2020-07-29,en,notes/oncorag-e-0423/med_onc_note/2020-07-29__oncorag-e-note-00912.txt
oncorag-e-0424,oncorag-e-note-00913,rad_onc_followup,2024-04-04,en,notes/oncorag-e-0424/rad_onc_followup/2024-04-04__oncorag-e-note-00913.txt
oncorag-e-0425,oncorag-e-note-00914,rad_onc_followup,2021-12-11,en,notes/oncorag-e-0425/rad_onc_followup/2021-12-11__oncorag-e-note-00914.txt
oncorag-e-0426,oncorag-e-note-00915,rad_onc_followup,2025-03-05,en,notes/oncorag-e-0426/rad_onc_followup/2025-03-05__oncorag-e-note-00915.txt
oncorag-e-0427,oncorag-e-note-00916,rad_onc_followup,2020-10-15,en,notes/oncorag-e-0427/rad_onc_followup/2020-10-15__oncorag-e-note-00916.txt
oncorag-e-0428,oncorag-e-note-00917,rad_onc_followup,2020-07-04,en,notes/oncorag-e-0428/rad_onc_followup/2020-07-04__oncorag-e-note-00917.txt
oncorag-e-0429,oncorag-e-note-00918,rad_onc_followup,2025-12-05,en,notes/oncorag-e-0429/rad_onc_followup/2025-12-05__oncorag-e-note-00918.txt
oncorag-e-0430,oncorag-e-note-00919,rad_onc_followup,2023-07-29,en,notes/oncorag-e-0430/rad_onc_followup/2023-07-29__oncorag-e-note-00919.txt
oncorag-e-0431,oncorag-e-note-00920,med_onc_note,2021-11-21,en,notes/oncorag-e-0431/med_onc_note/2021-11-21__oncorag-e-note-00920.txt
oncorag-e-0432,oncorag-e-note-00921,rad_onc_followup,2025-11-08,en,notes/oncorag-e-0432/rad_onc_followup/2025-11-08__oncorag-e-note-00921.txt
oncorag-e-0433,oncorag-e-note-00922,med_onc_note,2020-05-08,en,notes/oncorag-e-0433/med_onc_note/2020-05-08__oncorag-e-note-00922.txt
oncorag-e-0434,oncorag-e-note-00923,rad_onc_followup,2020-12-26,en,notes/oncorag-e-0434/rad_onc_followup/2020-12-26__oncorag-e-note-00923.txt
oncorag-e-0435,oncorag-e-note-00924,med_onc_note,2022-03-22,en,notes/oncorag-e-0435/med_onc_note/2022-03-22__oncorag-e-note-00924.txt
oncorag-e-0436,oncorag-e-note-00925,med_onc_note,2023-09-07,en,notes/oncorag-e-0436/med_onc_note/2023-09-07__oncorag-e-note-00925.txt
oncorag-e-0437,oncorag-e-note-00926,rad_onc_followup,2021-08-12,en,notes/oncorag-e-0437/rad_onc_followup/2021-08-12__oncorag-e-note-00926.txt
oncorag-e-0438,oncorag-e-note-00927,rad_onc_followup,2022-03-26,en,notes/oncorag-e-0438/rad_onc_followup/2022-03-26__oncorag-e-note-00927.txt
oncorag-e-0439,oncorag-e-note-00928,rad_onc_followup,2021-11-17,en,notes/oncorag-e-0439/rad_onc_followup/2021-11-17__oncorag-e-note-00928.txt
oncorag-e-0440,oncorag-e-note-00929,rad_onc_followup,2024-11-15,en,notes/oncorag-e-0440/rad_onc_followup/2024-11-15__oncorag-e-note-00929.txt
oncorag-e-0441,oncorag-e-note-00930,rad_onc_followup,2022-12-15,en,notes/oncorag-e-0441/rad_onc_followup/2022-12-15__oncorag-e-note-00930.txt
oncorag-e-0442,oncorag-e-note-00931,rad_onc_followup,2022-12-14,en,notes/oncorag-e-0442/rad_onc_followup/2022-12-14__oncorag-e-note-00931.txt
oncorag-e-0443,oncorag-e-note-00932,rad_onc_followup,2020-04-23,en,notes/oncorag-e-0443/rad_onc_followup/2020-04-23__oncorag-e-note-00932.txt
oncorag-e-0444,oncorag-e-note-00933,rad_onc_followup,2025-10-03,en,notes/oncorag-e-0444/rad_onc_followup/2025-10-03__oncorag-e-note-00933.txt
oncorag-e-0445,oncorag-e-note-00934,rad_onc_followup,2021-11-20,en,notes/oncorag-e-0445/rad_onc_followup/2021-11-20__oncorag-e-note-00934.txt
oncorag-e-0446,oncorag-e-note-00935,rad_onc_followup,2023-01-08,en,notes/oncorag-e-0446/rad_onc_followup/2023-01-08__oncorag-e-note-00935.txt
oncorag-e-0447,oncorag-e-note-00936,rad_onc_followup,2023-04-21,en,notes/oncorag-e-0447/rad_onc_followup/2023-04-21__oncorag-e-note-00936.txt
oncorag-e-0448,oncorag-e-note-00937,rad_onc_followup,2023-06-07,en,notes/oncorag-e-0448/rad_onc_followup/2023-06-07__oncorag-e-note-00937.txt
oncorag-e-0449,oncorag-e-note-00938,rad_onc_followup,2025-10-23,en,notes/oncorag-e-0449/rad_onc_followup/2025-10-23__oncorag-e-note-00938.txt
oncorag-e-0450,oncorag-e-note-00939,rad_onc_followup,2024-04-27,en,notes/oncorag-e-0450/rad_onc_followup/2024-04-27__oncorag-e-note-00939.txt
oncorag-e-0451,oncorag-e-note-00940,rad_onc_followup,2023-04-18,en,notes/oncorag-e-0451/rad_onc_followup/2023-04-18__oncorag-e-note-00940.txt
oncorag-e-0452,oncorag-e-note-00941,rad_onc_followup,2024-01-28,en,notes/oncorag-e-0452/rad_onc_followup/2024-01-28__oncorag-e-note-00941.txt
oncorag-e-0453,oncorag-e-note-00942,rad_onc_followup,2021-07-31,en,notes/oncorag-e-0453/rad_onc_followup/2021-07-31__oncorag-e-note-00942.txt
oncorag-e-0454,oncorag-e-note-00943,med_onc_note,2025-02-20,en,notes/oncorag-e-0454/med_onc_note/2025-02-20__oncorag-e-note-00943.txt
oncorag-e-0455,oncorag-e-note-00944,rad_onc_followup,2025-04-15,en,notes/oncorag-e-0455/rad_onc_followup/2025-04-15__oncorag-e-note-00944.txt
oncorag-e-0456,oncorag-e-note-00945,rad_onc_followup,2024-07-20,en,notes/oncorag-e-0456/rad_onc_followup/2024-07-20__oncorag-e-note-00945.txt
oncorag-e-0457,oncorag-e-note-00946,rad_onc_followup,2021-02-12,en,notes/oncorag-e-0457/rad_onc_followup/2021-02-12__oncorag-e-note-00946.txt
oncorag-e-0458,oncorag-e-note-00947,rad_onc_followup,2022-11-04,en,notes/oncorag-e-0458/rad_onc_followup/2022-11-04__oncorag-e-note-00947.txt
oncorag-e-0459,oncorag-e-note-00948,rad_onc_followup,2024-04-06,en,notes/oncorag-e-0459/rad_onc_followup/2024-04-06__oncorag-e-note-00948.txt
oncorag-e-0460,oncorag-e-note-00949,rad_onc_followup,2021-07-23,en,notes/oncorag-e-0460/rad_onc_followup/2021-07-23__oncorag-e-note-00949.txt
oncorag-e-0461,oncorag-e-note-00950,imaging_report,2024-05-16,en,notes/oncorag-e-0461/imaging_report/2024-05-16__oncorag-e-note-00950.txt
oncorag-e-0462,oncorag-e-note-00951,rad_onc_followup,2023-09-27,en,notes/oncorag-e-0462/rad_onc_followup/2023-09-27__oncorag-e-note-00951.txt
oncorag-e-0463,oncorag-e-note-00952,rad_onc_followup,2025-10-03,en,notes/oncorag-e-0463/rad_onc_followup/2025-10-03__oncorag-e-note-00952.txt
oncorag-e-0464,oncorag-e-note-00953,rad_onc_followup,2021-12-13,en,notes/oncorag-e-0464/rad_onc_followup/2021-12-13__oncorag-e-note-00953.txt
oncorag-e-0465,oncorag-e-note-00954,lab_report,2021-05-15,en,notes/oncorag-e-0465/lab_report/2021-05-15__oncorag-e-note-00954.txt
oncorag-e-0466,oncorag-e-note-00955,rad_onc_followup,2021-01-12,en,notes/oncorag-e-0466/rad_onc_followup/2021-01-12__oncorag-e-note-00955.txt
oncorag-e-0467,oncorag-e-note-00956,med_onc_note,2022-11-27,en,notes/oncorag-e-0467/med_onc_note/2022-11-27__oncorag-e-note-00956.txt
oncorag-e-0468,oncorag-e-note-00957,rad_onc_followup,2021-08-18,en,notes/oncorag-e-0468/rad_onc_followup/2021-08-18__oncorag-e-note-00957.txt
oncorag-e-0469,oncorag-e-note-00958,rad_onc_followup,2021-12-10,en,notes/oncorag-e-0469/rad_onc_followup/2021-12-10__oncorag-e-note-00958.txt
oncorag-e-0470,oncorag-e-note-00959,med_onc_note,2021-02-08,en,notes/oncorag-e-0470/med_onc_note/2021-02-08__oncorag-e-note-00959.txt
oncorag-e-0471,oncorag-e-note-00960,rad_onc_followup,2021-05-24,en,notes/oncorag-e-0471/rad_onc_followup/2021-05-24__oncorag-e-note-00960.txt
oncorag-e-0472,oncorag-e-note-00961,rad_onc_followup,2024-10-27,en,notes/oncorag-e-0472/rad_onc_followup/2024-10-27__oncorag-e-note-00961.txt
oncorag-e-0473,oncorag-e-note-00962,med_onc_note,2024-10-16,en,notes/oncorag-e-0473/med_onc_note/2024-10-16__oncorag-e-note-00962.txt
oncorag-e-0474,oncorag-e-note-00963,rad_onc_followup,2021-11-06,en,notes/oncorag-e-0474/rad_onc_followup/2021-11-06__oncorag-e-note-00963.txt
oncorag-e-0475,oncorag-e-note-00964,rad_onc_followup,2022-01-06,en,notes/oncorag-e-0475/rad_onc_followup/2022-01-06__oncorag-e-note-00964.txt
oncorag-e-0476,oncorag-e-note-00965,rad_onc_followup,2024-08-26,en,notes/oncorag-e-0476/rad_onc_followup/2024-08-26__oncorag-e-note-00965.txt
oncorag-e-0477,oncorag-e-note-00966,rad_onc_followup,2020-05-11,en,notes/oncorag-e-0477/rad_onc_followup/2020-05-11__oncorag-e-note-00966.txt
oncorag-e-0478,oncorag-e-note-00967,rad_onc_followup,2023-08-07,en,notes/oncorag-e-0478/rad_onc_followup/2023-08-07__oncorag-e-note-00967.txt
oncorag-e-0479,oncorag-e-note-00968,rad_onc_followup,2020-09-26,en,notes/oncorag-e-0479/rad_onc_followup/2020-09-26__oncorag-e-note-00968.txt
oncorag-e-0480,oncorag-e-note-00969,lab_report,2021-01-25,en,notes/oncorag-e-0480/lab_report/2021-01-25__oncorag-e-note-00969.txt
oncorag-e-0481,oncorag-e-note-00970,rad_onc_followup,2024-09-08,en,notes/oncorag-e-0481/rad_onc_followup/2024-09-08__oncorag-e-note-00970.txt
oncorag-e-0482,oncorag-e-note-00971,rad_onc_followup,2022-06-21,en,notes/oncorag-e-0482/rad_onc_followup/2022-06-21__oncorag-e-note-00971.txt
oncorag-e-0483,oncorag-e-note-00972,rad_onc_followup,2023-04-12,en,notes/oncorag-e-0483/rad_onc_followup/2023-04-12__oncorag-e-note-00972.txt
oncorag-e-0484,oncorag-e-note-00973,rad_onc_followup,2021-10-23,en,notes/oncorag-e-0484/rad_onc_followup/2021-10-23__oncorag-e-note-00973.txt
oncorag-e-0485,oncorag-e-note-00974,rad_onc_followup,2021-01-02,en,notes/oncorag-e-0485/rad_onc_followup/2021-01-02__oncorag-e-note-00974.txt
oncorag-e-0486,oncorag-e-note-00975,rad_onc_followup,2022-01-15,en,notes/oncorag-e-0486/rad_onc_followup/2022-01-15__oncorag-e-note-00975.txt
oncorag-e-0487,oncorag-e-note-00976,rad_onc_followup,2025-02-08,en,notes/oncorag-e-0487/rad_onc_followup/2025-02-08__oncorag-e-note-00976.txt
oncorag-e-0488,oncorag-e-note-00977,rad_onc_followup,2025-12-03,en,notes/oncorag-e-0488/rad_onc_followup/2025-12-03__oncorag-e-note-00977.txt
oncorag-e-0489,oncorag-e-note-00978,med_onc_note,2020-08-30,en,notes/oncorag-e-0489/med_onc_note/2020-08-30__oncorag-e-note-00978.txt
oncorag-e-0001,oncorag-e-note-00979,rad_onc_followup,2020-08-26,en,notes/oncorag-e-0001/rad_onc_followup/2020-08-26__oncorag-e-note-00979.txt
oncorag-e-0002,oncorag-e-note-00980,rad_onc_followup,2022-09-20,en,notes/oncorag-e-0002/rad_onc_followup/2022-09-20__oncorag-e-note-00980.txt
oncorag-e-0003,oncorag-e-note-00981,rad_onc_followup,2024-02-06,en,notes/oncorag-e-0003/rad_onc_followup/2024-02-06__oncorag-e-note-00981.txt
oncorag-e-0004,oncorag-e-note-00982,rad_onc_followup,2024-10-13,en,notes/oncorag-e-0004/rad_onc_followup/2024-10-13__oncorag-e-note-00982.txt
oncorag-e-0005,oncorag-e-note-00983,rad_onc_followup,2020-06-15,en,notes/oncorag-e-0005/rad_onc_followup/2020-06-15__oncorag-e-note-00983.txt
oncorag-e-0006,oncorag-e-note-00984,rad_onc_followup,2025-09-04,en,notes/oncorag-e-0006/rad_onc_followup/2025-09-04__oncorag-e-note-00984.txt
oncorag-e-0007,oncorag-e-note-00985,rad_onc_followup,2022-12-10,en,notes/oncorag-e-0007/rad_onc_followup/2022-12-10__oncorag-e-note-00985.txt
oncorag-e-0008,oncorag-e-note-00986,rad_onc_followup,2021-05-25,en,notes/oncorag-e-0008/rad_onc_followup/2021-05-25__oncorag-e-note-00986.txt
oncorag-e-0009,oncorag-e-note-00987,rad_onc_followup,2021-11-21,en,notes/oncorag-e-0009/rad_onc_followup/2021-11-21__oncorag-e-note-00987.txt
oncorag-e-0010,oncorag-e-note-00988,rad_onc_followup,2022-01-12,en,notes/oncorag-e-0010/rad_onc_followup/2022-01-12__oncorag-e-note-00988.txt
oncorag-e-0011,oncorag-e-note-00989,rad_onc_followup,2022-04-05,en,notes/oncorag-e-0011/rad_onc_followup/2022-04-05__oncorag-e-note-00989.txt
oncorag-e-0012,oncorag-e-note-00990,rad_onc_followup,2020-03-29,en,notes/oncorag-e-0012/rad_onc_followup/2020-03-29__oncorag-e-note-00990.txt
oncorag-e-0013,oncorag-e-note-00991,rad_onc_followup,2023-12-25,en,notes/oncorag-e-0013/rad_onc_followup/2023-12-25__oncorag-e-note-00991.txt
oncorag-e-0014,oncorag-e-note-00992,med_onc_note,2025-06-03,en,notes/oncorag-e-0014/med_onc_note/2025-06-03__oncorag-e-note-00992.txt
oncorag-e-0015,oncorag-e-note-00993,rad_onc_followup,2022-06-03,en,notes/oncorag-e-0015/rad_onc_followup/2022-06-03__oncorag-e-note-00993.txt
oncorag-e-0016,oncorag-e-note-00994,rad_onc_followup,2025-07-24,en,notes/oncorag-e-0016/rad_onc_followup/2025-07-24__oncorag-e-note-00994.txt
oncorag-e-0017,oncorag-e-note-00995,med_onc_note,2020-11-21,en,notes/oncorag-e-0017/med_onc_note/2020-11-21__oncorag-e-note-00995.txt
oncorag-e-0018,oncorag-e-note-00996,rad_onc_followup,2020-04-09,en,notes/oncorag-e-0018/rad_onc_followup/2020-04-09__oncorag-e-note-00996.txt
oncorag-e-0019,oncorag-e-note-00997,lab_report,2026-01-25,en,notes/oncorag-e-0019/lab_report/2026-01-25__oncorag-e-note-00997.txt
oncorag-e-0020,oncorag-e-note-00998,rad_onc_followup,2024-05-21,en,notes/oncorag-e-0020/rad_onc_followup/2024-05-21__oncorag-e-note-00998.txt
oncorag-e-0021,oncorag-e-note-00999,rad_onc_followup,2021-04-03,en,notes/oncorag-e-0021/rad_onc_followup/2021-04-03__oncorag-e-note-00999.txt
oncorag-e-0022,oncorag-e-note-01000,rad_onc_followup,2020-09-02,en,notes/oncorag-e-0022/rad_onc_followup/2020-09-02__oncorag-e-note-01000.txt
oncorag-e-0023,oncorag-e-note-01001,rad_onc_followup,2023-03-26,en,notes/oncorag-e-0023/rad_onc_followup/2023-03-26__oncorag-e-note-01001.txt
oncorag-e-0024,oncorag-e-note-01002,rad_onc_followup,2024-01-13,en,notes/oncorag-e-0024/rad_onc_followup/2024-01-13__oncorag-e-note-01002.txt
oncorag-e-0025,oncorag-e-note-01003,rad_onc_followup,2024-05-17,en,notes/oncorag-e-0025/rad_onc_followup/2024-05-17__oncorag-e-note-01003.txt
oncorag-e-0026,oncorag-e-note-01004,rad_onc_followup,2020-04-06,en,notes/oncorag-e-0026/rad_onc_followup/2020-04-06__oncorag-e-note-01004.txt
oncorag-e-0027,oncorag-e-note-01005,med_onc_note,2021-11-30,en,notes/oncorag-e-0027/med_onc_note/2021-11-30__oncorag-e-note-01005.txt
oncorag-e-0028,oncorag-e-note-01006,rad_onc_followup,2024-02-25,en,notes/oncorag-e-0028/rad_onc_followup/2024-02-25__oncorag-e-note-01006.txt
oncorag-e-0029,oncorag-e-note-01007,med_onc_note,2025-09-14,en,notes/oncorag-e-0029/med_onc_note/2025-09-14__oncorag-e-note-01007.txt
oncorag-e-0030,oncorag-e-note-01008,rad_onc_followup,2024-06-07,en,notes/oncorag-e-0030/rad_onc_followup/2024-06-07__oncorag-e-note-01008.txt
oncorag-e-0031,oncorag-e-note-01009,rad_onc_followup,2020-03-21,en,notes/oncorag-e-0031/rad_onc_followup/2020-03-21__oncorag-e-note-01009.txt
oncorag-e-0032,oncorag-e-note-01010,rad_onc_followup,2025-01-11,en,notes/oncorag-e-0032/rad_onc_followup/2025-01-11__oncorag-e-note-01010.txt
oncorag-e-0033,oncorag-e-note-01011,med_onc_note,2020-11-25,en,notes/oncorag-e-0033/med_onc_note/2020-11-25__oncorag-e-note-01011.txt
oncorag-e-0034,oncorag-e-note-01012,imaging_report,2023-11-02,en,notes/oncorag-e-0034/imaging_report/2023-11-02__oncorag-e-note-01012.txt
oncorag-e-0035,oncorag-e-note-01013,rad_onc_followup,2024-03-02,en,notes/oncorag-e-0035/rad_onc_followup/2024-03-02__oncorag-e-note-01013.txt
oncorag-e-0036,oncorag-e-note-01014,lab_report,2023-01-01,en,notes/oncorag-e-0036/lab_report/2023-01-01__oncorag-e-note-01014.txt
oncorag-e-0037,oncorag-e-note-01015,rad_onc_followup,2025-09-16,en,notes/oncorag-e-0037/rad_onc_followup/2025-09-16__oncorag-e-note-01015.txt
oncorag-e-0038,oncorag-e-note-01016,med_onc_note,2023-08-28,en,notes/oncorag-e-0038/med_onc_note/2023-08-28__oncorag-e-note-01016.txt
oncorag-e-0039,oncorag-e-note-01017,med_onc_note,2021-06-13,en,notes/oncorag-e-0039/med_onc_note/2021-06-13__oncorag-e-note-01017.txt
oncorag-e-0040,oncorag-e-note-01018,rad_onc_followup,2022-04-07,en,notes/oncorag-e-0040/rad_onc_followup/2022-04-07__oncorag-e-note-01018.txt
oncorag-e-0041,oncorag-e-note-01019,rad_onc_followup,2020-09-21,en,notes/oncorag-e-0041/rad_onc_followup/2020-09-21__oncorag-e-note-01019.txt
oncorag-e-0042,oncorag-e-note-01020,rad_onc_followup,2021-12-06,en,notes/oncorag-e-0042/rad_onc_followup/2021-12-06__oncorag-e-note-01020.txt
oncorag-e-0043,oncorag-e-note-01021,rad_onc_followup,2023-10-02,en,notes/oncorag-e-0043/rad_onc_followup/2023-10-02__oncorag-e-note-01021.txt
oncorag-e-0044,oncorag-e-note-01022,rad_onc_followup,2022-07-22,en,notes/oncorag-e-0044/rad_onc_followup/2022-07-22__oncorag-e-note-01022.txt
oncorag-e-0045,oncorag-e-note-01023,rad_onc_followup,2021-05-21,en,notes/oncorag-e-0045/rad_onc_followup/2021-05-21__oncorag-e-note-01023.txt
oncorag-e-0046,oncorag-e-note-01024,rad_onc_followup,2026-01-08,en,notes/oncorag-e-0046/rad_onc_followup/2026-01-08__oncorag-e-note-01024.txt
oncorag-e-0047,oncorag-e-note-01025,rad_onc_followup,2023-07-27,en,notes/oncorag-e-0047/rad_onc_followup/2023-07-27__oncorag-e-note-01025.txt
oncorag-e-0048,oncorag-e-note-01026,rad_onc_followup,2020-10-29,en,notes/oncorag-e-0048/rad_onc_followup/2020-10-29__oncorag-e-note-01026.txt
oncorag-e-0049,oncorag-e-note-01027,med_onc_note,2024-07-28,en,notes/oncorag-e-0049/med_onc_note/2024-07-28__oncorag-e-note-01027.txt
oncorag-e-0050,oncorag-e-note-01028,rad_onc_followup,2021-12-29,en,notes/oncorag-e-0050/rad_onc_followup/2021-12-29__oncorag-e-note-01028.txt
oncorag-e-0051,oncorag-e-note-01029,rad_onc_followup,2021-01-16,en,notes/oncorag-e-0051/rad_onc_followup/2021-01-16__oncorag-e-note-01029.txt
oncorag-e-0052,oncorag-e-note-01030,imaging_report,2025-12-19,en,notes/oncorag-e-0052/imaging_report/2025-12-19__oncorag-e-note-01030.txt
oncorag-e-0053,oncorag-e-note-01031,rad_onc_followup,2021-04-19,en,notes/oncorag-e-0053/rad_onc_followup/2021-04-19__oncorag-e-note-01031.txt
oncorag-e-0054,oncorag-e-note-01032,med_onc_note,2021-09-08,en,notes/oncorag-e-0054/med_onc_note/2021-09-08__oncorag-e-note-01032.txt
oncorag-e-0055,oncorag-e-note-01033,rad_onc_followup,2025-11-19,en,notes/oncorag-e-0055/rad_onc_followup/2025-11-19__oncorag-e-note-01033.txt
oncorag-e-0056,oncorag-e-note-01034,rad_onc_followup,2020-02-06,en,notes/oncorag-e-0056/rad_onc_followup/2020-02-06__oncorag-e-note-01034.txt
oncorag-e-0057,oncorag-e-note-01035,med_onc_note,2021-12-27,en,notes/oncorag-e-0057/med_onc_note/2021-12-27__oncorag-e-note-01035.txt
oncorag-e-0058,oncorag-e-note-01036,rad_onc_followup,2024-07-14,en,notes/oncorag-e-0058/rad_onc_followup/2024-07-14__oncorag-e-note-01036.txt
oncorag-e-0059,oncorag-e-note-01037,rad_onc_followup,2022-06-10,en,notes/oncorag-e-0059/rad_onc_followup/2022-06-10__oncorag-e-note-01037.txt
oncorag-e-0060,oncorag-e-note-01038,rad_onc_followup,2021-08-04,en,notes/oncorag-e-0060/rad_onc_followup/2021-08-04__oncorag-e-note-01038.txt
oncorag-e-0061,oncorag-e-note-01039,med_onc_note,2024-10-14,en,notes/oncorag-e-0061/med_onc_note/2024-10-14__oncorag-e-note-01039.txt
oncorag-e-0062,oncorag-e-note-01040,rad_onc_followup,2021-03-28,en,notes/oncorag-e-0062/rad_onc_followup/2021-03-28__oncorag-e-note-01040.txt
oncorag-e-0063,oncorag-e-note-01041,rad_onc_followup,2020-04-16,en,notes/oncorag-e-0063/rad_onc_followup/2020-04-16__oncorag-e-note-01041.txt
oncorag-e-0064,oncorag-e-note-01042,rad_onc_followup,2020-11-17,en,notes/oncorag-e-0064/rad_onc_followup/2020-11-17__oncorag-e-note-01042.txt
oncorag-e-0065,oncorag-e-note-01043,med_onc_note,2021-08-29,en,notes/oncorag-e-0065/med_onc_note/2021-08-29__oncorag-e-note-01043.txt
oncorag-e-0066,oncorag-e-note-01044,rad_onc_followup,2022-03-07,en,notes/oncorag-e-0066/rad_onc_followup/2022-03-07__oncorag-e-note-01044.txt
oncorag-e-0067,oncorag-e-note-01045,rad_onc_followup,2025-07-26,en,notes/oncorag-e-0067/rad_onc_followup/2025-07-26__oncorag-e-note-01045.txt
oncorag-e-0068,oncorag-e-note-01046,rad_onc_followup,2025-05-18,en,notes/oncorag-e-0068/rad_onc_followup/2025-05-18__oncorag-e-note-01046.txt
oncorag-e-0069,oncorag-e-note-01047,rad_onc_followup,2020-07-15,en,notes/oncorag-e-0069/rad_onc_followup/2020-07-15__oncorag-e-note-01047.txt
oncorag-e-0070,oncorag-e-note-01048,imaging_report,2023-04-03,en,notes/oncorag-e-0070/imaging_report/2023-04-03__oncorag-e-note-01048.txt
oncorag-e-0071,oncorag-e-note-01049,rad_onc_followup,2024-02-22,en,notes/oncorag-e-0071/rad_onc_followup/2024-02-22__oncorag-e-note-01049.txt
oncorag-e-0072,oncorag-e-note-01050,med_onc_note,2022-01-10,en,notes/oncorag-e-0072/med_onc_note/2022-01-10__oncorag-e-note-01050.txt
oncorag-e-0073,oncorag-e-note-01051,lab_report,2020-06-20,en,notes/oncorag-e-0073/lab_report/2020-06-20__oncorag-e-note-01051.txt
oncorag-e-0074,oncorag-e-note-01052,rad_onc_followup,2020-05-09,en,notes/oncorag-e-0074/rad_onc_followup/2020-05-09__oncorag-e-note-01052.txt
oncorag-e-0075,oncorag-e-note-01053,rad_onc_followup,2022-08-03,en,notes/oncorag-e-0075/rad_onc_followup/2022-08-03__oncorag-e-note-01053.txt
oncorag-e-0076,oncorag-e-note-01054,med_onc_note,2025-06-29,en,notes/oncorag-e-0076/med_onc_note/2025-06-29__oncorag-e-note-01054.txt
oncorag-e-0077,oncorag-e-note-01055,rad_onc_followup,2023-08-30,en,notes/oncorag-e-0077/rad_onc_followup/2023-08-30__oncorag-e-note-01055.txt
oncorag-e-0078,oncorag-e-note-01056,rad_onc_followup,2022-10-05,en,notes/oncorag-e-0078/rad_onc_followup/2022-10-05__oncorag-e-note-01056.txt
oncorag-e-0079,oncorag-e-note-01057,rad_onc_followup,2023-11-26,en,notes/oncorag-e-0079/rad_onc_followup/2023-11-26__oncorag-e-note-01057.txt
oncorag-e-0080,oncorag-e-note-01058,rad_onc_followup,2020-04-14,en,notes/oncorag-e-0080/rad_onc_followup/2020-04-14__oncorag-e-note-01058.txt
oncorag-e-0081,oncorag-e-note-01059,rad_onc_followup,2020-04-13,en,notes/oncorag-e-0081/rad_onc_followup/2020-04-13__oncorag-e-note-01059.txt
oncorag-e-0082,oncorag-e-note-01060,rad_onc_followup,2020-12-21,en,notes/oncorag-e-0082/rad_onc_followup/2020-12-21__oncorag-e-note-01060.txt
oncorag-e-0083,oncorag-e-note-01061,rad_onc_followup,2021-12-04,en,notes/oncorag-e-0083/rad_onc_followup/2021-12-04__oncorag-e-note-01061.txt
oncorag-e-0084,oncorag-e-note-01062,rad_onc_followup,2025-03-22,en,notes/oncorag-e-0084/rad_onc_followup/2025-03-22__oncorag-e-note-01062.txt
oncorag-e-0085,oncorag-e-note-01063,rad_onc_followup,2025-02-25,en,notes/oncorag-e-0085/rad_onc_followup/2025-02-25__oncorag-e-note-01063.txt
oncorag-e-0086,oncorag-e-note-01064,rad_onc_followup,2023-11-26,en,notes/oncorag-e-0086/rad_onc_followup/2023-11-26__oncorag-e-note-01064.txt
oncorag-e-0087,oncorag-e-note-01065,med_onc_note,2022-12-22,en,notes/oncorag-e-0087/med_onc_note/2022-12-22__oncorag-e-note-01065.txt
oncorag-e-0088,oncorag-e-note-01066,rad_onc_followup,2023-11-24,en,notes/oncorag-e-0088/rad_onc_followup/2023-11-24__oncorag-e-note-01066.txt
oncorag-e-0089,oncorag-e-note-01067,rad_onc_followup,2024-02-04,en,notes/oncorag-e-0089/rad_onc_followup/2024-02-04__oncorag-e-note-01067.txt
oncorag-e-0090,oncorag-e-note-01068,med_onc_note,2021-05-30,en,notes/oncorag-e-0090/med_onc_note/2021-05-30__oncorag-e-note-01068.txt
oncorag-e-0091,oncorag-e-note-01069,rad_onc_followup,2021-01-16,en,notes/oncorag-e-0091/rad_onc_followup/2021-01-16__oncorag-e-note-01069.txt
oncorag-e-0092,oncorag-e-note-01070,rad_onc_followup,2021-04-08,en,notes/oncorag-e-0092/rad_onc_followup/2021-04-08__oncorag-e-note-01070.txt
oncorag-e-0093,oncorag-e-note-01071,med_onc_note,2025-06-04,en,notes/oncorag-e-0093/med_onc_note/2025-06-04__oncorag-e-note-01071.txt
oncorag-e-0094,oncorag-e-note-01072,med_onc_note,2021-09-29,en,notes/oncorag-e-0094/med_onc_note/2021-09-29__oncorag-e-note-01072.txt
oncorag-e-0095,oncorag-e-note-01073,rad_onc_followup,2020-03-27,en,notes/oncorag-e-0095/rad_onc_followup/2020-03-27__oncorag-e-note-01073.txt
oncorag-e-0096,oncorag-e-note-01074,rad_onc_followup,2023-03-18,en,notes/oncorag-e-0096/rad_onc_followup/2023-03-18__oncorag-e-note-01074.txt
oncorag-e-0097,oncorag-e-note-01075,med_onc_note,2020-07-10,en,notes/oncorag-e-0097/med_onc_note/2020-07-10__oncorag-e-note-01075.txt
oncorag-e-0098,oncorag-e-note-01076,rad_onc_followup,2020-11-06,en,notes/oncorag-e-0098/rad_onc_followup/2020-11-06__oncorag-e-note-01076.txt
oncorag-e-0099,oncorag-e-note-01077,rad_onc_followup,2023-07-22,en,notes/oncorag-e-0099/rad_onc_followup/2023-07-22__oncorag-e-note-01077.txt
oncorag-e-0100,oncorag-e-note-01078,rad_onc_followup,2025-05-08,en,notes/oncorag-e-0100/rad_onc_followup/2025-05-08__oncorag-e-note-01078.txt
oncorag-e-0101,oncorag-e-note-01079,med_onc_note,2023-09-17,en,notes/oncorag-e-0101/med_onc_note/2023-09-17__oncorag-e-note-01079.txt
oncorag-e-0102,oncorag-e-note-01080,rad_onc_followup,2023-10-07,en,notes/oncorag-e-0102/rad_onc_followup/2023-10-07__oncorag-e-note-01080.txt
oncorag-e-0103,oncorag-e-note-01081,rad_onc_followup,2023-07-21,en,notes/oncorag-e-0103/rad_onc_followup/2023-07-21__oncorag-e-note-01081.txt
oncorag-e-0104,oncorag-e-note-01082,rad_onc_followup,2025-04-08,en,notes/oncorag-e-0104/rad_onc_followup/2025-04-08__oncorag-e-note-01082.txt
oncorag-e-0105,oncorag-e-note-01083,rad_onc_followup,2025-03-29,en,notes/oncorag-e-0105/rad_onc_followup/2025-03-29__oncorag-e-note-01083.txt
oncorag-e-0106,oncorag-e-note-01084,med_onc_note,2020-08-14,en,notes/oncorag-e-0106/med_onc_note/2020-08-14__oncorag-e-note-01084.txt
oncorag-e-0107,oncorag-e-note-01085,rad_onc_followup,2023-07-25,en,notes/oncorag-e-0107/rad_onc_followup/2023-07-25__oncorag-e-note-01085.txt
oncorag-e-0108,oncorag-e-note-01086,lab_report,2022-05-07,en,notes/oncorag-e-0108/lab_report/2022-05-07__oncorag-e-note-01086.txt
oncorag-e-0109,oncorag-e-note-01087,rad_onc_followup,2023-04-12,en,notes/oncorag-e-0109/rad_onc_followup/2023-04-12__oncorag-e-note-01087.txt
oncorag-e-0110,oncorag-e-note-01088,rad_onc_followup,2023-01-11,en,notes/oncorag-e-0110/rad_onc_followup/2023-01-11__oncorag-e-note-01088.txt
oncorag-e-0111,oncorag-e-note-01089,rad_onc_followup,2023-05-28,en,notes/oncorag-e-0111/rad_onc_followup/2023-05-28__oncorag-e-note-01089.txt
oncorag-e-0112,oncorag-e-note-01090,lab_report,2021-07-23,en,notes/oncorag-e-0112/lab_report/2021-07-23__oncorag-e-note-01090.txt
oncorag-e-0113,oncorag-e-note-01091,rad_onc_followup,2020-11-18,en,notes/oncorag-e-0113/rad_onc_followup/2020-11-18__oncorag-e-note-01091.txt
oncorag-e-0114,oncorag-e-note-01092,rad_onc_followup,2025-04-13,en,notes/oncorag-e-0114/rad_onc_followup/2025-04-13__oncorag-e-note-01092.txt
oncorag-e-0115,oncorag-e-note-01093,med_onc_note,2023-07-02,en,notes/oncorag-e-0115/med_onc_note/2023-07-02__oncorag-e-note-01093.txt
oncorag-e-0116,oncorag-e-note-01094,med_onc_note,2021-07-25,en,notes/oncorag-e-0116/med_onc_note/2021-07-25__oncorag-e-note-01094.txt
oncorag-e-0117,oncorag-e-note-01095,med_onc_note,2024-07-20,en,notes/oncorag-e-0117/med_onc_note/2024-07-20__oncorag-e-note-01095.txt
oncorag-e-0118,oncorag-e-note-01096,rad_onc_followup,2025-11-23,en,notes/oncorag-e-0118/rad_onc_followup/2025-11-23__oncorag-e-note-01096.txt
oncorag-e-0119,oncorag-e-note-01097,imaging_report,2021-09-17,en,notes/oncorag-e-0119/imaging_report/2021-09-17__oncorag-e-note-01097.txt
oncorag-e-0120,oncorag-e-note-01098,med_onc_note,2020-08-11,en,notes/oncorag-e-0120/med_onc_note/2020-08-11__oncorag-e-note-01098.txt
oncorag-e-0121,oncorag-e-note-01099,rad_onc_followup,2023-09-25,en,notes/oncorag-e-0121/rad_onc_followup/2023-09-25__oncorag-e-note-01099.txt
oncorag-e-0122,oncorag-e-note-01100,rad_onc_followup,2021-06-21,en,notes/oncorag-e-0122/rad_onc_followup/2021-06-21__oncorag-e-note-01100.txt
oncorag-e-0123,oncorag-e-note-01101,rad_onc_followup,2023-05-01,en,notes/oncorag-e-0123/rad_onc_followup/2023-05-01__oncorag-e-note-01101.txt
oncorag-e-0124,oncorag-e-note-01102,rad_onc_followup,2023-10-09,en,notes/oncorag-e-0124/rad_onc_followup/2023-10-09__oncorag-e-note-01102.txt
oncorag-e-0125,oncorag-e-note-01103,rad_onc_followup,2022-11-05,en,notes/oncorag-e-0125/rad_onc_followup/2022-11-05__oncorag-e-note-01103.txt
oncorag-e-0126,oncorag-e-note-01104,rad_onc_followup,2024-11-09,en,notes/oncorag-e-0126/rad_onc_followup/2024-11-09__oncorag-e-note-01104.txt
oncorag-e-0127,oncorag-e-note-01105,rad_onc_followup,2021-11-01,en,notes/oncorag-e-0127/rad_onc_followup/2021-11-01__oncorag-e-note-01105.txt
oncorag-e-0128,oncorag-e-note-01106,rad_onc_followup,2024-01-17,en,notes/oncorag-e-0128/rad_onc_followup/2024-01-17__oncorag-e-note-01106.txt
oncorag-e-0129,oncorag-e-note-01107,rad_onc_followup,2022-01-26,en,notes/oncorag-e-0129/rad_onc_followup/2022-01-26__oncorag-e-note-01107.txt
oncorag-e-0130,oncorag-e-note-01108,rad_onc_followup,2021-09-29,en,notes/oncorag-e-0130/rad_onc_followup/2021-09-29__oncorag-e-note-01108.txt
oncorag-e-0131,oncorag-e-note-01109,rad_onc_followup,2022-03-15,en,notes/oncorag-e-0131/rad_onc_followup/2022-03-15__oncorag-e-note-01109.txt
oncorag-e-0132,oncorag-e-note-01110,rad_onc_followup,2023-06-18,en,notes/oncorag-e-0132/rad_onc_followup/2023-06-18__oncorag-e-note-01110.txt
oncorag-e-0133,oncorag-e-note-01111,rad_onc_followup,2020-02-17,en,notes/oncorag-e-0133/rad_onc_followup/2020-02-17__oncorag-e-note-01111.txt
oncorag-e-0134,oncorag-e-note-01112,rad_onc_followup,2023-01-22,en,notes/oncorag-e-0134/rad_onc_followup/2023-01-22__oncorag-e-note-01112.txt
oncorag-e-0135,oncorag-e-note-01113,rad_onc_followup,2022-08-12,en,notes/oncorag-e-0135/rad_onc_followup/2022-08-12__oncorag-e-note-01113.txt
oncorag-e-0136,oncorag-e-note-01114,rad_onc_followup,2025-06-24,en,notes/oncorag-e-0136/rad_onc_followup/2025-06-24__oncorag-e-note-01114.txt
oncorag-e-0137,oncorag-e-note-01115,rad_onc_followup,2024-02-25,en,notes/oncorag-e-0137/rad_onc_followup/2024-02-25__oncorag-e-note-01115.txt
oncorag-e-0138,oncorag-e-note-01116,rad_onc_followup,2021-04-17,en,notes/oncorag-e-0138/rad_onc_followup/2021-04-17__oncorag-e-note-01116.txt
oncorag-e-0139,oncorag-e-note-01117,med_onc_note,2020-07-17,en,notes/oncorag-e-0139/med_onc_note/2020-07-17__oncorag-e-note-01117.txt
oncorag-e-0140,oncorag-e-note-01118,rad_onc_followup,2020-09-07,en,notes/oncorag-e-0140/rad_onc_followup/2020-09-07__oncorag-e-note-01118.txt
oncorag-e-0141,oncorag-e-note-01119,med_onc_note,2024-01-08,en,notes/oncorag-e-0141/med_onc_note/2024-01-08__oncorag-e-note-01119.txt
oncorag-e-0142,oncorag-e-note-01120,rad_onc_followup,2023-04-05,en,notes/oncorag-e-0142/rad_onc_followup/2023-04-05__oncorag-e-note-01120.txt
oncorag-e-0143,oncorag-e-note-01121,med_onc_note,2025-09-30,en,notes/oncorag-e-0143/med_onc_note/2025-09-30__oncorag-e-note-01121.txt
oncorag-e-0144,oncorag-e-note-01122,rad_onc_followup,2023-02-07,en,notes/oncorag-e-0144/rad_onc_followup/2023-02-07__oncorag-e-note-01122.txt
oncorag-e-0145,oncorag-e-note-01123,rad_onc_followup,2021-10-13,en,notes/oncorag-e-0145/rad_onc_followup/2021-10-13__oncorag-e-note-01123.txt
oncorag-e-0146,oncorag-e-note-01124,rad_onc_followup,2023-02-24,en,notes/oncorag-e-0146/rad_onc_followup/2023-02-24__oncorag-e-note-01124.txt
oncorag-e-0147,oncorag-e-note-01125,lab_report,2025-08-03,en,notes/oncorag-e-0147/lab_report/2025-08-03__oncorag-e-note-01125.txt
oncorag-e-0148,oncorag-e-note-01126,rad_onc_followup,2021-05-15,en,notes/oncorag-e-0148/rad_onc_followup/2021-05-15__oncorag-e-note-01126.txt
oncorag-e-0149,oncorag-e-note-01127,rad_onc_followup,2024-07-15,en,notes/oncorag-e-0149/rad_onc_followup/2024-07-15__oncorag-e-note-01127.txt
oncorag-e-0150,oncorag-e-note-01128,rad_onc_followup,2021-01-07,en,notes/oncorag-e-0150/rad_onc_followup/2021-01-07__oncorag-e-note-01128.txt
oncorag-e-0151,oncorag-e-note-01129,med_onc_note,2024-08-10,en,notes/oncorag-e-0151/med_onc_note/2024-08-10__oncorag-e-note-01129.txt
oncorag-e-0152,oncorag-e-note-01130,rad_onc_followup,2021-07-05,en,notes/oncorag-e-0152/rad_onc_followup/2021-07-05__oncorag-e-note-01130.txt
oncorag-e-0153,oncorag-e-note-01131,lab_report,2020-09-21,en,notes/oncorag-e-0153/lab_report/2020-09-21__oncorag-e-note-01131.txt
oncorag-e-0154,oncorag-e-note-01132,med_onc_note,2020-02-15,en,notes/oncorag-e-0154/med_onc_note/2020-02-15__oncorag-e-note-01132.txt
oncorag-e-0155,oncorag-e-note-01133,rad_onc_followup,2021-11-30,en,notes/oncorag-e-0155/rad_onc_followup/2021-11-30__oncorag-e-note-01133.txt
oncorag-e-0156,oncorag-e-note-01134,lab_report,2024-06-07,en,notes/oncorag-e-0156/lab_report/2024-06-07__oncorag-e-note-01134.txt
oncorag-e-0157,oncorag-e-note-01135,rad_onc_followup,2024-06-13,en,notes/oncorag-e-0157/rad_onc_followup/2024-06-13__oncorag-e-note-01135.txt
oncorag-e-0158,oncorag-e-note-01136,rad_onc_followup,2021-07-15,en,notes/oncorag-e-0158/rad_onc_followup/2021-07-15__oncorag-e-note-01136.txt
oncorag-e-0159,oncorag-e-note-01137,rad_onc_followup,2022-09-09,en,notes/oncorag-e-0159/rad_onc_followup/2022-09-09__oncorag-e-note-01137.txt
oncorag-e-0160,oncorag-e-note-01138,rad_onc_followup,2023-10-23,en,notes/oncorag-e-0160/rad_onc_followup/2023-10-23__oncorag-e-note-01138.txt
oncorag-e-0161,oncorag-e-note-01139,rad_onc_followup,2021-03-10,en,notes/oncorag-e-0161/rad_onc_followup/2021-03-10__oncorag-e-note-01139.txt
oncorag-e-0162,oncorag-e-note-01140,rad_onc_followup,2024-02-16,en,notes/oncorag-e-0162/rad_onc_followup/2024-02-16__oncorag-e-note-01140.txt
oncorag-e-0163,oncorag-e-note-01141,rad_onc_followup,2022-09-18,en,notes/oncorag-e-0163/rad_onc_followup/2022-09-18__oncorag-e-note-01141.txt
oncorag-e-0164,oncorag-e-note-01142,rad_onc_followup,2022-05-11,en,notes/oncorag-e-0164/rad_onc_followup/2022-05-11__oncorag-e-note-01142.txt
oncorag-e-0165,oncorag-e-note-01143,med_onc_note,2022-03-23,en,notes/oncorag-e-0165/med_onc_note/2022-03-23__oncorag-e-note-01143.txt
oncorag-e-0166,oncorag-e-note-01144,rad_onc_followup,2020-03-15,en,notes/oncorag-e-0166/rad_onc_followup/2020-03-15__oncorag-e-note-01144.txt
oncorag-e-0167,oncorag-e-note-01145,rad_onc_followup,2021-03-10,en,notes/oncorag-e-0167/rad_onc_followup/2021-03-10__oncorag-e-note-01145.txt
oncorag-e-0168,oncorag-e-note-01146,lab_report,2021-02-01,en,notes/oncorag-e-0168/lab_report/2021-02-01__oncorag-e-note-01146.txt
oncorag-e-0169,oncorag-e-note-01147,rad_onc_followup,2025-01-19,en,notes/oncorag-e-0169/rad_onc_followup/2025-01-19__oncorag-e-note-01147.txt
oncorag-e-0170,oncorag-e-note-01148,rad_onc_followup,2023-03-18,en,notes/oncorag-e-0170/rad_onc_followup/2023-03-18__oncorag-e-note-01148.txt
oncorag-e-0171,oncorag-e-note-01149,rad_onc_followup,2023-02-08,en,notes/oncorag-e-0171/rad_onc_followup/2023-02-08__oncorag-e-note-01149.txt
oncorag-e-0172,oncorag-e-note-01150,rad_onc_followup,2021-02-05,en,notes/oncorag-e-0172/rad_onc_followup/2021-02-05__oncorag-e-note-01150.txt
oncorag-e-0173,oncorag-e-note-01151,med_onc_note,2023-01-23,en,notes/oncorag-e-0173/med_onc_note/2023-01-23__oncorag-e-note-01151.txt
oncorag-e-0174,oncorag-e-note-01152,rad_onc_followup,2025-06-23,en,notes/oncorag-e-0174/rad_onc_followup/2025-06-23__oncorag-e-note-01152.txt
oncorag-e-0175,oncorag-e-note-01153,rad_onc_followup,2020-12-07,en,notes/oncorag-e-0175/rad_onc_followup/2020-12-07__oncorag-e-note-01153.txt
oncorag-e-0176,oncorag-e-note-01154,rad_onc_followup,2025-09-17,en,notes/oncorag-e-0176/rad_onc_followup/2025-09-17__oncorag-e-note-01154.txt
oncorag-e-0177,oncorag-e-note-01155,rad_onc_followup,2022-07-14,en,notes/oncorag-e-0177/rad_onc_followup/2022-07-14__oncorag-e-note-01155.txt
oncorag-e-0178,oncorag-e-note-01156,rad_onc_followup,2024-04-10,en,notes/oncorag-e-0178/rad_onc_followup/2024-04-10__oncorag-e-note-01156.txt
oncorag-e-0179,oncorag-e-note-01157,rad_onc_followup,2023-01-11,en,notes/oncorag-e-0179/rad_onc_followup/2023-01-11__oncorag-e-note-01157.txt
oncorag-e-0180,oncorag-e-note-01158,rad_onc_followup,2022-09-16,en,notes/oncorag-e-0180/rad_onc_followup/2022-09-16__oncorag-e-note-01158.txt
oncorag-e-0181,oncorag-e-note-01159,rad_onc_followup,2023-12-27,en,notes/oncorag-e-0181/rad_onc_followup/2023-12-27__oncorag-e-note-01159.txt
oncorag-e-0182,oncorag-e-note-01160,rad_onc_followup,2024-06-05,en,notes/oncorag-e-0182/rad_onc_followup/2024-06-05__oncorag-e-note-01160.txt
oncorag-e-0183,oncorag-e-note-01161,rad_onc_followup,2023-10-15,en,notes/oncorag-e-0183/rad_onc_followup/2023-10-15__oncorag-e-note-01161.txt
oncorag-e-0184,oncorag-e-note-01162,lab_report,2025-04-09,en,notes/oncorag-e-0184/lab_report/2025-04-09__oncorag-e-note-01162.txt
oncorag-e-0185,oncorag-e-note-01163,rad_onc_followup,2021-10-24,en,notes/oncorag-e-0185/rad_onc_followup/2021-10-24__oncorag-e-note-01163.txt
oncorag-e-0186,oncorag-e-note-01164,rad_onc_followup,2023-03-24,en,notes/oncorag-e-0186/rad_onc_followup/2023-03-24__oncorag-e-note-01164.txt
oncorag-e-0187,oncorag-e-note-01165,rad_onc_followup,2020-06-14,en,notes/oncorag-e-0187/rad_onc_followup/2020-06-14__oncorag-e-note-01165.txt
oncorag-e-0188,oncorag-e-note-01166,rad_onc_followup,2022-08-25,en,notes/oncorag-e-0188/rad_onc_followup/2022-08-25__oncorag-e-note-01166.txt
oncorag-e-0189,oncorag-e-note-01167,med_onc_note,2024-08-13,en,notes/oncorag-e-0189/med_onc_note/2024-08-13__oncorag-e-note-01167.txt
oncorag-e-0190,oncorag-e-note-01168,med_onc_note,2024-01-18,en,notes/oncorag-e-0190/med_onc_note/2024-01-18__oncorag-e-note-01168.txt
oncorag-e-0191,oncorag-e-note-01169,imaging_report,2022-01-27,en,notes/oncorag-e-0191/imaging_report/2022-01-27__oncorag-e-note-01169.txt
oncorag-e-0192,oncorag-e-note-01170,rad_onc_followup,2024-03-20,en,notes/oncorag-e-0192/rad_onc_followup/2024-03-20__oncorag-e-note-01170.txt
oncorag-e-0193,oncorag-e-note-01171,rad_onc_followup,2022-06-02,en,notes/oncorag-e-0193/rad_onc_followup/2022-06-02__oncorag-e-note-01171.txt
oncorag-e-0194,oncorag-e-note-01172,rad_onc_followup,2025-03-25,en,notes/oncorag-e-0194/rad_onc_followup/2025-03-25__oncorag-e-note-01172.txt
oncorag-e-0195,oncorag-e-note-01173,rad_onc_followup,2020-04-24,en,notes/oncorag-e-0195/rad_onc_followup/2020-04-24__oncorag-e-note-01173.txt
oncorag-e-0196,oncorag-e-note-01174,lab_report,2020-08-22,en,notes/oncorag-e-0196/lab_report/2020-08-22__oncorag-e-note-01174.txt
oncorag-e-0197,oncorag-e-note-01175,rad_onc_followup,2022-08-15,en,notes/oncorag-e-0197/rad_onc_followup/2022-08-15__oncorag-e-note-01175.txt
oncorag-e-0198,oncorag-e-note-01176,rad_onc_followup,2024-01-05,en,notes/oncorag-e-0198/rad_onc_followup/2024-01-05__oncorag-e-note-01176.txt
oncorag-e-0199,oncorag-e-note-01177,rad_onc_followup,2020-09-14,en,notes/oncorag-e-0199/rad_onc_followup/2020-09-14__oncorag-e-note-01177.txt
oncorag-e-0200,oncorag-e-note-01178,imaging_report,2023-10-15,en,notes/oncorag-e-0200/imaging_report/2023-10-15__oncorag-e-note-01178.txt
oncorag-e-0201,oncorag-e-note-01179,rad_onc_followup,2022-12-03,en,notes/oncorag-e-0201/rad_onc_followup/2022-12-03__oncorag-e-note-01179.txt
oncorag-e-0202,oncorag-e-note-01180,med_onc_note,2020-09-18,en,notes/oncorag-e-0202/med_onc_note/2020-09-18__oncorag-e-note-01180.txt
oncorag-e-0203,oncorag-e-note-01181,rad_onc_followup,2025-12-07,en,notes/oncorag-e-0203/rad_onc_followup/2025-12-07__oncorag-e-note-01181.txt
oncorag-e-0204,oncorag-e-note-01182,rad_onc_followup,2024-08-24,en,notes/oncorag-e-0204/rad_onc_followup/2024-08-24__oncorag-e-note-01182.txt
oncorag-e-0205,oncorag-e-note-01183,lab_report,2023-05-22,en,notes/oncorag-e-0205/lab_report/2023-05-22__oncorag-e-note-01183.txt
oncorag-e-0206,oncorag-e-note-01184,rad_onc_followup,2024-12-11,en,notes/oncorag-e-0206/rad_onc_followup/2024-12-11__oncorag-e-note-01184.txt
oncorag-e-0207,oncorag-e-note-01185,rad_onc_followup,2024-04-21,en,notes/oncorag-e-0207/rad_onc_followup/2024-04-21__oncorag-e-note-01185.txt
oncorag-e-0208,oncorag-e-note-01186,rad_onc_followup,2025-01-04,en,notes/oncorag-e-0208/rad_onc_followup/2025-01-04__oncorag-e-note-01186.txt
oncorag-e-0209,oncorag-e-note-01187,med_onc_note,2024-09-11,en,notes/oncorag-e-0209/med_onc_note/2024-09-11__oncorag-e-note-01187.txt
oncorag-e-0210,oncorag-e-note-01188,imaging_report,2022-11-04,en,notes/oncorag-e-0210/imaging_report/2022-11-04__oncorag-e-note-01188.txt
oncorag-e-0211,oncorag-e-note-01189,rad_onc_followup,2020-05-29,en,notes/oncorag-e-0211/rad_onc_followup/2020-05-29__oncorag-e-note-01189.txt
oncorag-e-0212,oncorag-e-note-01190,rad_onc_followup,2025-12-02,en,notes/oncorag-e-0212/rad_onc_followup/2025-12-02__oncorag-e-note-01190.txt
oncorag-e-0213,oncorag-e-note-01191,med_onc_note,2023-01-03,en,notes/oncorag-e-0213/med_onc_note/2023-01-03__oncorag-e-note-01191.txt
oncorag-e-0214,oncorag-e-note-01192,rad_onc_followup,2025-03-04,en,notes/oncorag-e-0214/rad_onc_followup/2025-03-04__oncorag-e-note-01192.txt
oncorag-e-0215,oncorag-e-note-01193,rad_onc_followup,2024-11-06,en,notes/oncorag-e-0215/rad_onc_followup/2024-11-06__oncorag-e-note-01193.txt
oncorag-e-0216,oncorag-e-note-01194,rad_onc_followup,2023-03-05,en,notes/oncorag-e-0216/rad_onc_followup/2023-03-05__oncorag-e-note-01194.txt
oncorag-e-0217,oncorag-e-note-01195,rad_onc_followup,2024-03-08,en,notes/oncorag-e-0217/rad_onc_followup/2024-03-08__oncorag-e-note-01195.txt
oncorag-e-0218,oncorag-e-note-01196,med_onc_note,2025-07-21,en,notes/oncorag-e-0218/med_onc_note/2025-07-21__oncorag-e-note-01196.txt
oncorag-e-0219,oncorag-e-note-01197,rad_onc_followup,2025-07-25,en,notes/oncorag-e-0219/rad_onc_followup/2025-07-25__oncorag-e-note-01197.txt
oncorag-e-0220,oncorag-e-note-01198,rad_onc_followup,2021-02-18,en,notes/oncorag-e-0220/rad_onc_followup/2021-02-18__oncorag-e-note-01198.txt
oncorag-e-0221,oncorag-e-note-01199,rad_onc_followup,2021-09-29,en,notes/oncorag-e-0221/rad_onc_followup/2021-09-29__oncorag-e-note-01199.txt
oncorag-e-0222,oncorag-e-note-01200,med_onc_note,2020-12-22,en,notes/oncorag-e-0222/med_onc_note/2020-12-22__oncorag-e-note-01200.txt
oncorag-e-0223,oncorag-e-note-01201,rad_onc_followup,2021-05-14,en,notes/oncorag-e-0223/rad_onc_followup/2021-05-14__oncorag-e-note-01201.txt
oncorag-e-0224,oncorag-e-note-01202,rad_onc_followup,2020-07-11,en,notes/oncorag-e-0224/rad_onc_followup/2020-07-11__oncorag-e-note-01202.txt
oncorag-e-0225,oncorag-e-note-01203,rad_onc_followup,2025-06-20,en,notes/oncorag-e-0225/rad_onc_followup/2025-06-20__oncorag-e-note-01203.txt
oncorag-e-0226,oncorag-e-note-01204,rad_onc_followup,2021-07-10,en,notes/oncorag-e-0226/rad_onc_followup/2021-07-10__oncorag-e-note-01204.txt
oncorag-e-0227,oncorag-e-note-01205,med_onc_note,2023-09-10,en,notes/oncorag-e-0227/med_onc_note/2023-09-10__oncorag-e-note-01205.txt
oncorag-e-0228,oncorag-e-note-01206,med_onc_note,2025-12-08,en,notes/oncorag-e-0228/med_onc_note/2025-12-08__oncorag-e-note-01206.txt
oncorag-e-0229,oncorag-e-note-01207,rad_onc_followup,2024-04-29,en,notes/oncorag-e-0229/rad_onc_followup/2024-04-29__oncorag-e-note-01207.txt
oncorag-e-0230,oncorag-e-note-01208,rad_onc_followup,2020-11-11,en,notes/oncorag-e-0230/rad_onc_followup/2020-11-11__oncorag-e-note-01208.txt
oncorag-e-0231,oncorag-e-note-01209,med_onc_note,2025-07-03,en,notes/oncorag-e-0231/med_onc_note/2025-07-03__oncorag-e-note-01209.txt
oncorag-e-0232,oncorag-e-note-01210,rad_onc_followup,2020-07-29,en,notes/oncorag-e-0232/rad_onc_followup/2020-07-29__oncorag-e-note-01210.txt
oncorag-e-0233,oncorag-e-note-01211,rad_onc_followup,2022-08-27,en,notes/oncorag-e-0233/rad_onc_followup/2022-08-27__oncorag-e-note-01211.txt
oncorag-e-0234,oncorag-e-note-01212,rad_onc_followup,2021-09-27,en,notes/oncorag-e-0234/rad_onc_followup/2021-09-27__oncorag-e-note-01212.txt
oncorag-e-0235,oncorag-e-note-01213,med_onc_note,2025-04-14,en,notes/oncorag-e-0235/med_onc_note/2025-04-14__oncorag-e-note-01213.txt
oncorag-e-0236,oncorag-e-note-01214,lab_report,2020-08-06,en,notes/oncorag-e-0236/lab_report/2020-08-06__oncorag-e-note-01214.txt
oncorag-e-0237,oncorag-e-note-01215,med_onc_note,2025-04-25,en,notes/oncorag-e-0237/med_onc_note/2025-04-25__oncorag-e-note-01215.txt
oncorag-e-0238,oncorag-e-note-01216,rad_onc_followup,2023-12-31,en,notes/oncorag-e-0238/rad_onc_followup/2023-12-31__oncorag-e-note-01216.txt
oncorag-e-0239,oncorag-e-note-01217,med_onc_note,2022-06-28,en,notes/oncorag-e-0239/med_onc_note/2022-06-28__oncorag-e-note-01217.txt
oncorag-e-0240,oncorag-e-note-01218,rad_onc_followup,2025-11-17,en,notes/oncorag-e-0240/rad_onc_followup/2025-11-17__oncorag-e-note-01218.txt
oncorag-e-0241,oncorag-e-note-01219,rad_onc_followup,2025-11-19,en,notes/oncorag-e-0241/rad_onc_followup/2025-11-19__oncorag-e-note-01219.txt
oncorag-e-0242,oncorag-e-note-01220,rad_onc_followup,2022-10-12,en,notes/oncorag-e-0242/rad_onc_followup/2022-10-12__oncorag-e-note-01220.txt
oncorag-e-0243,oncorag-e-note-01221,rad_onc_followup,2022-06-17,en,notes/oncorag-e-0243/rad_onc_followup/2022-06-17__oncorag-e-note-01221.txt
oncorag-e-0244,oncorag-e-note-01222,rad_onc_followup,2022-05-24,en,notes/oncorag-e-0244/rad_onc_followup/2022-05-24__oncorag-e-note-01222.txt
oncorag-e-0245,oncorag-e-note-01223,rad_onc_followup,2022-10-25,en,notes/oncorag-e-0245/rad_onc_followup/2022-10-25__oncorag-e-note-01223.txt
oncorag-e-0246,oncorag-e-note-01224,rad_onc_followup,2025-12-06,en,notes/oncorag-e-0246/rad_onc_followup/2025-12-06__oncorag-e-note-01224.txt
oncorag-e-0247,oncorag-e-note-01225,rad_onc_followup,2025-06-05,en,notes/oncorag-e-0247/rad_onc_followup/2025-06-05__oncorag-e-note-01225.txt
oncorag-e-0248,oncorag-e-note-01226,rad_onc_followup,2021-10-04,en,notes/oncorag-e-0248/rad_onc_followup/2021-10-04__oncorag-e-note-01226.txt
oncorag-e-0249,oncorag-e-note-01227,rad_onc_followup,2022-12-04,en,notes/oncorag-e-0249/rad_onc_followup/2022-12-04__oncorag-e-note-01227.txt
oncorag-e-0250,oncorag-e-note-01228,rad_onc_followup,2022-04-19,en,notes/oncorag-e-0250/rad_onc_followup/2022-04-19__oncorag-e-note-01228.txt
oncorag-e-0251,oncorag-e-note-01229,rad_onc_followup,2025-06-14,en,notes/oncorag-e-0251/rad_onc_followup/2025-06-14__oncorag-e-note-01229.txt
oncorag-e-0252,oncorag-e-note-01230,rad_onc_followup,2024-02-26,en,notes/oncorag-e-0252/rad_onc_followup/2024-02-26__oncorag-e-note-01230.txt
oncorag-e-0253,oncorag-e-note-01231,lab_report,2023-01-29,en,notes/oncorag-e-0253/lab_report/2023-01-29__oncorag-e-note-01231.txt
oncorag-e-0254,oncorag-e-note-01232,rad_onc_followup,2023-09-24,en,notes/oncorag-e-0254/rad_onc_followup/2023-09-24__oncorag-e-note-01232.txt
oncorag-e-0255,oncorag-e-note-01233,rad_onc_followup,2023-05-07,en,notes/oncorag-e-0255/rad_onc_followup/2023-05-07__oncorag-e-note-01233.txt
oncorag-e-0256,oncorag-e-note-01234,rad_onc_followup,2023-11-13,en,notes/oncorag-e-0256/rad_onc_followup/2023-11-13__oncorag-e-note-01234.txt
oncorag-e-0257,oncorag-e-note-01235,med_onc_note,2021-04-01,en,notes/oncorag-e-0257/med_onc_note/2021-04-01__oncorag-e-note-01235.txt
oncorag-e-0258,oncorag-e-note-01236,rad_onc_followup,2020-03-13,en,notes/oncorag-e-0258/rad_onc_followup/2020-03-13__oncorag-e-note-01236.txt
oncorag-e-0259,oncorag-e-note-01237,rad_onc_followup,2021-01-29,en,notes/oncorag-e-0259/rad_onc_followup/2021-01-29__oncorag-e-note-01237.txt
oncorag-e-0260,oncorag-e-note-01238,rad_onc_followup,2024-01-22,en,notes/oncorag-e-0260/rad_onc_followup/2024-01-22__oncorag-e-note-01238.txt
oncorag-e-0261,oncorag-e-note-01239,rad_onc_followup,2022-06-08,en,notes/oncorag-e-0261/rad_onc_followup/2022-06-08__oncorag-e-note-01239.txt
oncorag-e-0262,oncorag-e-note-01240,lab_report,2024-06-27,en,notes/oncorag-e-0262/lab_report/2024-06-27__oncorag-e-note-01240.txt
oncorag-e-0263,oncorag-e-note-01241,rad_onc_followup,2024-11-07,en,notes/oncorag-e-0263/rad_onc_followup/2024-11-07__oncorag-e-note-01241.txt
oncorag-e-0264,oncorag-e-note-01242,rad_onc_followup,2023-05-16,en,notes/oncorag-e-0264/rad_onc_followup/2023-05-16__oncorag-e-note-01242.txt
oncorag-e-0265,oncorag-e-note-01243,rad_onc_followup,2025-01-18,en,notes/oncorag-e-0265/rad_onc_followup/2025-01-18__oncorag-e-note-01243.txt
oncorag-e-0266,oncorag-e-note-01244,med_onc_note,2021-08-09,en,notes/oncorag-e-0266/med_onc_note/2021-08-09__oncorag-e-note-01244.txt
oncorag-e-0267,oncorag-e-note-01245,rad_onc_followup,2021-05-03,en,notes/oncorag-e-0267/rad_onc_followup/2021-05-03__oncorag-e-note-01245.txt
oncorag-e-0268,oncorag-e-note-01246,rad_onc_followup,2023-12-03,en,notes/oncorag-e-0268/rad_onc_followup/2023-12-03__oncorag-e-note-01246.txt
oncorag-e-0269,oncorag-e-note-01247,rad_onc_followup,2021-03-26,en,notes/oncorag-e-0269/rad_onc_followup/2021-03-26__oncorag-e-note-01247.txt
oncorag-e-0270,oncorag-e-note-01248,lab_report,2022-01-17,en,notes/oncorag-e-0270/lab_report/2022-01-17__oncorag-e-note-01248.txt
oncorag-e-0271,oncorag-e-note-01249,rad_onc_followup,2022-05-19,en,notes/oncorag-e-0271/rad_onc_followup/2022-05-19__oncorag-e-note-01249.txt
oncorag-e-0272,oncorag-e-note-01250,rad_onc_followup,2022-06-28,en,notes/oncorag-e-0272/rad_onc_followup/2022-06-28__oncorag-e-note-01250.txt
oncorag-e-0273,oncorag-e-note-01251,rad_onc_followup,2023-11-22,en,notes/oncorag-e-0273/rad_onc_followup/2023-11-22__oncorag-e-note-01251.txt
oncorag-e-0274,oncorag-e-note-01252,med_onc_note,2025-12-10,en,notes/oncorag-e-0274/med_onc_note/2025-12-10__oncorag-e-note-01252.txt
oncorag-e-0275,oncorag-e-note-01253,rad_onc_followup,2022-07-12,en,notes/oncorag-e-0275/rad_onc_followup/2022-07-12__oncorag-e-note-01253.txt
oncorag-e-0276,oncorag-e-note-01254,rad_onc_followup,2021-08-26,en,notes/oncorag-e-0276/rad_onc_followup/2021-08-26__oncorag-e-note-01254.txt
oncorag-e-0277,oncorag-e-note-01255,rad_onc_followup,2024-05-16,en,notes/oncorag-e-0277/rad_onc_followup/2024-05-16__oncorag-e-note-01255.txt
oncorag-e-0278,oncorag-e-note-01256,imaging_report,2023-11-22,en,notes/oncorag-e-0278/imaging_report/2023-11-22__oncorag-e-note-01256.txt
oncorag-e-0279,oncorag-e-note-01257,med_onc_note,2025-09-02,en,notes/oncorag-e-0279/med_onc_note/2025-09-02__oncorag-e-note-01257.txt
oncorag-e-0280,oncorag-e-note-01258,lab_report,2022-07-04,en,notes/oncorag-e-0280/lab_report/2022-07-04__oncorag-e-note-01258.txt
oncorag-e-0281,oncorag-e-note-01259,rad_onc_followup,2024-12-14,en,notes/oncorag-e-0281/rad_onc_followup/2024-12-14__oncorag-e-note-01259.txt
oncorag-e-0282,oncorag-e-note-01260,lab_report,2020-08-12,en,notes/oncorag-e-0282/lab_report/2020-08-12__oncorag-e-note-01260.txt
oncorag-e-0283,oncorag-e-note-01261,rad_onc_followup,2021-03-18,en,notes/oncorag-e-0283/rad_onc_followup/2021-03-18__oncorag-e-note-01261.txt
oncorag-e-0284,oncorag-e-note-01262,rad_onc_followup,2022-08-24,en,notes/oncorag-e-0284/rad_onc_followup/2022-08-24__oncorag-e-note-01262.txt
oncorag-e-0285,oncorag-e-note-01263,rad_onc_followup,2021-05-12,en,notes/oncorag-e-0285/rad_onc_followup/2021-05-12__oncorag-e-note-01263.txt
oncorag-e-0286,oncorag-e-note-01264,rad_onc_followup,2020-11-09,en,notes/oncorag-e-0286/rad_onc_followup/2020-11-09__oncorag-e-note-01264.txt
oncorag-e-0287,oncorag-e-note-01265,rad_onc_followup,2025-04-03,en,notes/oncorag-e-0287/rad_onc_followup/2025-04-03__oncorag-e-note-01265.txt
oncorag-e-0288,oncorag-e-note-01266,rad_onc_followup,2021-04-24,en,notes/oncorag-e-0288/rad_onc_followup/2021-04-24__oncorag-e-note-01266.txt
oncorag-e-0289,oncorag-e-note-01267,rad_onc_followup,2020-06-13,en,notes/oncorag-e-0289/rad_onc_followup/2020-06-13__oncorag-e-note-01267.txt
oncorag-e-0290,oncorag-e-note-01268,med_onc_note,2024-07-22,en,notes/oncorag-e-0290/med_onc_note/2024-07-22__oncorag-e-note-01268.txt
oncorag-e-0291,oncorag-e-note-01269,med_onc_note,2021-02-07,en,notes/oncorag-e-0291/med_onc_note/2021-02-07__oncorag-e-note-01269.txt
oncorag-e-0292,oncorag-e-note-01270,rad_onc_followup,2020-10-10,en,notes/oncorag-e-0292/rad_onc_followup/2020-10-10__oncorag-e-note-01270.txt
oncorag-e-0293,oncorag-e-note-01271,rad_onc_followup,2023-04-16,en,notes/oncorag-e-0293/rad_onc_followup/2023-04-16__oncorag-e-note-01271.txt
oncorag-e-0294,oncorag-e-note-01272,med_onc_note,2022-11-14,en,notes/oncorag-e-0294/med_onc_note/2022-11-14__oncorag-e-note-01272.txt
oncorag-e-0295,oncorag-e-note-01273,rad_onc_followup,2025-03-17,en,notes/oncorag-e-0295/rad_onc_followup/2025-03-17__oncorag-e-note-01273.txt
oncorag-e-0296,oncorag-e-note-01274,med_onc_note,2020-03-11,en,notes/oncorag-e-0296/med_onc_note/2020-03-11__oncorag-e-note-01274.txt
oncorag-e-0297,oncorag-e-note-01275,rad_onc_followup,2024-01-03,en,notes/oncorag-e-0297/rad_onc_followup/2024-01-03__oncorag-e-note-01275.txt
oncorag-e-0298,oncorag-e-note-01276,rad_onc_followup,2024-09-14,en,notes/oncorag-e-0298/rad_onc_followup/2024-09-14__oncorag-e-note-01276.txt
oncorag-e-0299,oncorag-e-note-01277,rad_onc_followup,2026-01-14,en,notes/oncorag-e-0299/rad_onc_followup/2026-01-14__oncorag-e-note-01277.txt
oncorag-e-0300,oncorag-e-note-01278,rad_onc_followup,2024-08-21,en,notes/oncorag-e-0300/rad_onc_followup/2024-08-21__oncorag-e-note-01278.txt
oncorag-e-0301,oncorag-e-note-01279,rad_onc_followup,2022-05-31,en,notes/oncorag-e-0301/rad_onc_followup/2022-05-31__oncorag-e-note-01279.txt
oncorag-e-0302,oncorag-e-note-01280,med_onc_note,2022-06-26,en,notes/oncorag-e-0302/med_onc_note/2022-06-26__oncorag-e-note-01280.txt
oncorag-e-0303,oncorag-e-note-01281,lab_report,2021-08-22,en,notes/oncorag-e-0303/lab_report/2021-08-22__oncorag-e-note-01281.txt
oncorag-e-0304,oncorag-e-note-01282,rad_onc_followup,2025-04-29,en,notes/oncorag-e-0304/rad_onc_followup/2025-04-29__oncorag-e-note-01282.txt
oncorag-e-0305,oncorag-e-note-01283,rad_onc_followup,2021-09-18,en,notes/oncorag-e-0305/rad_onc_followup/2021-09-18__oncorag-e-note-01283.txt
oncorag-e-0306,oncorag-e-note-01284,rad_onc_followup,2022-05-12,en,notes/oncorag-e-0306/rad_onc_followup/2022-05-12__oncorag-e-note-01284.txt
oncorag-e-0307,oncorag-e-note-01285,rad_onc_followup,2021-12-02,en,notes/oncorag-e-0307/rad_onc_followup/2021-12-02__oncorag-e-note-01285.txt
oncorag-e-0308,oncorag-e-note-01286,rad_onc_followup,2024-01-03,en,notes/oncorag-e-0308/rad_onc_followup/2024-01-03__oncorag-e-note-01286.txt
oncorag-e-0309,oncorag-e-note-01287,rad_onc_followup,2024-10-15,en,notes/oncorag-e-0309/rad_onc_followup/2024-10-15__oncorag-e-note-01287.txt
oncorag-e-0310,oncorag-e-note-01288,rad_onc_followup,2023-03-08,en,notes/oncorag-e-0310/rad_onc_followup/2023-03-08__oncorag-e-note-01288.txt
oncorag-e-0311,oncorag-e-note-01289,rad_onc_followup,2021-02-07,en,notes/oncorag-e-0311/rad_onc_followup/2021-02-07__oncorag-e-note-01289.txt
oncorag-e-0312,oncorag-e-note-01290,rad_onc_followup,2020-02-15,en,notes/oncorag-e-0312/rad_onc_followup/2020-02-15__oncorag-e-note-01290.txt
oncorag-e-0313,oncorag-e-note-01291,rad_onc_followup,2023-08-22,en,notes/oncorag-e-0313/rad_onc_followup/2023-08-22__oncorag-e-note-01291.txt
oncorag-e-0314,oncorag-e-note-01292,rad_onc_followup,2022-07-15,en,notes/oncorag-e-0314/rad_onc_followup/2022-07-15__oncorag-e-note-01292.txt
oncorag-e-0315,oncorag-e-note-01293,rad_onc_followup,2023-08-24,en,notes/oncorag-e-0315/rad_onc_followup/2023-08-24__oncorag-e-note-01293.txt
oncorag-e-0316,oncorag-e-note-01294,rad_onc_followup,2026-01-13,en,notes/oncorag-e-0316/rad_onc_followup/2026-01-13__oncorag-e-note-01294.txt
oncorag-e-0317,oncorag-e-note-01295,rad_onc_followup,2023-07-26,en,notes/oncorag-e-0317/rad_onc_followup/2023-07-26__oncorag-e-note-01295.txt
oncorag-e-0318,oncorag-e-note-01296,lab_report,2021-04-18,en,notes/oncorag-e-0318/lab_report/2021-04-18__oncorag-e-note-01296.txt
oncorag-e-0319,oncorag-e-note-01297,rad_onc_followup,2023-04-17,en,notes/oncorag-e-0319/rad_onc_followup/2023-04-17__oncorag-e-note-01297.txt
oncorag-e-0320,oncorag-e-note-01298,rad_onc_followup,2021-08-24,en,notes/oncorag-e-0320/rad_onc_followup/2021-08-24__oncorag-e-note-01298.txt
oncorag-e-0321,oncorag-e-note-01299,rad_onc_followup,2021-08-19,en,notes/oncorag-e-0321/rad_onc_followup/2021-08-19__oncorag-e-note-01299.txt
oncorag-e-0322,oncorag-e-note-01300,med_onc_note,2020-02-22,en,notes/oncorag-e-0322/med_onc_note/2020-02-22__oncorag-e-note-01300.txt
oncorag-e-0323,oncorag-e-note-01301,rad_onc_followup,2020-05-15,en,notes/oncorag-e-0323/rad_onc_followup/2020-05-15__oncorag-e-note-01301.txt
oncorag-e-0324,oncorag-e-note-01302,rad_onc_followup,2020-12-24,en,notes/oncorag-e-0324/rad_onc_followup/2020-12-24__oncorag-e-note-01302.txt
oncorag-e-0325,oncorag-e-note-01303,rad_onc_followup,2023-07-05,en,notes/oncorag-e-0325/rad_onc_followup/2023-07-05__oncorag-e-note-01303.txt
oncorag-e-0326,oncorag-e-note-01304,rad_onc_followup,2025-07-13,en,notes/oncorag-e-0326/rad_onc_followup/2025-07-13__oncorag-e-note-01304.txt
oncorag-e-0327,oncorag-e-note-01305,med_onc_note,2025-11-24,en,notes/oncorag-e-0327/med_onc_note/2025-11-24__oncorag-e-note-01305.txt
oncorag-e-0328,oncorag-e-note-01306,imaging_report,2021-05-19,en,notes/oncorag-e-0328/imaging_report/2021-05-19__oncorag-e-note-01306.txt
oncorag-e-0329,oncorag-e-note-01307,med_onc_note,2024-06-16,en,notes/oncorag-e-0329/med_onc_note/2024-06-16__oncorag-e-note-01307.txt
oncorag-e-0330,oncorag-e-note-01308,lab_report,2022-03-21,en,notes/oncorag-e-0330/lab_report/2022-03-21__oncorag-e-note-01308.txt
oncorag-e-0331,oncorag-e-note-01309,rad_onc_followup,2021-05-13,en,notes/oncorag-e-0331/rad_onc_followup/2021-05-13__oncorag-e-note-01309.txt
oncorag-e-0332,oncorag-e-note-01310,med_onc_note,2024-07-12,en,notes/oncorag-e-0332/med_onc_note/2024-07-12__oncorag-e-note-01310.txt
oncorag-e-0333,oncorag-e-note-01311,rad_onc_followup,2020-05-21,en,notes/oncorag-e-0333/rad_onc_followup/2020-05-21__oncorag-e-note-01311.txt
oncorag-e-0334,oncorag-e-note-01312,rad_onc_followup,2020-06-27,en,notes/oncorag-e-0334/rad_onc_followup/2020-06-27__oncorag-e-note-01312.txt
oncorag-e-0335,oncorag-e-note-01313,rad_onc_followup,2023-09-02,en,notes/oncorag-e-0335/rad_onc_followup/2023-09-02__oncorag-e-note-01313.txt
oncorag-e-0336,oncorag-e-note-01314,rad_onc_followup,2021-09-07,en,notes/oncorag-e-0336/rad_onc_followup/2021-09-07__oncorag-e-note-01314.txt
oncorag-e-0337,oncorag-e-note-01315,rad_onc_followup,2021-06-16,en,notes/oncorag-e-0337/rad_onc_followup/2021-06-16__oncorag-e-note-01315.txt
oncorag-e-0338,oncorag-e-note-01316,rad_onc_followup,2024-07-28,en,notes/oncorag-e-0338/rad_onc_followup/2024-07-28__oncorag-e-note-01316.txt
oncorag-e-0339,oncorag-e-note-01317,rad_onc_followup,2020-12-18,en,notes/oncorag-e-0339/rad_onc_followup/2020-12-18__oncorag-e-note-01317.txt
oncorag-e-0340,oncorag-e-note-01318,lab_report,2021-01-20,en,notes/oncorag-e-0340/lab_report/2021-01-20__oncorag-e-note-01318.txt
oncorag-e-0341,oncorag-e-note-01319,rad_onc_followup,2021-02-10,en,notes/oncorag-e-0341/rad_onc_followup/2021-02-10__oncorag-e-note-01319.txt
oncorag-e-0342,oncorag-e-note-01320,rad_onc_followup,2026-01-22,en,notes/oncorag-e-0342/rad_onc_followup/2026-01-22__oncorag-e-note-01320.txt
oncorag-e-0343,oncorag-e-note-01321,rad_onc_followup,2022-07-03,en,notes/oncorag-e-0343/rad_onc_followup/2022-07-03__oncorag-e-note-01321.txt
oncorag-e-0344,oncorag-e-note-01322,rad_onc_followup,2020-10-20,en,notes/oncorag-e-0344/rad_onc_followup/2020-10-20__oncorag-e-note-01322.txt
oncorag-e-0345,oncorag-e-note-01323,imaging_report,2023-03-12,en,notes/oncorag-e-0345/imaging_report/2023-03-12__oncorag-e-note-01323.txt
oncorag-e-0346,oncorag-e-note-01324,rad_onc_followup,2020-11-12,en,notes/oncorag-e-0346/rad_onc_followup/2020-11-12__oncorag-e-note-01324.txt
oncorag-e-0347,oncorag-e-note-01325,rad_onc_followup,2022-05-04,en,notes/oncorag-e-0347/rad_onc_followup/2022-05-04__oncorag-e-note-01325.txt
oncorag-e-0348,oncorag-e-note-01326,rad_onc_followup,2025-05-29,en,notes/oncorag-e-0348/rad_onc_followup/2025-05-29__oncorag-e-note-01326.txt
oncorag-e-0349,oncorag-e-note-01327,med_onc_note,2025-10-05,en,notes/oncorag-e-0349/med_onc_note/2025-10-05__oncorag-e-note-01327.txt
oncorag-e-0350,oncorag-e-note-01328,rad_onc_followup,2022-12-23,en,notes/oncorag-e-0350/rad_onc_followup/2022-12-23__oncorag-e-note-01328.txt
oncorag-e-0351,oncorag-e-note-01329,med_onc_note,2022-12-10,en,notes/oncorag-e-0351/med_onc_note/2022-12-10__oncorag-e-note-01329.txt
oncorag-e-0352,oncorag-e-note-01330,rad_onc_followup,2021-01-18,en,notes/oncorag-e-0352/rad_onc_followup/2021-01-18__oncorag-e-note-01330.txt
oncorag-e-0353,oncorag-e-note-01331,rad_onc_followup,2020-09-06,en,notes/oncorag-e-0353/rad_onc_followup/2020-09-06__oncorag-e-note-01331.txt
oncorag-e-0354,oncorag-e-note-01332,med_onc_note,2023-01-28,en,notes/oncorag-e-0354/med_onc_note/2023-01-28__oncorag-e-note-01332.txt
oncorag-e-0355,oncorag-e-note-01333,rad_onc_followup,2023-03-21,en,notes/oncorag-e-0355/rad_onc_followup/2023-03-21__oncorag-e-note-01333.txt
oncorag-e-0356,oncorag-e-note-01334,rad_onc_followup,2025-05-01,en,notes/oncorag-e-0356/rad_onc_followup/2025-05-01__oncorag-e-note-01334.txt
oncorag-e-0357,oncorag-e-note-01335,med_onc_note,2022-02-28,en,notes/oncorag-e-0357/med_onc_note/2022-02-28__oncorag-e-note-01335.txt
oncorag-e-0358,oncorag-e-note-01336,rad_onc_followup,2023-04-20,en,notes/oncorag-e-0358/rad_onc_followup/2023-04-20__oncorag-e-note-01336.txt
oncorag-e-0359,oncorag-e-note-01337,rad_onc_followup,2025-07-14,en,notes/oncorag-e-0359/rad_onc_followup/2025-07-14__oncorag-e-note-01337.txt
oncorag-e-0360,oncorag-e-note-01338,med_onc_note,2025-08-15,en,notes/oncorag-e-0360/med_onc_note/2025-08-15__oncorag-e-note-01338.txt
oncorag-e-0361,oncorag-e-note-01339,rad_onc_followup,2025-03-23,en,notes/oncorag-e-0361/rad_onc_followup/2025-03-23__oncorag-e-note-01339.txt
oncorag-e-0362,oncorag-e-note-01340,rad_onc_followup,2023-07-04,en,notes/oncorag-e-0362/rad_onc_followup/2023-07-04__oncorag-e-note-01340.txt
oncorag-e-0363,oncorag-e-note-01341,rad_onc_followup,2024-09-01,en,notes/oncorag-e-0363/rad_onc_followup/2024-09-01__oncorag-e-note-01341.txt
oncorag-e-0364,oncorag-e-note-01342,rad_onc_followup,2020-12-22,en,notes/oncorag-e-0364/rad_onc_followup/2020-12-22__oncorag-e-note-01342.txt
oncorag-e-0365,oncorag-e-note-01343,rad_onc_followup,2020-03-28,en,notes/oncorag-e-0365/rad_onc_followup/2020-03-28__oncorag-e-note-01343.txt
oncorag-e-0366,oncorag-e-note-01344,rad_onc_followup,2025-12-25,en,notes/oncorag-e-0366/rad_onc_followup/2025-12-25__oncorag-e-note-01344.txt
oncorag-e-0367,oncorag-e-note-01345,rad_onc_followup,2024-11-20,en,notes/oncorag-e-0367/rad_onc_followup/2024-11-20__oncorag-e-note-01345.txt
oncorag-e-0368,oncorag-e-note-01346,rad_onc_followup,2025-02-11,en,notes/oncorag-e-0368/rad_onc_followup/2025-02-11__oncorag-e-note-01346.txt
oncorag-e-0369,oncorag-e-note-01347,rad_onc_followup,2023-01-31,en,notes/oncorag-e-0369/rad_onc_followup/2023-01-31__oncorag-e-note-01347.txt
oncorag-e-0370,oncorag-e-note-01348,med_onc_note,2020-10-07,en,notes/oncorag-e-0370/med_onc_note/2020-10-07__oncorag-e-note-01348.txt
oncorag-e-0371,oncorag-e-note-01349,med_onc_note,2024-11-10,en,notes/oncorag-e-0371/med_onc_note/2024-11-10__oncorag-e-note-01349.txt
oncorag-e-0372,oncorag-e-note-01350,rad_onc_followup,2022-06-06,en,notes/oncorag-e-0372/rad_onc_followup/2022-06-06__oncorag-e-note-01350.txt
oncorag-e-0373,oncorag-e-note-01351,rad_onc_followup,2024-06-01,en,notes/oncorag-e-0373/rad_onc_followup/2024-06-01__oncorag-e-note-01351.txt
oncorag-e-0374,oncorag-e-note-01352,rad_onc_followup,2021-09-15,en,notes/oncorag-e-0374/rad_onc_followup/2021-09-15__oncorag-e-note-01352.txt
oncorag-e-0375,oncorag-e-note-01353,rad_onc_followup,2020-06-23,en,notes/oncorag-e-0375/rad_onc_followup/2020-06-23__oncorag-e-note-01353.txt
oncorag-e-0376,oncorag-e-note-01354,rad_onc_followup,2025-12-22,en,notes/oncorag-e-0376/rad_onc_followup/2025-12-22__oncorag-e-note-01354.txt
oncorag-e-0377,oncorag-e-note-01355,rad_onc_followup,2023-11-02,en,notes/oncorag-e-0377/rad_onc_followup/2023-11-02__oncorag-e-note-01355.txt
oncorag-e-0378,oncorag-e-note-01356,rad_onc_followup,2020-05-18,en,notes/oncorag-e-0378/rad_onc_followup/2020-05-18__oncorag-e-note-01356.txt
oncorag-e-0379,oncorag-e-note-01357,rad_onc_followup,2025-04-26,en,notes/oncorag-e-0379/rad_onc_followup/2025-04-26__oncorag-e-note-01357.txt
oncorag-e-0380,oncorag-e-note-01358,med_onc_note,2023-02-06,en,notes/oncorag-e-0380/med_onc_note/2023-02-06__oncorag-e-note-01358.txt
oncorag-e-0381,oncorag-e-note-01359,lab_report,2021-12-09,en,notes/oncorag-e-0381/lab_report/2021-12-09__oncorag-e-note-01359.txt
oncorag-e-0382,oncorag-e-note-01360,rad_onc_followup,2022-01-09,en,notes/oncorag-e-0382/rad_onc_followup/2022-01-09__oncorag-e-note-01360.txt
oncorag-e-0383,oncorag-e-note-01361,rad_onc_followup,2022-11-03,en,notes/oncorag-e-0383/rad_onc_followup/2022-11-03__oncorag-e-note-01361.txt
oncorag-e-0384,oncorag-e-note-01362,rad_onc_followup,2021-03-29,en,notes/oncorag-e-0384/rad_onc_followup/2021-03-29__oncorag-e-note-01362.txt
oncorag-e-0385,oncorag-e-note-01363,med_onc_note,2022-04-13,en,notes/oncorag-e-0385/med_onc_note/2022-04-13__oncorag-e-note-01363.txt
oncorag-e-0386,oncorag-e-note-01364,rad_onc_followup,2024-09-04,en,notes/oncorag-e-0386/rad_onc_followup/2024-09-04__oncorag-e-note-01364.txt
oncorag-e-0387,oncorag-e-note-01365,rad_onc_followup,2020-07-25,en,notes/oncorag-e-0387/rad_onc_followup/2020-07-25__oncorag-e-note-01365.txt
oncorag-e-0388,oncorag-e-note-01366,rad_onc_followup,2021-10-06,en,notes/oncorag-e-0388/rad_onc_followup/2021-10-06__oncorag-e-note-01366.txt
oncorag-e-0389,oncorag-e-note-01367,rad_onc_followup,2020-03-01,en,notes/oncorag-e-0389/rad_onc_followup/2020-03-01__oncorag-e-note-01367.txt
oncorag-e-0390,oncorag-e-note-01368,med_onc_note,2025-10-04,en,notes/oncorag-e-0390/med_onc_note/2025-10-04__oncorag-e-note-01368.txt
oncorag-e-0391,oncorag-e-note-01369,rad_onc_followup,2022-02-05,en,notes/oncorag-e-0391/rad_onc_followup/2022-02-05__oncorag-e-note-01369.txt
oncorag-e-0392,oncorag-e-note-01370,rad_onc_followup,2024-08-04,en,notes/oncorag-e-0392/rad_onc_followup/2024-08-04__oncorag-e-note-01370.txt
oncorag-e-0393,oncorag-e-note-01371,rad_onc_followup,2025-01-10,en,notes/oncorag-e-0393/rad_onc_followup/2025-01-10__oncorag-e-note-01371.txt
oncorag-e-0394,oncorag-e-note-01372,med_onc_note,2025-09-23,en,notes/oncorag-e-0394/med_onc_note/2025-09-23__oncorag-e-note-01372.txt
oncorag-e-0395,oncorag-e-note-01373,rad_onc_followup,2021-02-15,en,notes/oncorag-e-0395/rad_onc_followup/2021-02-15__oncorag-e-note-01373.txt
oncorag-e-0396,oncorag-e-note-01374,med_onc_note,2020-12-02,en,notes/oncorag-e-0396/med_onc_note/2020-12-02__oncorag-e-note-01374.txt
oncorag-e-0397,oncorag-e-note-01375,rad_onc_followup,2022-08-23,en,notes/oncorag-e-0397/rad_onc_followup/2022-08-23__oncorag-e-note-01375.txt
oncorag-e-0398,oncorag-e-note-01376,med_onc_note,2024-03-18,en,notes/oncorag-e-0398/med_onc_note/2024-03-18__oncorag-e-note-01376.txt
oncorag-e-0399,oncorag-e-note-01377,rad_onc_followup,2025-01-21,en,notes/oncorag-e-0399/rad_onc_followup/2025-01-21__oncorag-e-note-01377.txt
oncorag-e-0400,oncorag-e-note-01378,rad_onc_followup,2025-07-14,en,notes/oncorag-e-0400/rad_onc_followup/2025-07-14__oncorag-e-note-01378.txt
oncorag-e-0401,oncorag-e-note-01379,rad_onc_followup,2020-02-27,en,notes/oncorag-e-0401/rad_onc_followup/2020-02-27__oncorag-e-note-01379.txt
oncorag-e-0402,oncorag-e-note-01380,rad_onc_followup,2025-06-22,en,notes/oncorag-e-0402/rad_onc_followup/2025-06-22__oncorag-e-note-01380.txt
oncorag-e-0403,oncorag-e-note-01381,rad_onc_followup,2023-03-28,en,notes/oncorag-e-0403/rad_onc_followup/2023-03-28__oncorag-e-note-01381.txt
oncorag-e-0404,oncorag-e-note-01382,rad_onc_followup,2022-07-21,en,notes/oncorag-e-0404/rad_onc_followup/2022-07-21__oncorag-e-note-01382.txt
oncorag-e-0405,oncorag-e-note-01383,med_onc_note,2025-04-02,en,notes/oncorag-e-0405/med_onc_note/2025-04-02__oncorag-e-note-01383.txt
oncorag-e-0406,oncorag-e-note-01384,rad_onc_followup,2020-07-06,en,notes/oncorag-e-0406/rad_onc_followup/2020-07-06__oncorag-e-note-01384.txt
oncorag-e-0407,oncorag-e-note-01385,rad_onc_followup,2022-03-17,en,notes/oncorag-e-0407/rad_onc_followup/2022-03-17__oncorag-e-note-01385.txt
oncorag-e-0408,oncorag-e-note-01386,rad_onc_followup,2021-02-08,en,notes/oncorag-e-0408/rad_onc_followup/2021-02-08__oncorag-e-note-01386.txt
oncorag-e-0409,oncorag-e-note-01387,rad_onc_followup,2024-04-02,en,notes/oncorag-e-0409/rad_onc_followup/2024-04-02__oncorag-e-note-01387.txt
oncorag-e-0410,oncorag-e-note-01388,rad_onc_followup,2024-06-09,en,notes/oncorag-e-0410/rad_onc_followup/2024-06-09__oncorag-e-note-01388.txt
oncorag-e-0411,oncorag-e-note-01389,rad_onc_followup,2020-06-05,en,notes/oncorag-e-0411/rad_onc_followup/2020-06-05__oncorag-e-note-01389.txt
oncorag-e-0412,oncorag-e-note-01390,rad_onc_followup,2020-03-29,en,notes/oncorag-e-0412/rad_onc_followup/2020-03-29__oncorag-e-note-01390.txt
oncorag-e-0413,oncorag-e-note-01391,rad_onc_followup,2020-08-26,en,notes/oncorag-e-0413/rad_onc_followup/2020-08-26__oncorag-e-note-01391.txt
oncorag-e-0414,oncorag-e-note-01392,rad_onc_followup,2020-06-09,en,notes/oncorag-e-0414/rad_onc_followup/2020-06-09__oncorag-e-note-01392.txt
oncorag-e-0415,oncorag-e-note-01393,rad_onc_followup,2021-03-14,en,notes/oncorag-e-0415/rad_onc_followup/2021-03-14__oncorag-e-note-01393.txt
oncorag-e-0416,oncorag-e-note-01394,rad_onc_followup,2025-03-23,en,notes/oncorag-e-0416/rad_onc_followup/2025-03-23__oncorag-e-note-01394.txt
oncorag-e-0417,oncorag-e-note-01395,rad_onc_followup,2021-05-08,en,notes/oncorag-e-0417/rad_onc_followup/2021-05-08__oncorag-e-note-01395.txt
oncorag-e-0418,oncorag-e-note-01396,rad_onc_followup,2025-10-20,en,notes/oncorag-e-0418/rad_onc_followup/2025-10-20__oncorag-e-note-01396.txt
oncorag-e-0419,oncorag-e-note-01397,rad_onc_followup,2021-09-06,en,notes/oncorag-e-0419/rad_onc_followup/2021-09-06__oncorag-e-note-01397.txt
oncorag-e-0420,oncorag-e-note-01398,med_onc_note,2025-08-09,en,notes/oncorag-e-0420/med_onc_note/2025-08-09__oncorag-e-note-01398.txt
oncorag-e-0421,oncorag-e-note-01399,rad_onc_followup,2024-08-22,en,notes/oncorag-e-0421/rad_onc_followup/2024-08-22__oncorag-e-note-01399.txt
oncorag-e-0422,oncorag-e-note-01400,med_onc_note,2021-01-21,en,notes/oncorag-e-0422/med_onc_note/2021-01-21__oncorag-e-note-01400.txt
oncorag-e-0423,oncorag-e-note-01401,rad_onc_followup,2020-08-08,en,notes/oncorag-e-0423/rad_onc_followup/2020-08-08__oncorag-e-note-01401.txt
oncorag-e-0424,oncorag-e-note-01402,rad_onc_followup,2024-05-02,en,notes/oncorag-e-0424/rad_onc_followup/2024-05-02__oncorag-e-note-01402.txt
oncorag-e-0425,oncorag-e-note-01403,rad_onc_followup,2021-12-24,en,notes/oncorag-e-0425/rad_onc_followup/2021-12-24__oncorag-e-note-01403.txt
oncorag-e-0426,oncorag-e-note-01404,rad_onc_followup,2025-04-02,en,notes/oncorag-e-0426/rad_onc_followup/2025-04-02__oncorag-e-note-01404.txt
oncorag-e-0427,oncorag-e-note-01405,med_onc_note,2020-10-24,en,notes/oncorag-e-0427/med_onc_note/2020-10-24__oncorag-e-note-01405.txt
oncorag-e-0428,oncorag-e-note-01406,rad_onc_followup,2020-08-01,en,notes/oncorag-e-0428/rad_onc_followup/2020-08-01__oncorag-e-note-01406.txt
oncorag-e-0429,oncorag-e-note-01407,med_onc_note,2025-12-21,en,notes/oncorag-e-0429/med_onc_note/2025-12-21__oncorag-e-note-01407.txt
oncorag-e-0430,oncorag-e-note-01408,rad_onc_followup,2023-09-04,en,notes/oncorag-e-0430/rad_onc_followup/2023-09-04__oncorag-e-note-01408.txt
oncorag-e-0431,oncorag-e-note-01409,rad_onc_followup,2021-12-09,en,notes/oncorag-e-0431/rad_onc_followup/2021-12-09__oncorag-e-note-01409.txt
oncorag-e-0432,oncorag-e-note-01410,rad_onc_followup,2025-12-23,en,notes/oncorag-e-0432/rad_onc_followup/2025-12-23__oncorag-e-note-01410.txt
oncorag-e-0433,oncorag-e-note-01411,rad_onc_followup,2020-05-27,en,notes/oncorag-e-0433/rad_onc_followup/2020-05-27__oncorag-e-note-01411.txt
oncorag-e-0434,oncorag-e-note-01412,rad_onc_followup,2021-01-12,en,notes/oncorag-e-0434/rad_onc_followup/2021-01-12__oncorag-e-note-01412.txt
oncorag-e-0435,oncorag-e-note-01413,rad_onc_followup,2022-04-17,en,notes/oncorag-e-0435/rad_onc_followup/2022-04-17__oncorag-e-note-01413.txt
oncorag-e-0436,oncorag-e-note-01414,rad_onc_followup,2023-10-01,en,notes/oncorag-e-0436/rad_onc_followup/2023-10-01__oncorag-e-note-01414.txt
oncorag-e-0437,oncorag-e-note-01415,rad_onc_followup,2021-09-02,en,notes/oncorag-e-0437/rad_onc_followup/2021-09-02__oncorag-e-note-01415.txt
oncorag-e-0438,oncorag-e-note-01416,rad_onc_followup,2022-04-07,en,notes/oncorag-e-0438/rad_onc_followup/2022-04-07__oncorag-e-note-01416.txt
oncorag-e-0439,oncorag-e-note-01417,rad_onc_followup,2021-12-09,en,notes/oncorag-e-0439/rad_onc_followup/2021-12-09__oncorag-e-note-01417.txt
oncorag-e-0440,oncorag-e-note-01418,imaging_report,2024-12-06,en,notes/oncorag-e-0440/imaging_report/2024-12-06__oncorag-e-note-01418.txt
oncorag-e-0441,oncorag-e-note-01419,rad_onc_followup,2022-12-29,en,notes/oncorag-e-0441/rad_onc_followup/2022-12-29__oncorag-e-note-01419.txt
oncorag-e-0442,oncorag-e-note-01420,rad_onc_followup,2022-12-31,en,notes/oncorag-e-0442/rad_onc_followup/2022-12-31__oncorag-e-note-01420.txt
oncorag-e-0443,oncorag-e-note-01421,rad_onc_followup,2020-05-10,en,notes/oncorag-e-0443/rad_onc_followup/2020-05-10__oncorag-e-note-01421.txt
oncorag-e-0444,oncorag-e-note-01422,rad_onc_followup,2025-11-13,en,notes/oncorag-e-0444/rad_onc_followup/2025-11-13__oncorag-e-note-01422.txt
oncorag-e-0445,oncorag-e-note-01423,rad_onc_followup,2021-12-09,en,notes/oncorag-e-0445/rad_onc_followup/2021-12-09__oncorag-e-note-01423.txt
oncorag-e-0446,oncorag-e-note-01424,rad_onc_followup,2023-02-09,en,notes/oncorag-e-0446/rad_onc_followup/2023-02-09__oncorag-e-note-01424.txt
oncorag-e-0447,oncorag-e-note-01425,rad_onc_followup,2023-04-22,en,notes/oncorag-e-0447/rad_onc_followup/2023-04-22__oncorag-e-note-01425.txt
oncorag-e-0448,oncorag-e-note-01426,lab_report,2023-06-17,en,notes/oncorag-e-0448/lab_report/2023-06-17__oncorag-e-note-01426.txt
oncorag-e-0449,oncorag-e-note-01427,lab_report,2025-11-20,en,notes/oncorag-e-0449/lab_report/2025-11-20__oncorag-e-note-01427.txt
oncorag-e-0450,oncorag-e-note-01428,rad_onc_followup,2024-05-02,en,notes/oncorag-e-0450/rad_onc_followup/2024-05-02__oncorag-e-note-01428.txt
oncorag-e-0451,oncorag-e-note-01429,rad_onc_followup,2023-05-12,en,notes/oncorag-e-0451/rad_onc_followup/2023-05-12__oncorag-e-note-01429.txt
oncorag-e-0452,oncorag-e-note-01430,rad_onc_followup,2024-02-22,en,notes/oncorag-e-0452/rad_onc_followup/2024-02-22__oncorag-e-note-01430.txt
oncorag-e-0453,oncorag-e-note-01431,rad_onc_followup,2021-08-16,en,notes/oncorag-e-0453/rad_onc_followup/2021-08-16__oncorag-e-note-01431.txt
oncorag-e-0454,oncorag-e-note-01432,rad_onc_followup,2025-03-02,en,notes/oncorag-e-0454/rad_onc_followup/2025-03-02__oncorag-e-note-01432.txt
oncorag-e-0455,oncorag-e-note-01433,rad_onc_followup,2025-05-03,en,notes/oncorag-e-0455/rad_onc_followup/2025-05-03__oncorag-e-note-01433.txt
oncorag-e-0456,oncorag-e-note-01434,rad_onc_followup,2024-07-27,en,notes/oncorag-e-0456/rad_onc_followup/2024-07-27__oncorag-e-note-01434.txt
oncorag-e-0457,oncorag-e-note-01435,rad_onc_followup,2021-03-14,en,notes/oncorag-e-0457/rad_onc_followup/2021-03-14__oncorag-e-note-01435.txt
oncorag-e-0458,oncorag-e-note-01436,rad_onc_followup,2022-11-06,en,notes/oncorag-e-0458/rad_onc_followup/2022-11-06__oncorag-e-note-01436.txt
oncorag-e-0459,oncorag-e-note-01437,rad_onc_followup,2024-04-18,en,notes/oncorag-e-0459/rad_onc_followup/2024-04-18__oncorag-e-note-01437.txt
oncorag-e-0460,oncorag-e-note-01438,rad_onc_followup,2021-07-28,en,notes/oncorag-e-0460/rad_onc_followup/2021-07-28__oncorag-e-note-01438.txt
oncorag-e-0461,oncorag-e-note-01439,rad_onc_followup,2024-06-10,en,notes/oncorag-e-0461/rad_onc_followup/2024-06-10__oncorag-e-note-01439.txt
oncorag-e-0462,oncorag-e-note-01440,rad_onc_followup,2023-10-24,en,notes/oncorag-e-0462/rad_onc_followup/2023-10-24__oncorag-e-note-01440.txt
oncorag-e-0463,oncorag-e-note-01441,rad_onc_followup,2025-10-31,en,notes/oncorag-e-0463/rad_onc_followup/2025-10-31__oncorag-e-note-01441.txt
oncorag-e-0464,oncorag-e-note-01442,rad_onc_followup,2022-01-06,en,notes/oncorag-e-0464/rad_onc_followup/2022-01-06__oncorag-e-note-01442.txt
oncorag-e-0465,oncorag-e-note-01443,rad_onc_followup,2021-06-06,en,notes/oncorag-e-0465/rad_onc_followup/2021-06-06__oncorag-e-note-01443.txt
oncorag-e-0466,oncorag-e-note-01444,rad_onc_followup,2021-01-24,en,notes/oncorag-e-0466/rad_onc_followup/2021-01-24__oncorag-e-note-01444.txt
oncorag-e-0467,oncorag-e-note-01445,imaging_report,2022-12-06,en,notes/oncorag-e-0467/imaging_report/2022-12-06__oncorag-e-note-01445.txt
oncorag-e-0468,oncorag-e-note-01446,rad_onc_followup,2021-08-30,en,notes/oncorag-e-0468/rad_onc_followup/2021-08-30__oncorag-e-note-01446.txt
oncorag-e-0469,oncorag-e-note-01447,lab_report,2022-01-08,en,notes/oncorag-e-0469/lab_report/2022-01-08__oncorag-e-note-01447.txt
oncorag-e-0470,oncorag-e-note-01448,rad_onc_followup,2021-02-28,en,notes/oncorag-e-0470/rad_onc_followup/2021-02-28__oncorag-e-note-01448.txt
oncorag-e-0471,oncorag-e-note-01449,med_onc_note,2021-06-27,en,notes/oncorag-e-0471/med_onc_note/2021-06-27__oncorag-e-note-01449.txt
oncorag-e-0472,oncorag-e-note-01450,med_onc_note,2024-11-09,en,notes/oncorag-e-0472/med_onc_note/2024-11-09__oncorag-e-note-01450.txt
oncorag-e-0473,oncorag-e-note-01451,rad_onc_followup,2024-10-21,en,notes/oncorag-e-0473/rad_onc_followup/2024-10-21__oncorag-e-note-01451.txt
oncorag-e-0474,oncorag-e-note-01452,rad_onc_followup,2021-12-04,en,notes/oncorag-e-0474/rad_onc_followup/2021-12-04__oncorag-e-note-01452.txt
oncorag-e-0475,oncorag-e-note-01453,rad_onc_followup,2022-01-10,en,notes/oncorag-e-0475/rad_onc_followup/2022-01-10__oncorag-e-note-01453.txt
oncorag-e-0476,oncorag-e-note-01454,rad_onc_followup,2024-09-19,en,notes/oncorag-e-0476/rad_onc_followup/2024-09-19__oncorag-e-note-01454.txt
oncorag-e-0477,oncorag-e-note-01455,rad_onc_followup,2020-05-25,en,notes/oncorag-e-0477/rad_onc_followup/2020-05-25__oncorag-e-note-01455.txt
oncorag-e-0478,oncorag-e-note-01456,rad_onc_followup,2023-08-26,en,notes/oncorag-e-0478/rad_onc_followup/2023-08-26__oncorag-e-note-01456.txt
oncorag-e-0479,oncorag-e-note-01457,rad_onc_followup,2020-10-03,en,notes/oncorag-e-0479/rad_onc_followup/2020-10-03__oncorag-e-note-01457.txt
oncorag-e-0480,oncorag-e-note-01458,med_onc_note,2021-03-07,en,notes/oncorag-e-0480/med_onc_note/2021-03-07__oncorag-e-note-01458.txt
oncorag-e-0481,oncorag-e-note-01459,rad_onc_followup,2024-09-26,en,notes/oncorag-e-0481/rad_onc_followup/2024-09-26__oncorag-e-note-01459.txt
oncorag-e-0482,oncorag-e-note-01460,rad_onc_followup,2022-07-05,en,notes/oncorag-e-0482/rad_onc_followup/2022-07-05__oncorag-e-note-01460.txt
oncorag-e-0483,oncorag-e-note-01461,rad_onc_followup,2023-05-04,en,notes/oncorag-e-0483/rad_onc_followup/2023-05-04__oncorag-e-note-01461.txt
oncorag-e-0484,oncorag-e-note-01462,lab_report,2021-11-11,en,notes/oncorag-e-0484/lab_report/2021-11-11__oncorag-e-note-01462.txt
oncorag-e-0485,oncorag-e-note-01463,med_onc_note,2021-01-27,en,notes/oncorag-e-0485/med_onc_note/2021-01-27__oncorag-e-note-01463.txt
oncorag-e-0486,oncorag-e-note-01464,rad_onc_followup,2022-01-29,en,notes/oncorag-e-0486/rad_onc_followup/2022-01-29__oncorag-e-note-01464.txt
oncorag-e-0487,oncorag-e-note-01465,rad_onc_followup,2025-02-13,en,notes/oncorag-e-0487/rad_onc_followup/2025-02-13__oncorag-e-note-01465.txt
oncorag-e-0488,oncorag-e-note-01466,med_onc_note,2025-12-17,en,notes/oncorag-e-0488/med_onc_note/2025-12-17__oncorag-e-note-01466.txt
oncorag-e-0489,oncorag-e-note-01467,rad_onc_followup,2020-09-20,en,notes/oncorag-e-0489/rad_onc_followup/2020-09-20__oncorag-e-note-01467.txt
oncorag-e-0001,oncorag-e-note-01468,rad_onc_followup,2020-11-10,en,notes/oncorag-e-0001/rad_onc_followup/2020-11-10__oncorag-e-note-01468.txt
oncorag-e-0002,oncorag-e-note-01469,rad_onc_followup,2022-11-03,en,notes/oncorag-e-0002/rad_onc_followup/2022-11-03__oncorag-e-note-01469.txt
oncorag-e-0003,oncorag-e-note-01470,rad_onc_followup,2024-03-23,en,notes/oncorag-e-0003/rad_onc_followup/2024-03-23__oncorag-e-note-01470.txt
oncorag-e-0004,oncorag-e-note-01471,med_onc_note,2024-12-10,en,notes/oncorag-e-0004/med_onc_note/2024-12-10__oncorag-e-note-01471.txt
oncorag-e-0005,oncorag-e-note-01472,med_onc_note,2020-07-14,en,notes/oncorag-e-0005/med_onc_note/2020-07-14__oncorag-e-note-01472.txt
oncorag-e-0006,oncorag-e-note-01473,lab_report,2025-10-13,en,notes/oncorag-e-0006/lab_report/2025-10-13__oncorag-e-note-01473.txt
oncorag-e-0007,oncorag-e-note-01474,lab_report,2023-01-25,en,notes/oncorag-e-0007/lab_report/2023-01-25__oncorag-e-note-01474.txt
oncorag-e-0008,oncorag-e-note-01475,rad_onc_followup,2021-07-22,en,notes/oncorag-e-0008/rad_onc_followup/2021-07-22__oncorag-e-note-01475.txt
oncorag-e-0009,oncorag-e-note-01476,rad_onc_followup,2022-02-03,en,notes/oncorag-e-0009/rad_onc_followup/2022-02-03__oncorag-e-note-01476.txt
oncorag-e-0010,oncorag-e-note-01477,rad_onc_followup,2022-02-02,en,notes/oncorag-e-0010/rad_onc_followup/2022-02-02__oncorag-e-note-01477.txt
oncorag-e-0011,oncorag-e-note-01478,rad_onc_followup,2022-05-18,en,notes/oncorag-e-0011/rad_onc_followup/2022-05-18__oncorag-e-note-01478.txt
oncorag-e-0012,oncorag-e-note-01479,rad_onc_followup,2020-06-10,en,notes/oncorag-e-0012/rad_onc_followup/2020-06-10__oncorag-e-note-01479.txt
oncorag-e-0013,oncorag-e-note-01480,rad_onc_followup,2024-01-14,en,notes/oncorag-e-0013/rad_onc_followup/2024-01-14__oncorag-e-note-01480.txt
oncorag-e-0014,oncorag-e-note-01481,imaging_report,2025-06-28,en,notes/oncorag-e-0014/imaging_report/2025-06-28__oncorag-e-note-01481.txt
oncorag-e-0015,oncorag-e-note-01482,rad_onc_followup,2022-07-12,en,notes/oncorag-e-0015/rad_onc_followup/2022-07-12__oncorag-e-note-01482.txt
oncorag-e-0016,oncorag-e-note-01483,rad_onc_followup,2025-10-14,en,notes/oncorag-e-0016/rad_onc_followup/2025-10-14__oncorag-e-note-01483.txt
oncorag-e-0017,oncorag-e-note-01484,lab_report,2021-01-01,en,notes/oncorag-e-0017/lab_report/2021-01-01__oncorag-e-note-01484.txt
oncorag-e-0018,oncorag-e-note-01485,rad_onc_followup,2020-05-20,en,notes/oncorag-e-0018/rad_onc_followup/2020-05-20__oncorag-e-note-01485.txt
oncorag-e-0019,oncorag-e-note-01486,med_onc_note,2026-03-08,en,notes/oncorag-e-0019/med_onc_note/2026-03-08__oncorag-e-note-01486.txt
oncorag-e-0020,oncorag-e-note-01487,med_onc_note,2024-08-05,en,notes/oncorag-e-0020/med_onc_note/2024-08-05__oncorag-e-note-01487.txt
oncorag-e-0021,oncorag-e-note-01488,rad_onc_followup,2021-05-22,en,notes/oncorag-e-0021/rad_onc_followup/2021-05-22__oncorag-e-note-01488.txt
oncorag-e-0022,oncorag-e-note-01489,rad_onc_followup,2020-10-15,en,notes/oncorag-e-0022/rad_onc_followup/2020-10-15__oncorag-e-note-01489.txt
oncorag-e-0023,oncorag-e-note-01490,rad_onc_followup,2023-04-20,en,notes/oncorag-e-0023/rad_onc_followup/2023-04-20__oncorag-e-note-01490.txt
oncorag-e-0024,oncorag-e-note-01491,imaging_report,2024-02-26,en,notes/oncorag-e-0024/imaging_report/2024-02-26__oncorag-e-note-01491.txt
oncorag-e-0025,oncorag-e-note-01492,imaging_report,2024-07-17,en,notes/oncorag-e-0025/imaging_report/2024-07-17__oncorag-e-note-01492.txt
oncorag-e-0026,oncorag-e-note-01493,rad_onc_followup,2020-04-27,en,notes/oncorag-e-0026/rad_onc_followup/2020-04-27__oncorag-e-note-01493.txt
oncorag-e-0027,oncorag-e-note-01494,pathology_report,2022-01-21,en,notes/oncorag-e-0027/pathology_report/2022-01-21__oncorag-e-note-01494.txt
oncorag-e-0028,oncorag-e-note-01495,lab_report,2024-04-28,en,notes/oncorag-e-0028/lab_report/2024-04-28__oncorag-e-note-01495.txt
oncorag-e-0029,oncorag-e-note-01496,rad_onc_followup,2025-10-30,en,notes/oncorag-e-0029/rad_onc_followup/2025-10-30__oncorag-e-note-01496.txt
oncorag-e-0030,oncorag-e-note-01497,pathology_report,2024-08-07,en,notes/oncorag-e-0030/pathology_report/2024-08-07__oncorag-e-note-01497.txt
oncorag-e-0031,oncorag-e-note-01498,rad_onc_followup,2020-04-10,en,notes/oncorag-e-0031/rad_onc_followup/2020-04-10__oncorag-e-note-01498.txt
oncorag-e-0032,oncorag-e-note-01499,rad_onc_followup,2025-03-09,en,notes/oncorag-e-0032/rad_onc_followup/2025-03-09__oncorag-e-note-01499.txt
oncorag-e-0033,oncorag-e-note-01500,med_onc_note,2021-02-05,en,notes/oncorag-e-0033/med_onc_note/2021-02-05__oncorag-e-note-01500.txt
oncorag-e-0034,oncorag-e-note-01501,rad_onc_followup,2023-12-29,en,notes/oncorag-e-0034/rad_onc_followup/2023-12-29__oncorag-e-note-01501.txt
oncorag-e-0035,oncorag-e-note-01502,rad_onc_followup,2024-05-06,en,notes/oncorag-e-0035/rad_onc_followup/2024-05-06__oncorag-e-note-01502.txt
oncorag-e-0036,oncorag-e-note-01503,rad_onc_followup,2023-01-22,en,notes/oncorag-e-0036/rad_onc_followup/2023-01-22__oncorag-e-note-01503.txt
oncorag-e-0037,oncorag-e-note-01504,med_onc_note,2025-10-25,en,notes/oncorag-e-0037/med_onc_note/2025-10-25__oncorag-e-note-01504.txt
oncorag-e-0038,oncorag-e-note-01505,med_onc_note,2023-10-03,en,notes/oncorag-e-0038/med_onc_note/2023-10-03__oncorag-e-note-01505.txt
oncorag-e-0039,oncorag-e-note-01506,pathology_report,2021-07-20,en,notes/oncorag-e-0039/pathology_report/2021-07-20__oncorag-e-note-01506.txt
oncorag-e-0040,oncorag-e-note-01507,imaging_report,2022-04-29,en,notes/oncorag-e-0040/imaging_report/2022-04-29__oncorag-e-note-01507.txt
oncorag-e-0041,oncorag-e-note-01508,rad_onc_followup,2020-11-18,en,notes/oncorag-e-0041/rad_onc_followup/2020-11-18__oncorag-e-note-01508.txt
oncorag-e-0042,oncorag-e-note-01509,rad_onc_followup,2022-01-28,en,notes/oncorag-e-0042/rad_onc_followup/2022-01-28__oncorag-e-note-01509.txt
oncorag-e-0043,oncorag-e-note-01510,rad_onc_followup,2023-10-29,en,notes/oncorag-e-0043/rad_onc_followup/2023-10-29__oncorag-e-note-01510.txt
oncorag-e-0044,oncorag-e-note-01511,pathology_report,2022-08-11,en,notes/oncorag-e-0044/pathology_report/2022-08-11__oncorag-e-note-01511.txt
oncorag-e-0045,oncorag-e-note-01512,med_onc_note,2021-06-07,en,notes/oncorag-e-0045/med_onc_note/2021-06-07__oncorag-e-note-01512.txt
oncorag-e-0046,oncorag-e-note-01513,rad_onc_followup,2026-02-05,en,notes/oncorag-e-0046/rad_onc_followup/2026-02-05__oncorag-e-note-01513.txt
oncorag-e-0047,oncorag-e-note-01514,imaging_report,2023-09-20,en,notes/oncorag-e-0047/imaging_report/2023-09-20__oncorag-e-note-01514.txt
oncorag-e-0048,oncorag-e-note-01515,rad_onc_followup,2020-12-23,en,notes/oncorag-e-0048/rad_onc_followup/2020-12-23__oncorag-e-note-01515.txt
oncorag-e-0049,oncorag-e-note-01516,rad_onc_followup,2024-09-08,en,notes/oncorag-e-0049/rad_onc_followup/2024-09-08__oncorag-e-note-01516.txt
oncorag-e-0050,oncorag-e-note-01517,rad_onc_followup,2022-02-20,en,notes/oncorag-e-0050/rad_onc_followup/2022-02-20__oncorag-e-note-01517.txt
oncorag-e-0051,oncorag-e-note-01518,med_onc_note,2021-02-23,en,notes/oncorag-e-0051/med_onc_note/2021-02-23__oncorag-e-note-01518.txt
oncorag-e-0052,oncorag-e-note-01519,pathology_report,2026-01-23,en,notes/oncorag-e-0052/pathology_report/2026-01-23__oncorag-e-note-01519.txt
oncorag-e-0053,oncorag-e-note-01520,med_onc_note,2021-06-05,en,notes/oncorag-e-0053/med_onc_note/2021-06-05__oncorag-e-note-01520.txt
oncorag-e-0054,oncorag-e-note-01521,rad_onc_followup,2021-11-06,en,notes/oncorag-e-0054/rad_onc_followup/2021-11-06__oncorag-e-note-01521.txt
oncorag-e-0055,oncorag-e-note-01522,rad_onc_followup,2026-01-10,en,notes/oncorag-e-0055/rad_onc_followup/2026-01-10__oncorag-e-note-01522.txt
oncorag-e-0056,oncorag-e-note-01523,imaging_report,2020-04-04,en,notes/oncorag-e-0056/imaging_report/2020-04-04__oncorag-e-note-01523.txt
oncorag-e-0057,oncorag-e-note-01524,lab_report,2022-03-09,en,notes/oncorag-e-0057/lab_report/2022-03-09__oncorag-e-note-01524.txt
oncorag-e-0058,oncorag-e-note-01525,med_onc_note,2024-09-24,en,notes/oncorag-e-0058/med_onc_note/2024-09-24__oncorag-e-note-01525.txt
oncorag-e-0059,oncorag-e-note-01526,rad_onc_followup,2022-08-06,en,notes/oncorag-e-0059/rad_onc_followup/2022-08-06__oncorag-e-note-01526.txt
oncorag-e-0060,oncorag-e-note-01527,rad_onc_followup,2021-09-08,en,notes/oncorag-e-0060/rad_onc_followup/2021-09-08__oncorag-e-note-01527.txt
oncorag-e-0061,oncorag-e-note-01528,rad_onc_followup,2024-11-27,en,notes/oncorag-e-0061/rad_onc_followup/2024-11-27__oncorag-e-note-01528.txt
oncorag-e-0062,oncorag-e-note-01529,rad_onc_followup,2021-05-10,en,notes/oncorag-e-0062/rad_onc_followup/2021-05-10__oncorag-e-note-01529.txt
oncorag-e-0063,oncorag-e-note-01530,rad_onc_followup,2020-05-21,en,notes/oncorag-e-0063/rad_onc_followup/2020-05-21__oncorag-e-note-01530.txt
oncorag-e-0064,oncorag-e-note-01531,rad_onc_followup,2021-01-25,en,notes/oncorag-e-0064/rad_onc_followup/2021-01-25__oncorag-e-note-01531.txt
oncorag-e-0065,oncorag-e-note-01532,rad_onc_followup,2021-10-24,en,notes/oncorag-e-0065/rad_onc_followup/2021-10-24__oncorag-e-note-01532.txt
oncorag-e-0066,oncorag-e-note-01533,rad_onc_followup,2022-05-13,en,notes/oncorag-e-0066/rad_onc_followup/2022-05-13__oncorag-e-note-01533.txt
oncorag-e-0067,oncorag-e-note-01534,pathology_report,2025-08-27,en,notes/oncorag-e-0067/pathology_report/2025-08-27__oncorag-e-note-01534.txt
oncorag-e-0068,oncorag-e-note-01535,rad_onc_followup,2025-06-15,en,notes/oncorag-e-0068/rad_onc_followup/2025-06-15__oncorag-e-note-01535.txt
oncorag-e-0069,oncorag-e-note-01536,rad_onc_followup,2020-09-01,en,notes/oncorag-e-0069/rad_onc_followup/2020-09-01__oncorag-e-note-01536.txt
oncorag-e-0070,oncorag-e-note-01537,rad_onc_followup,2023-04-27,en,notes/oncorag-e-0070/rad_onc_followup/2023-04-27__oncorag-e-note-01537.txt
oncorag-e-0071,oncorag-e-note-01538,rad_onc_followup,2024-03-03,en,notes/oncorag-e-0071/rad_onc_followup/2024-03-03__oncorag-e-note-01538.txt
oncorag-e-0072,oncorag-e-note-01539,pathology_report,2022-03-18,en,notes/oncorag-e-0072/pathology_report/2022-03-18__oncorag-e-note-01539.txt
oncorag-e-0073,oncorag-e-note-01540,rad_onc_followup,2020-08-02,en,notes/oncorag-e-0073/rad_onc_followup/2020-08-02__oncorag-e-note-01540.txt
oncorag-e-0074,oncorag-e-note-01541,rad_onc_followup,2020-07-14,en,notes/oncorag-e-0074/rad_onc_followup/2020-07-14__oncorag-e-note-01541.txt
oncorag-e-0075,oncorag-e-note-01542,rad_onc_followup,2022-10-15,en,notes/oncorag-e-0075/rad_onc_followup/2022-10-15__oncorag-e-note-01542.txt
oncorag-e-0076,oncorag-e-note-01543,rad_onc_followup,2025-07-20,en,notes/oncorag-e-0076/rad_onc_followup/2025-07-20__oncorag-e-note-01543.txt
oncorag-e-0077,oncorag-e-note-01544,rad_onc_followup,2023-10-01,en,notes/oncorag-e-0077/rad_onc_followup/2023-10-01__oncorag-e-note-01544.txt
oncorag-e-0078,oncorag-e-note-01545,rad_onc_followup,2022-11-23,en,notes/oncorag-e-0078/rad_onc_followup/2022-11-23__oncorag-e-note-01545.txt
oncorag-e-0079,oncorag-e-note-01546,rad_onc_followup,2024-01-17,en,notes/oncorag-e-0079/rad_onc_followup/2024-01-17__oncorag-e-note-01546.txt
oncorag-e-0080,oncorag-e-note-01547,rad_onc_followup,2020-05-20,en,notes/oncorag-e-0080/rad_onc_followup/2020-05-20__oncorag-e-note-01547.txt
oncorag-e-0081,oncorag-e-note-01548,rad_onc_followup,2020-05-19,en,notes/oncorag-e-0081/rad_onc_followup/2020-05-19__oncorag-e-note-01548.txt
oncorag-e-0082,oncorag-e-note-01549,med_onc_note,2021-02-09,en,notes/oncorag-e-0082/med_onc_note/2021-02-09__oncorag-e-note-01549.txt
oncorag-e-0083,oncorag-e-note-01550,lab_report,2022-01-17,en,notes/oncorag-e-0083/lab_report/2022-01-17__oncorag-e-note-01550.txt
oncorag-e-0084,oncorag-e-note-01551,rad_onc_followup,2025-04-18,en,notes/oncorag-e-0084/rad_onc_followup/2025-04-18__oncorag-e-note-01551.txt
oncorag-e-0085,oncorag-e-note-01552,pathology_report,2025-03-24,en,notes/oncorag-e-0085/pathology_report/2025-03-24__oncorag-e-note-01552.txt
oncorag-e-0086,oncorag-e-note-01553,rad_onc_followup,2024-01-08,en,notes/oncorag-e-0086/rad_onc_followup/2024-01-08__oncorag-e-note-01553.txt
oncorag-e-0087,oncorag-e-note-01554,lab_report,2023-02-10,en,notes/oncorag-e-0087/lab_report/2023-02-10__oncorag-e-note-01554.txt
oncorag-e-0088,oncorag-e-note-01555,rad_onc_followup,2024-01-14,en,notes/oncorag-e-0088/rad_onc_followup/2024-01-14__oncorag-e-note-01555.txt
oncorag-e-0089,oncorag-e-note-01556,rad_onc_followup,2024-03-09,en,notes/oncorag-e-0089/rad_onc_followup/2024-03-09__oncorag-e-note-01556.txt
oncorag-e-0090,oncorag-e-note-01557,pathology_report,2021-07-08,en,notes/oncorag-e-0090/pathology_report/2021-07-08__oncorag-e-note-01557.txt
oncorag-e-0091,oncorag-e-note-01558,rad_onc_followup,2021-03-26,en,notes/oncorag-e-0091/rad_onc_followup/2021-03-26__oncorag-e-note-01558.txt
oncorag-e-0092,oncorag-e-note-01559,rad_onc_followup,2021-06-25,en,notes/oncorag-e-0092/rad_onc_followup/2021-06-25__oncorag-e-note-01559.txt
oncorag-e-0093,oncorag-e-note-01560,rad_onc_followup,2025-07-15,en,notes/oncorag-e-0093/rad_onc_followup/2025-07-15__oncorag-e-note-01560.txt
oncorag-e-0094,oncorag-e-note-01561,rad_onc_followup,2021-12-06,en,notes/oncorag-e-0094/rad_onc_followup/2021-12-06__oncorag-e-note-01561.txt
oncorag-e-0095,oncorag-e-note-01562,rad_onc_followup,2020-05-10,en,notes/oncorag-e-0095/rad_onc_followup/2020-05-10__oncorag-e-note-01562.txt
oncorag-e-0096,oncorag-e-note-01563,med_onc_note,2023-05-26,en,notes/oncorag-e-0096/med_onc_note/2023-05-26__oncorag-e-note-01563.txt
oncorag-e-0097,oncorag-e-note-01564,rad_onc_followup,2020-08-20,en,notes/oncorag-e-0097/rad_onc_followup/2020-08-20__oncorag-e-note-01564.txt
oncorag-e-0098,oncorag-e-note-01565,pathology_report,2021-01-07,en,notes/oncorag-e-0098/pathology_report/2021-01-07__oncorag-e-note-01565.txt
oncorag-e-0099,oncorag-e-note-01566,rad_onc_followup,2023-08-02,en,notes/oncorag-e-0099/rad_onc_followup/2023-08-02__oncorag-e-note-01566.txt
oncorag-e-0100,oncorag-e-note-01567,med_onc_note,2025-07-15,en,notes/oncorag-e-0100/med_onc_note/2025-07-15__oncorag-e-note-01567.txt
oncorag-e-0101,oncorag-e-note-01568,pathology_report,2023-11-01,en,notes/oncorag-e-0101/pathology_report/2023-11-01__oncorag-e-note-01568.txt
oncorag-e-0102,oncorag-e-note-01569,rad_onc_followup,2023-12-09,en,notes/oncorag-e-0102/rad_onc_followup/2023-12-09__oncorag-e-note-01569.txt
oncorag-e-0103,oncorag-e-note-01570,rad_onc_followup,2023-08-21,en,notes/oncorag-e-0103/rad_onc_followup/2023-08-21__oncorag-e-note-01570.txt
oncorag-e-0104,oncorag-e-note-01571,rad_onc_followup,2025-05-07,en,notes/oncorag-e-0104/rad_onc_followup/2025-05-07__oncorag-e-note-01571.txt
oncorag-e-0105,oncorag-e-note-01572,rad_onc_followup,2025-06-14,en,notes/oncorag-e-0105/rad_onc_followup/2025-06-14__oncorag-e-note-01572.txt
oncorag-e-0106,oncorag-e-note-01573,pathology_report,2020-08-31,en,notes/oncorag-e-0106/pathology_report/2020-08-31__oncorag-e-note-01573.txt
oncorag-e-0107,oncorag-e-note-01574,rad_onc_followup,2023-09-25,en,notes/oncorag-e-0107/rad_onc_followup/2023-09-25__oncorag-e-note-01574.txt
oncorag-e-0108,oncorag-e-note-01575,rad_onc_followup,2022-06-08,en,notes/oncorag-e-0108/rad_onc_followup/2022-06-08__oncorag-e-note-01575.txt
oncorag-e-0109,oncorag-e-note-01576,lab_report,2023-06-14,en,notes/oncorag-e-0109/lab_report/2023-06-14__oncorag-e-note-01576.txt
oncorag-e-0110,oncorag-e-note-01577,med_onc_note,2023-02-27,en,notes/oncorag-e-0110/med_onc_note/2023-02-27__oncorag-e-note-01577.txt
oncorag-e-0111,oncorag-e-note-01578,rad_onc_followup,2023-06-16,en,notes/oncorag-e-0111/rad_onc_followup/2023-06-16__oncorag-e-note-01578.txt
oncorag-e-0112,oncorag-e-note-01579,med_onc_note,2021-09-07,en,notes/oncorag-e-0112/med_onc_note/2021-09-07__oncorag-e-note-01579.txt
oncorag-e-0113,oncorag-e-note-01580,rad_onc_followup,2020-12-13,en,notes/oncorag-e-0113/rad_onc_followup/2020-12-13__oncorag-e-note-01580.txt
oncorag-e-0114,oncorag-e-note-01581,med_onc_note,2025-06-18,en,notes/oncorag-e-0114/med_onc_note/2025-06-18__oncorag-e-note-01581.txt
oncorag-e-0115,oncorag-e-note-01582,rad_onc_followup,2023-09-09,en,notes/oncorag-e-0115/rad_onc_followup/2023-09-09__oncorag-e-note-01582.txt
oncorag-e-0116,oncorag-e-note-01583,rad_onc_followup,2021-08-19,en,notes/oncorag-e-0116/rad_onc_followup/2021-08-19__oncorag-e-note-01583.txt
oncorag-e-0117,oncorag-e-note-01584,lab_report,2024-09-15,en,notes/oncorag-e-0117/lab_report/2024-09-15__oncorag-e-note-01584.txt
oncorag-e-0118,oncorag-e-note-01585,pathology_report,2026-01-12,en,notes/oncorag-e-0118/pathology_report/2026-01-12__oncorag-e-note-01585.txt
oncorag-e-0119,oncorag-e-note-01586,rad_onc_followup,2021-11-22,en,notes/oncorag-e-0119/rad_onc_followup/2021-11-22__oncorag-e-note-01586.txt
oncorag-e-0120,oncorag-e-note-01587,rad_onc_followup,2020-10-07,en,notes/oncorag-e-0120/rad_onc_followup/2020-10-07__oncorag-e-note-01587.txt
oncorag-e-0121,oncorag-e-note-01588,imaging_report,2023-10-25,en,notes/oncorag-e-0121/imaging_report/2023-10-25__oncorag-e-note-01588.txt
oncorag-e-0122,oncorag-e-note-01589,rad_onc_followup,2021-08-24,en,notes/oncorag-e-0122/rad_onc_followup/2021-08-24__oncorag-e-note-01589.txt
oncorag-e-0123,oncorag-e-note-01590,rad_onc_followup,2023-06-12,en,notes/oncorag-e-0123/rad_onc_followup/2023-06-12__oncorag-e-note-01590.txt
oncorag-e-0124,oncorag-e-note-01591,rad_onc_followup,2023-10-28,en,notes/oncorag-e-0124/rad_onc_followup/2023-10-28__oncorag-e-note-01591.txt
oncorag-e-0125,oncorag-e-note-01592,med_onc_note,2022-12-25,en,notes/oncorag-e-0125/med_onc_note/2022-12-25__oncorag-e-note-01592.txt
oncorag-e-0126,oncorag-e-note-01593,rad_onc_followup,2024-12-15,en,notes/oncorag-e-0126/rad_onc_followup/2024-12-15__oncorag-e-note-01593.txt
oncorag-e-0127,oncorag-e-note-01594,rad_onc_followup,2021-12-17,en,notes/oncorag-e-0127/rad_onc_followup/2021-12-17__oncorag-e-note-01594.txt
oncorag-e-0128,oncorag-e-note-01595,pathology_report,2024-02-19,en,notes/oncorag-e-0128/pathology_report/2024-02-19__oncorag-e-note-01595.txt
oncorag-e-0129,oncorag-e-note-01596,imaging_report,2022-04-02,en,notes/oncorag-e-0129/imaging_report/2022-04-02__oncorag-e-note-01596.txt
oncorag-e-0130,oncorag-e-note-01597,rad_onc_followup,2021-11-26,en,notes/oncorag-e-0130/rad_onc_followup/2021-11-26__oncorag-e-note-01597.txt
oncorag-e-0131,oncorag-e-note-01598,med_onc_note,2022-04-23,en,notes/oncorag-e-0131/med_onc_note/2022-04-23__oncorag-e-note-01598.txt
oncorag-e-0132,oncorag-e-note-01599,rad_onc_followup,2023-08-21,en,notes/oncorag-e-0132/rad_onc_followup/2023-08-21__oncorag-e-note-01599.txt
oncorag-e-0133,oncorag-e-note-01600,rad_onc_followup,2020-04-18,en,notes/oncorag-e-0133/rad_onc_followup/2020-04-18__oncorag-e-note-01600.txt
oncorag-e-0134,oncorag-e-note-01601,rad_onc_followup,2023-02-28,en,notes/oncorag-e-0134/rad_onc_followup/2023-02-28__oncorag-e-note-01601.txt
oncorag-e-0135,oncorag-e-note-01602,med_onc_note,2022-09-24,en,notes/oncorag-e-0135/med_onc_note/2022-09-24__oncorag-e-note-01602.txt
oncorag-e-0136,oncorag-e-note-01603,rad_onc_followup,2025-07-07,en,notes/oncorag-e-0136/rad_onc_followup/2025-07-07__oncorag-e-note-01603.txt
oncorag-e-0137,oncorag-e-note-01604,rad_onc_followup,2024-03-14,en,notes/oncorag-e-0137/rad_onc_followup/2024-03-14__oncorag-e-note-01604.txt
oncorag-e-0138,oncorag-e-note-01605,rad_onc_followup,2021-06-08,en,notes/oncorag-e-0138/rad_onc_followup/2021-06-08__oncorag-e-note-01605.txt
oncorag-e-0139,oncorag-e-note-01606,rad_onc_followup,2020-08-06,en,notes/oncorag-e-0139/rad_onc_followup/2020-08-06__oncorag-e-note-01606.txt
oncorag-e-0140,oncorag-e-note-01607,rad_onc_followup,2020-10-17,en,notes/oncorag-e-0140/rad_onc_followup/2020-10-17__oncorag-e-note-01607.txt
oncorag-e-0141,oncorag-e-note-01608,imaging_report,2024-03-10,en,notes/oncorag-e-0141/imaging_report/2024-03-10__oncorag-e-note-01608.txt
oncorag-e-0142,oncorag-e-note-01609,rad_onc_followup,2023-04-30,en,notes/oncorag-e-0142/rad_onc_followup/2023-04-30__oncorag-e-note-01609.txt
oncorag-e-0143,oncorag-e-note-01610,rad_onc_followup,2025-10-10,en,notes/oncorag-e-0143/rad_onc_followup/2025-10-10__oncorag-e-note-01610.txt
oncorag-e-0144,oncorag-e-note-01611,lab_report,2023-03-01,en,notes/oncorag-e-0144/lab_report/2023-03-01__oncorag-e-note-01611.txt
oncorag-e-0145,oncorag-e-note-01612,med_onc_note,2021-12-11,en,notes/oncorag-e-0145/med_onc_note/2021-12-11__oncorag-e-note-01612.txt
oncorag-e-0146,oncorag-e-note-01613,pathology_report,2023-04-22,en,notes/oncorag-e-0146/pathology_report/2023-04-22__oncorag-e-note-01613.txt
oncorag-e-0147,oncorag-e-note-01614,rad_onc_followup,2025-10-13,en,notes/oncorag-e-0147/rad_onc_followup/2025-10-13__oncorag-e-note-01614.txt
oncorag-e-0148,oncorag-e-note-01615,rad_onc_followup,2021-07-31,en,notes/oncorag-e-0148/rad_onc_followup/2021-07-31__oncorag-e-note-01615.txt
oncorag-e-0149,oncorag-e-note-01616,rad_onc_followup,2024-08-03,en,notes/oncorag-e-0149/rad_onc_followup/2024-08-03__oncorag-e-note-01616.txt
oncorag-e-0150,oncorag-e-note-01617,pathology_report,2021-01-29,en,notes/oncorag-e-0150/pathology_report/2021-01-29__oncorag-e-note-01617.txt
oncorag-e-0151,oncorag-e-note-01618,rad_onc_followup,2024-08-30,en,notes/oncorag-e-0151/rad_onc_followup/2024-08-30__oncorag-e-note-01618.txt
oncorag-e-0152,oncorag-e-note-01619,rad_onc_followup,2021-08-21,en,notes/oncorag-e-0152/rad_onc_followup/2021-08-21__oncorag-e-note-01619.txt
oncorag-e-0153,oncorag-e-note-01620,med_onc_note,2020-11-03,en,notes/oncorag-e-0153/med_onc_note/2020-11-03__oncorag-e-note-01620.txt
oncorag-e-0154,oncorag-e-note-01621,med_onc_note,2020-03-26,en,notes/oncorag-e-0154/med_onc_note/2020-03-26__oncorag-e-note-01621.txt
oncorag-e-0155,oncorag-e-note-01622,pathology_report,2021-12-20,en,notes/oncorag-e-0155/pathology_report/2021-12-20__oncorag-e-note-01622.txt
oncorag-e-0156,oncorag-e-note-01623,rad_onc_followup,2024-07-03,en,notes/oncorag-e-0156/rad_onc_followup/2024-07-03__oncorag-e-note-01623.txt
oncorag-e-0157,oncorag-e-note-01624,rad_onc_followup,2024-07-10,en,notes/oncorag-e-0157/rad_onc_followup/2024-07-10__oncorag-e-note-01624.txt
oncorag-e-0158,oncorag-e-note-01625,imaging_report,2021-09-07,en,notes/oncorag-e-0158/imaging_report/2021-09-07__oncorag-e-note-01625.txt
oncorag-e-0159,oncorag-e-note-01626,rad_onc_followup,2022-11-27,en,notes/oncorag-e-0159/rad_onc_followup/2022-11-27__oncorag-e-note-01626.txt
oncorag-e-0160,oncorag-e-note-01627,med_onc_note,2023-11-13,en,notes/oncorag-e-0160/med_onc_note/2023-11-13__oncorag-e-note-01627.txt
oncorag-e-0161,oncorag-e-note-01628,rad_onc_followup,2021-05-10,en,notes/oncorag-e-0161/rad_onc_followup/2021-05-10__oncorag-e-note-01628.txt
oncorag-e-0162,oncorag-e-note-01629,med_onc_note,2024-04-16,en,notes/oncorag-e-0162/med_onc_note/2024-04-16__oncorag-e-note-01629.txt
oncorag-e-0163,oncorag-e-note-01630,rad_onc_followup,2022-10-22,en,notes/oncorag-e-0163/rad_onc_followup/2022-10-22__oncorag-e-note-01630.txt
oncorag-e-0164,oncorag-e-note-01631,rad_onc_followup,2022-06-12,en,notes/oncorag-e-0164/rad_onc_followup/2022-06-12__oncorag-e-note-01631.txt
oncorag-e-0165,oncorag-e-note-01632,med_onc_note,2022-05-19,en,notes/oncorag-e-0165/med_onc_note/2022-05-19__oncorag-e-note-01632.txt
oncorag-e-0166,oncorag-e-note-01633,med_onc_note,2020-04-05,en,notes/oncorag-e-0166/med_onc_note/2020-04-05__oncorag-e-note-01633.txt
oncorag-e-0167,oncorag-e-note-01634,imaging_report,2021-04-11,en,notes/oncorag-e-0167/imaging_report/2021-04-11__oncorag-e-note-01634.txt
oncorag-e-0168,oncorag-e-note-01635,rad_onc_followup,2021-03-22,en,notes/oncorag-e-0168/rad_onc_followup/2021-03-22__oncorag-e-note-01635.txt
oncorag-e-0169,oncorag-e-note-01636,rad_onc_followup,2025-02-01,en,notes/oncorag-e-0169/rad_onc_followup/2025-02-01__oncorag-e-note-01636.txt
oncorag-e-0170,oncorag-e-note-01637,med_onc_note,2023-05-06,en,notes/oncorag-e-0170/med_onc_note/2023-05-06__oncorag-e-note-01637.txt
oncorag-e-0171,oncorag-e-note-01638,imaging_report,2023-04-17,en,notes/oncorag-e-0171/imaging_report/2023-04-17__oncorag-e-note-01638.txt
oncorag-e-0172,oncorag-e-note-01639,rad_onc_followup,2021-04-20,en,notes/oncorag-e-0172/rad_onc_followup/2021-04-20__oncorag-e-note-01639.txt
oncorag-e-0173,oncorag-e-note-01640,rad_onc_followup,2023-02-22,en,notes/oncorag-e-0173/rad_onc_followup/2023-02-22__oncorag-e-note-01640.txt
oncorag-e-0174,oncorag-e-note-01641,rad_onc_followup,2025-07-24,en,notes/oncorag-e-0174/rad_onc_followup/2025-07-24__oncorag-e-note-01641.txt
oncorag-e-0175,oncorag-e-note-01642,rad_onc_followup,2021-01-01,en,notes/oncorag-e-0175/rad_onc_followup/2021-01-01__oncorag-e-note-01642.txt
oncorag-e-0176,oncorag-e-note-01643,rad_onc_followup,2025-10-11,en,notes/oncorag-e-0176/rad_onc_followup/2025-10-11__oncorag-e-note-01643.txt
oncorag-e-0177,oncorag-e-note-01644,pathology_report,2022-08-03,en,notes/oncorag-e-0177/pathology_report/2022-08-03__oncorag-e-note-01644.txt
oncorag-e-0178,oncorag-e-note-01645,lab_report,2024-06-03,en,notes/oncorag-e-0178/lab_report/2024-06-03__oncorag-e-note-01645.txt
oncorag-e-0179,oncorag-e-note-01646,rad_onc_followup,2023-02-09,en,notes/oncorag-e-0179/rad_onc_followup/2023-02-09__oncorag-e-note-01646.txt
oncorag-e-0180,oncorag-e-note-01647,rad_onc_followup,2022-10-21,en,notes/oncorag-e-0180/rad_onc_followup/2022-10-21__oncorag-e-note-01647.txt
oncorag-e-0181,oncorag-e-note-01648,lab_report,2024-02-26,en,notes/oncorag-e-0181/lab_report/2024-02-26__oncorag-e-note-01648.txt
oncorag-e-0182,oncorag-e-note-01649,rad_onc_followup,2024-08-08,en,notes/oncorag-e-0182/rad_onc_followup/2024-08-08__oncorag-e-note-01649.txt
oncorag-e-0183,oncorag-e-note-01650,imaging_report,2023-11-19,en,notes/oncorag-e-0183/imaging_report/2023-11-19__oncorag-e-note-01650.txt
oncorag-e-0184,oncorag-e-note-01651,rad_onc_followup,2025-05-18,en,notes/oncorag-e-0184/rad_onc_followup/2025-05-18__oncorag-e-note-01651.txt
oncorag-e-0185,oncorag-e-note-01652,rad_onc_followup,2021-11-23,en,notes/oncorag-e-0185/rad_onc_followup/2021-11-23__oncorag-e-note-01652.txt
oncorag-e-0186,oncorag-e-note-01653,rad_onc_followup,2023-04-19,en,notes/oncorag-e-0186/rad_onc_followup/2023-04-19__oncorag-e-note-01653.txt
oncorag-e-0187,oncorag-e-note-01654,rad_onc_followup,2020-07-05,en,notes/oncorag-e-0187/rad_onc_followup/2020-07-05__oncorag-e-note-01654.txt
oncorag-e-0188,oncorag-e-note-01655,lab_report,2022-11-11,en,notes/oncorag-e-0188/lab_report/2022-11-11__oncorag-e-note-01655.txt
oncorag-e-0189,oncorag-e-note-01656,imaging_report,2024-09-18,en,notes/oncorag-e-0189/imaging_report/2024-09-18__oncorag-e-note-01656.txt
oncorag-e-0190,oncorag-e-note-01657,med_onc_note,2024-03-09,en,notes/oncorag-e-0190/med_onc_note/2024-03-09__oncorag-e-note-01657.txt
oncorag-e-0191,oncorag-e-note-01658,lab_report,2022-03-18,en,notes/oncorag-e-0191/lab_report/2022-03-18__oncorag-e-note-01658.txt
oncorag-e-0192,oncorag-e-note-01659,rad_onc_followup,2024-05-12,en,notes/oncorag-e-0192/rad_onc_followup/2024-05-12__oncorag-e-note-01659.txt
oncorag-e-0193,oncorag-e-note-01660,med_onc_note,2022-07-14,en,notes/oncorag-e-0193/med_onc_note/2022-07-14__oncorag-e-note-01660.txt
oncorag-e-0194,oncorag-e-note-01661,rad_onc_followup,2025-06-03,en,notes/oncorag-e-0194/rad_onc_followup/2025-06-03__oncorag-e-note-01661.txt
oncorag-e-0195,oncorag-e-note-01662,med_onc_note,2020-06-29,en,notes/oncorag-e-0195/med_onc_note/2020-06-29__oncorag-e-note-01662.txt
oncorag-e-0196,oncorag-e-note-01663,imaging_report,2020-10-03,en,notes/oncorag-e-0196/imaging_report/2020-10-03__oncorag-e-note-01663.txt
oncorag-e-0197,oncorag-e-note-01664,rad_onc_followup,2022-10-12,en,notes/oncorag-e-0197/rad_onc_followup/2022-10-12__oncorag-e-note-01664.txt
oncorag-e-0198,oncorag-e-note-01665,rad_onc_followup,2024-01-26,en,notes/oncorag-e-0198/rad_onc_followup/2024-01-26__oncorag-e-note-01665.txt
oncorag-e-0199,oncorag-e-note-01666,rad_onc_followup,2020-11-15,en,notes/oncorag-e-0199/rad_onc_followup/2020-11-15__oncorag-e-note-01666.txt
oncorag-e-0200,oncorag-e-note-01667,rad_onc_followup,2023-11-13,en,notes/oncorag-e-0200/rad_onc_followup/2023-11-13__oncorag-e-note-01667.txt
oncorag-e-0201,oncorag-e-note-01668,lab_report,2023-01-05,en,notes/oncorag-e-0201/lab_report/2023-01-05__oncorag-e-note-01668.txt
oncorag-e-0202,oncorag-e-note-01669,rad_onc_followup,2020-10-11,en,notes/oncorag-e-0202/rad_onc_followup/2020-10-11__oncorag-e-note-01669.txt
oncorag-e-0203,oncorag-e-note-01670,pathology_report,2026-01-04,en,notes/oncorag-e-0203/pathology_report/2026-01-04__oncorag-e-note-01670.txt
oncorag-e-0204,oncorag-e-note-01671,rad_onc_followup,2024-10-20,en,notes/oncorag-e-0204/rad_onc_followup/2024-10-20__oncorag-e-note-01671.txt
oncorag-e-0205,oncorag-e-note-01672,med_onc_note,2023-06-15,en,notes/oncorag-e-0205/med_onc_note/2023-06-15__oncorag-e-note-01672.txt
oncorag-e-0206,oncorag-e-note-01673,rad_onc_followup,2025-01-19,en,notes/oncorag-e-0206/rad_onc_followup/2025-01-19__oncorag-e-note-01673.txt
oncorag-e-0207,oncorag-e-note-01674,rad_onc_followup,2024-05-08,en,notes/oncorag-e-0207/rad_onc_followup/2024-05-08__oncorag-e-note-01674.txt
oncorag-e-0208,oncorag-e-note-01675,imaging_report,2025-02-12,en,notes/oncorag-e-0208/imaging_report/2025-02-12__oncorag-e-note-01675.txt
oncorag-e-0209,oncorag-e-note-01676,rad_onc_followup,2024-11-01,en,notes/oncorag-e-0209/rad_onc_followup/2024-11-01__oncorag-e-note-01676.txt
oncorag-e-0210,oncorag-e-note-01677,med_onc_note,2023-01-21,en,notes/oncorag-e-0210/med_onc_note/2023-01-21__oncorag-e-note-01677.txt
oncorag-e-0211,oncorag-e-note-01678,rad_onc_followup,2020-07-20,en,notes/oncorag-e-0211/rad_onc_followup/2020-07-20__oncorag-e-note-01678.txt
oncorag-e-0212,oncorag-e-note-01679,rad_onc_followup,2026-01-05,en,notes/oncorag-e-0212/rad_onc_followup/2026-01-05__oncorag-e-note-01679.txt
oncorag-e-0213,oncorag-e-note-01680,rad_onc_followup,2023-02-01,en,notes/oncorag-e-0213/rad_onc_followup/2023-02-01__oncorag-e-note-01680.txt
oncorag-e-0214,oncorag-e-note-01681,rad_onc_followup,2025-04-11,en,notes/oncorag-e-0214/rad_onc_followup/2025-04-11__oncorag-e-note-01681.txt
oncorag-e-0215,oncorag-e-note-01682,lab_report,2024-12-30,en,notes/oncorag-e-0215/lab_report/2024-12-30__oncorag-e-note-01682.txt
oncorag-e-0216,oncorag-e-note-01683,rad_onc_followup,2023-04-07,en,notes/oncorag-e-0216/rad_onc_followup/2023-04-07__oncorag-e-note-01683.txt
oncorag-e-0217,oncorag-e-note-01684,rad_onc_followup,2024-05-17,en,notes/oncorag-e-0217/rad_onc_followup/2024-05-17__oncorag-e-note-01684.txt
oncorag-e-0218,oncorag-e-note-01685,rad_onc_followup,2025-09-04,en,notes/oncorag-e-0218/rad_onc_followup/2025-09-04__oncorag-e-note-01685.txt
oncorag-e-0219,oncorag-e-note-01686,med_onc_note,2025-09-13,en,notes/oncorag-e-0219/med_onc_note/2025-09-13__oncorag-e-note-01686.txt
oncorag-e-0220,oncorag-e-note-01687,imaging_report,2021-04-14,en,notes/oncorag-e-0220/imaging_report/2021-04-14__oncorag-e-note-01687.txt
oncorag-e-0221,oncorag-e-note-01688,rad_onc_followup,2021-10-30,en,notes/oncorag-e-0221/rad_onc_followup/2021-10-30__oncorag-e-note-01688.txt
oncorag-e-0222,oncorag-e-note-01689,rad_onc_followup,2021-02-10,en,notes/oncorag-e-0222/rad_onc_followup/2021-02-10__oncorag-e-note-01689.txt
oncorag-e-0223,oncorag-e-note-01690,rad_onc_followup,2021-05-24,en,notes/oncorag-e-0223/rad_onc_followup/2021-05-24__oncorag-e-note-01690.txt
oncorag-e-0224,oncorag-e-note-01691,med_onc_note,2020-09-06,en,notes/oncorag-e-0224/med_onc_note/2020-09-06__oncorag-e-note-01691.txt
oncorag-e-0225,oncorag-e-note-01692,rad_onc_followup,2025-07-28,en,notes/oncorag-e-0225/rad_onc_followup/2025-07-28__oncorag-e-note-01692.txt
oncorag-e-0226,oncorag-e-note-01693,rad_onc_followup,2021-08-14,en,notes/oncorag-e-0226/rad_onc_followup/2021-08-14__oncorag-e-note-01693.txt
oncorag-e-0227,oncorag-e-note-01694,rad_onc_followup,2023-11-09,en,notes/oncorag-e-0227/rad_onc_followup/2023-11-09__oncorag-e-note-01694.txt
oncorag-e-0228,oncorag-e-note-01695,pathology_report,2026-01-31,en,notes/oncorag-e-0228/pathology_report/2026-01-31__oncorag-e-note-01695.txt
oncorag-e-0229,oncorag-e-note-01696,rad_onc_followup,2024-06-24,en,notes/oncorag-e-0229/rad_onc_followup/2024-06-24__oncorag-e-note-01696.txt
oncorag-e-0230,oncorag-e-note-01697,rad_onc_followup,2020-12-24,en,notes/oncorag-e-0230/rad_onc_followup/2020-12-24__oncorag-e-note-01697.txt
oncorag-e-0231,oncorag-e-note-01698,imaging_report,2025-07-23,en,notes/oncorag-e-0231/imaging_report/2025-07-23__oncorag-e-note-01698.txt
oncorag-e-0232,oncorag-e-note-01699,rad_onc_followup,2020-08-17,en,notes/oncorag-e-0232/rad_onc_followup/2020-08-17__oncorag-e-note-01699.txt
oncorag-e-0233,oncorag-e-note-01700,rad_onc_followup,2022-10-03,en,notes/oncorag-e-0233/rad_onc_followup/2022-10-03__oncorag-e-note-01700.txt
oncorag-e-0234,oncorag-e-note-01701,rad_onc_followup,2021-11-23,en,notes/oncorag-e-0234/rad_onc_followup/2021-11-23__oncorag-e-note-01701.txt
oncorag-e-0235,oncorag-e-note-01702,rad_onc_followup,2025-06-22,en,notes/oncorag-e-0235/rad_onc_followup/2025-06-22__oncorag-e-note-01702.txt
oncorag-e-0236,oncorag-e-note-01703,rad_onc_followup,2020-09-20,en,notes/oncorag-e-0236/rad_onc_followup/2020-09-20__oncorag-e-note-01703.txt
oncorag-e-0237,oncorag-e-note-01704,med_onc_note,2025-06-24,en,notes/oncorag-e-0237/med_onc_note/2025-06-24__oncorag-e-note-01704.txt
oncorag-e-0238,oncorag-e-note-01705,rad_onc_followup,2024-02-23,en,notes/oncorag-e-0238/rad_onc_followup/2024-02-23__oncorag-e-note-01705.txt
oncorag-e-0239,oncorag-e-note-01706,rad_onc_followup,2022-07-23,en,notes/oncorag-e-0239/rad_onc_followup/2022-07-23__oncorag-e-note-01706.txt
oncorag-e-0240,oncorag-e-note-01707,med_onc_note,2026-01-02,en,notes/oncorag-e-0240/med_onc_note/2026-01-02__oncorag-e-note-01707.txt
oncorag-e-0241,oncorag-e-note-01708,rad_onc_followup,2025-11-28,en,notes/oncorag-e-0241/rad_onc_followup/2025-11-28__oncorag-e-note-01708.txt
oncorag-e-0242,oncorag-e-note-01709,rad_onc_followup,2022-11-28,en,notes/oncorag-e-0242/rad_onc_followup/2022-11-28__oncorag-e-note-01709.txt
oncorag-e-0243,oncorag-e-note-01710,rad_onc_followup,2022-09-02,en,notes/oncorag-e-0243/rad_onc_followup/2022-09-02__oncorag-e-note-01710.txt
oncorag-e-0244,oncorag-e-note-01711,med_onc_note,2022-07-11,en,notes/oncorag-e-0244/med_onc_note/2022-07-11__oncorag-e-note-01711.txt
oncorag-e-0245,oncorag-e-note-01712,rad_onc_followup,2022-12-04,en,notes/oncorag-e-0245/rad_onc_followup/2022-12-04__oncorag-e-note-01712.txt
oncorag-e-0246,oncorag-e-note-01713,rad_onc_followup,2026-02-17,en,notes/oncorag-e-0246/rad_onc_followup/2026-02-17__oncorag-e-note-01713.txt
oncorag-e-0247,oncorag-e-note-01714,rad_onc_followup,2025-06-28,en,notes/oncorag-e-0247/rad_onc_followup/2025-06-28__oncorag-e-note-01714.txt
oncorag-e-0248,oncorag-e-note-01715,rad_onc_followup,2021-11-23,en,notes/oncorag-e-0248/rad_onc_followup/2021-11-23__oncorag-e-note-01715.txt
oncorag-e-0249,oncorag-e-note-01716,rad_onc_followup,2023-01-17,en,notes/oncorag-e-0249/rad_onc_followup/2023-01-17__oncorag-e-note-01716.txt
oncorag-e-0250,oncorag-e-note-01717,pathology_report,2022-06-17,en,notes/oncorag-e-0250/pathology_report/2022-06-17__oncorag-e-note-01717.txt
oncorag-e-0251,oncorag-e-note-01718,rad_onc_followup,2025-07-14,en,notes/oncorag-e-0251/rad_onc_followup/2025-07-14__oncorag-e-note-01718.txt
oncorag-e-0252,oncorag-e-note-01719,rad_onc_followup,2024-04-13,en,notes/oncorag-e-0252/rad_onc_followup/2024-04-13__oncorag-e-note-01719.txt
oncorag-e-0253,oncorag-e-note-01720,rad_onc_followup,2023-02-28,en,notes/oncorag-e-0253/rad_onc_followup/2023-02-28__oncorag-e-note-01720.txt
oncorag-e-0254,oncorag-e-note-01721,rad_onc_followup,2023-11-09,en,notes/oncorag-e-0254/rad_onc_followup/2023-11-09__oncorag-e-note-01721.txt
oncorag-e-0255,oncorag-e-note-01722,med_onc_note,2023-06-08,en,notes/oncorag-e-0255/med_onc_note/2023-06-08__oncorag-e-note-01722.txt
oncorag-e-0256,oncorag-e-note-01723,rad_onc_followup,2023-11-28,en,notes/oncorag-e-0256/rad_onc_followup/2023-11-28__oncorag-e-note-01723.txt
oncorag-e-0257,oncorag-e-note-01724,med_onc_note,2021-04-21,en,notes/oncorag-e-0257/med_onc_note/2021-04-21__oncorag-e-note-01724.txt
oncorag-e-0258,oncorag-e-note-01725,rad_onc_followup,2020-03-21,en,notes/oncorag-e-0258/rad_onc_followup/2020-03-21__oncorag-e-note-01725.txt
oncorag-e-0259,oncorag-e-note-01726,lab_report,2021-03-09,en,notes/oncorag-e-0259/lab_report/2021-03-09__oncorag-e-note-01726.txt
oncorag-e-0260,oncorag-e-note-01727,rad_onc_followup,2024-03-23,en,notes/oncorag-e-0260/rad_onc_followup/2024-03-23__oncorag-e-note-01727.txt
oncorag-e-0261,oncorag-e-note-01728,imaging_report,2022-08-05,en,notes/oncorag-e-0261/imaging_report/2022-08-05__oncorag-e-note-01728.txt
oncorag-e-0262,oncorag-e-note-01729,rad_onc_followup,2024-08-05,en,notes/oncorag-e-0262/rad_onc_followup/2024-08-05__oncorag-e-note-01729.txt
oncorag-e-0263,oncorag-e-note-01730,med_onc_note,2025-01-09,en,notes/oncorag-e-0263/med_onc_note/2025-01-09__oncorag-e-note-01730.txt
oncorag-e-0264,oncorag-e-note-01731,rad_onc_followup,2023-06-22,en,notes/oncorag-e-0264/rad_onc_followup/2023-06-22__oncorag-e-note-01731.txt
oncorag-e-0265,oncorag-e-note-01732,rad_onc_followup,2025-02-15,en,notes/oncorag-e-0265/rad_onc_followup/2025-02-15__oncorag-e-note-01732.txt
oncorag-e-0266,oncorag-e-note-01733,med_onc_note,2021-10-08,en,notes/oncorag-e-0266/med_onc_note/2021-10-08__oncorag-e-note-01733.txt
oncorag-e-0267,oncorag-e-note-01734,rad_onc_followup,2021-06-27,en,notes/oncorag-e-0267/rad_onc_followup/2021-06-27__oncorag-e-note-01734.txt
oncorag-e-0268,oncorag-e-note-01735,rad_onc_followup,2024-01-26,en,notes/oncorag-e-0268/rad_onc_followup/2024-01-26__oncorag-e-note-01735.txt
oncorag-e-0269,oncorag-e-note-01736,rad_onc_followup,2021-05-07,en,notes/oncorag-e-0269/rad_onc_followup/2021-05-07__oncorag-e-note-01736.txt
oncorag-e-0270,oncorag-e-note-01737,lab_report,2022-03-15,en,notes/oncorag-e-0270/lab_report/2022-03-15__oncorag-e-note-01737.txt
oncorag-e-0271,oncorag-e-note-01738,rad_onc_followup,2022-07-13,en,notes/oncorag-e-0271/rad_onc_followup/2022-07-13__oncorag-e-note-01738.txt
oncorag-e-0272,oncorag-e-note-01739,rad_onc_followup,2022-08-02,en,notes/oncorag-e-0272/rad_onc_followup/2022-08-02__oncorag-e-note-01739.txt
oncorag-e-0273,oncorag-e-note-01740,rad_onc_followup,2023-12-24,en,notes/oncorag-e-0273/rad_onc_followup/2023-12-24__oncorag-e-note-01740.txt
oncorag-e-0274,oncorag-e-note-01741,rad_onc_followup,2026-02-14,en,notes/oncorag-e-0274/rad_onc_followup/2026-02-14__oncorag-e-note-01741.txt
oncorag-e-0275,oncorag-e-note-01742,rad_onc_followup,2022-09-15,en,notes/oncorag-e-0275/rad_onc_followup/2022-09-15__oncorag-e-note-01742.txt
oncorag-e-0276,oncorag-e-note-01743,med_onc_note,2021-10-08,en,notes/oncorag-e-0276/med_onc_note/2021-10-08__oncorag-e-note-01743.txt
oncorag-e-0277,oncorag-e-note-01744,med_onc_note,2024-07-12,en,notes/oncorag-e-0277/med_onc_note/2024-07-12__oncorag-e-note-01744.txt
oncorag-e-0278,oncorag-e-note-01745,lab_report,2023-12-28,en,notes/oncorag-e-0278/lab_report/2023-12-28__oncorag-e-note-01745.txt
oncorag-e-0279,oncorag-e-note-01746,rad_onc_followup,2025-11-05,en,notes/oncorag-e-0279/rad_onc_followup/2025-11-05__oncorag-e-note-01746.txt
oncorag-e-0280,oncorag-e-note-01747,rad_onc_followup,2022-09-02,en,notes/oncorag-e-0280/rad_onc_followup/2022-09-02__oncorag-e-note-01747.txt
oncorag-e-0281,oncorag-e-note-01748,rad_onc_followup,2025-02-11,en,notes/oncorag-e-0281/rad_onc_followup/2025-02-11__oncorag-e-note-01748.txt
oncorag-e-0282,oncorag-e-note-01749,rad_onc_followup,2020-09-14,en,notes/oncorag-e-0282/rad_onc_followup/2020-09-14__oncorag-e-note-01749.txt
oncorag-e-0283,oncorag-e-note-01750,rad_onc_followup,2021-06-07,en,notes/oncorag-e-0283/rad_onc_followup/2021-06-07__oncorag-e-note-01750.txt
oncorag-e-0284,oncorag-e-note-01751,pathology_report,2022-10-03,en,notes/oncorag-e-0284/pathology_report/2022-10-03__oncorag-e-note-01751.txt
oncorag-e-0285,oncorag-e-note-01752,rad_onc_followup,2021-07-12,en,notes/oncorag-e-0285/rad_onc_followup/2021-07-12__oncorag-e-note-01752.txt
oncorag-e-0286,oncorag-e-note-01753,med_onc_note,2021-01-09,en,notes/oncorag-e-0286/med_onc_note/2021-01-09__oncorag-e-note-01753.txt
oncorag-e-0287,oncorag-e-note-01754,rad_onc_followup,2025-05-15,en,notes/oncorag-e-0287/rad_onc_followup/2025-05-15__oncorag-e-note-01754.txt
oncorag-e-0288,oncorag-e-note-01755,rad_onc_followup,2021-05-19,en,notes/oncorag-e-0288/rad_onc_followup/2021-05-19__oncorag-e-note-01755.txt
oncorag-e-0289,oncorag-e-note-01756,rad_onc_followup,2020-08-01,en,notes/oncorag-e-0289/rad_onc_followup/2020-08-01__oncorag-e-note-01756.txt
oncorag-e-0290,oncorag-e-note-01757,rad_onc_followup,2024-08-17,en,notes/oncorag-e-0290/rad_onc_followup/2024-08-17__oncorag-e-note-01757.txt
oncorag-e-0291,oncorag-e-note-01758,med_onc_note,2021-03-26,en,notes/oncorag-e-0291/med_onc_note/2021-03-26__oncorag-e-note-01758.txt
oncorag-e-0292,oncorag-e-note-01759,rad_onc_followup,2020-12-14,en,notes/oncorag-e-0292/rad_onc_followup/2020-12-14__oncorag-e-note-01759.txt
oncorag-e-0293,oncorag-e-note-01760,rad_onc_followup,2023-05-29,en,notes/oncorag-e-0293/rad_onc_followup/2023-05-29__oncorag-e-note-01760.txt
oncorag-e-0294,oncorag-e-note-01761,rad_onc_followup,2022-12-17,en,notes/oncorag-e-0294/rad_onc_followup/2022-12-17__oncorag-e-note-01761.txt
oncorag-e-0295,oncorag-e-note-01762,rad_onc_followup,2025-04-18,en,notes/oncorag-e-0295/rad_onc_followup/2025-04-18__oncorag-e-note-01762.txt
oncorag-e-0296,oncorag-e-note-01763,rad_onc_followup,2020-03-29,en,notes/oncorag-e-0296/rad_onc_followup/2020-03-29__oncorag-e-note-01763.txt
oncorag-e-0297,oncorag-e-note-01764,med_onc_note,2024-01-14,en,notes/oncorag-e-0297/med_onc_note/2024-01-14__oncorag-e-note-01764.txt
oncorag-e-0298,oncorag-e-note-01765,med_onc_note,2024-11-13,en,notes/oncorag-e-0298/med_onc_note/2024-11-13__oncorag-e-note-01765.txt
oncorag-e-0299,oncorag-e-note-01766,lab_report,2026-02-13,en,notes/oncorag-e-0299/lab_report/2026-02-13__oncorag-e-note-01766.txt
oncorag-e-0300,oncorag-e-note-01767,rad_onc_followup,2024-10-18,en,notes/oncorag-e-0300/rad_onc_followup/2024-10-18__oncorag-e-note-01767.txt
oncorag-e-0301,oncorag-e-note-01768,pathology_report,2022-08-19,en,notes/oncorag-e-0301/pathology_report/2022-08-19__oncorag-e-note-01768.txt
oncorag-e-0302,oncorag-e-note-01769,rad_onc_followup,2022-08-17,en,notes/oncorag-e-0302/rad_onc_followup/2022-08-17__oncorag-e-note-01769.txt
oncorag-e-0303,oncorag-e-note-01770,rad_onc_followup,2021-09-07,en,notes/oncorag-e-0303/rad_onc_followup/2021-09-07__oncorag-e-note-01770.txt
oncorag-e-0304,oncorag-e-note-01771,lab_report,2025-06-01,en,notes/oncorag-e-0304/lab_report/2025-06-01__oncorag-e-note-01771.txt
oncorag-e-0305,oncorag-e-note-01772,rad_onc_followup,2021-10-29,en,notes/oncorag-e-0305/rad_onc_followup/2021-10-29__oncorag-e-note-01772.txt
oncorag-e-0306,oncorag-e-note-01773,rad_onc_followup,2022-06-14,en,notes/oncorag-e-0306/rad_onc_followup/2022-06-14__oncorag-e-note-01773.txt
oncorag-e-0307,oncorag-e-note-01774,rad_onc_followup,2022-02-06,en,notes/oncorag-e-0307/rad_onc_followup/2022-02-06__oncorag-e-note-01774.txt
oncorag-e-0308,oncorag-e-note-01775,rad_onc_followup,2024-02-11,en,notes/oncorag-e-0308/rad_onc_followup/2024-02-11__oncorag-e-note-01775.txt
oncorag-e-0309,oncorag-e-note-01776,rad_onc_followup,2024-11-21,en,notes/oncorag-e-0309/rad_onc_followup/2024-11-21__oncorag-e-note-01776.txt
oncorag-e-0310,oncorag-e-note-01777,imaging_report,2023-04-19,en,notes/oncorag-e-0310/imaging_report/2023-04-19__oncorag-e-note-01777.txt
oncorag-e-0311,oncorag-e-note-01778,rad_onc_followup,2021-02-19,en,notes/oncorag-e-0311/rad_onc_followup/2021-02-19__oncorag-e-note-01778.txt
oncorag-e-0312,oncorag-e-note-01779,rad_onc_followup,2020-03-12,en,notes/oncorag-e-0312/rad_onc_followup/2020-03-12__oncorag-e-note-01779.txt
oncorag-e-0313,oncorag-e-note-01780,rad_onc_followup,2023-09-27,en,notes/oncorag-e-0313/rad_onc_followup/2023-09-27__oncorag-e-note-01780.txt
oncorag-e-0314,oncorag-e-note-01781,rad_onc_followup,2022-07-27,en,notes/oncorag-e-0314/rad_onc_followup/2022-07-27__oncorag-e-note-01781.txt
oncorag-e-0315,oncorag-e-note-01782,rad_onc_followup,2023-10-07,en,notes/oncorag-e-0315/rad_onc_followup/2023-10-07__oncorag-e-note-01782.txt
oncorag-e-0316,oncorag-e-note-01783,rad_onc_followup,2026-03-08,en,notes/oncorag-e-0316/rad_onc_followup/2026-03-08__oncorag-e-note-01783.txt
oncorag-e-0317,oncorag-e-note-01784,med_onc_note,2023-09-01,en,notes/oncorag-e-0317/med_onc_note/2023-09-01__oncorag-e-note-01784.txt
oncorag-e-0318,oncorag-e-note-01785,rad_onc_followup,2021-06-06,en,notes/oncorag-e-0318/rad_onc_followup/2021-06-06__oncorag-e-note-01785.txt
oncorag-e-0319,oncorag-e-note-01786,med_onc_note,2023-06-16,en,notes/oncorag-e-0319/med_onc_note/2023-06-16__oncorag-e-note-01786.txt
oncorag-e-0320,oncorag-e-note-01787,rad_onc_followup,2021-09-17,en,notes/oncorag-e-0320/rad_onc_followup/2021-09-17__oncorag-e-note-01787.txt
oncorag-e-0321,oncorag-e-note-01788,rad_onc_followup,2021-10-20,en,notes/oncorag-e-0321/rad_onc_followup/2021-10-20__oncorag-e-note-01788.txt
oncorag-e-0322,oncorag-e-note-01789,rad_onc_followup,2020-04-13,en,notes/oncorag-e-0322/rad_onc_followup/2020-04-13__oncorag-e-note-01789.txt
oncorag-e-0323,oncorag-e-note-01790,imaging_report,2020-06-03,en,notes/oncorag-e-0323/imaging_report/2020-06-03__oncorag-e-note-01790.txt
oncorag-e-0324,oncorag-e-note-01791,med_onc_note,2021-02-06,en,notes/oncorag-e-0324/med_onc_note/2021-02-06__oncorag-e-note-01791.txt
oncorag-e-0325,oncorag-e-note-01792,rad_onc_followup,2023-07-20,en,notes/oncorag-e-0325/rad_onc_followup/2023-07-20__oncorag-e-note-01792.txt
oncorag-e-0326,oncorag-e-note-01793,rad_onc_followup,2025-08-31,en,notes/oncorag-e-0326/rad_onc_followup/2025-08-31__oncorag-e-note-01793.txt
oncorag-e-0327,oncorag-e-note-01794,rad_onc_followup,2025-12-14,en,notes/oncorag-e-0327/rad_onc_followup/2025-12-14__oncorag-e-note-01794.txt
oncorag-e-0328,oncorag-e-note-01795,rad_onc_followup,2021-06-26,en,notes/oncorag-e-0328/rad_onc_followup/2021-06-26__oncorag-e-note-01795.txt
oncorag-e-0329,oncorag-e-note-01796,rad_onc_followup,2024-08-19,en,notes/oncorag-e-0329/rad_onc_followup/2024-08-19__oncorag-e-note-01796.txt
oncorag-e-0330,oncorag-e-note-01797,rad_onc_followup,2022-05-02,en,notes/oncorag-e-0330/rad_onc_followup/2022-05-02__oncorag-e-note-01797.txt
oncorag-e-0331,oncorag-e-note-01798,rad_onc_followup,2021-06-05,en,notes/oncorag-e-0331/rad_onc_followup/2021-06-05__oncorag-e-note-01798.txt
oncorag-e-0332,oncorag-e-note-01799,rad_onc_followup,2024-08-31,en,notes/oncorag-e-0332/rad_onc_followup/2024-08-31__oncorag-e-note-01799.txt
oncorag-e-0333,oncorag-e-note-01800,rad_onc_followup,2020-06-14,en,notes/oncorag-e-0333/rad_onc_followup/2020-06-14__oncorag-e-note-01800.txt
oncorag-e-0334,oncorag-e-note-01801,lab_report,2020-08-06,en,notes/oncorag-e-0334/lab_report/2020-08-06__oncorag-e-note-01801.txt
oncorag-e-0335,oncorag-e-note-01802,rad_onc_followup,2023-10-07,en,notes/oncorag-e-0335/rad_onc_followup/2023-10-07__oncorag-e-note-01802.txt
oncorag-e-0336,oncorag-e-note-01803,rad_onc_followup,2021-11-06,en,notes/oncorag-e-0336/rad_onc_followup/2021-11-06__oncorag-e-note-01803.txt
oncorag-e-0337,oncorag-e-note-01804,imaging_report,2021-08-07,en,notes/oncorag-e-0337/imaging_report/2021-08-07__oncorag-e-note-01804.txt
oncorag-e-0338,oncorag-e-note-01805,rad_onc_followup,2024-09-24,en,notes/oncorag-e-0338/rad_onc_followup/2024-09-24__oncorag-e-note-01805.txt
oncorag-e-0339,oncorag-e-note-01806,rad_onc_followup,2021-02-05,en,notes/oncorag-e-0339/rad_onc_followup/2021-02-05__oncorag-e-note-01806.txt
oncorag-e-0340,oncorag-e-note-01807,rad_onc_followup,2021-02-18,en,notes/oncorag-e-0340/rad_onc_followup/2021-02-18__oncorag-e-note-01807.txt
oncorag-e-0341,oncorag-e-note-01808,rad_onc_followup,2021-03-19,en,notes/oncorag-e-0341/rad_onc_followup/2021-03-19__oncorag-e-note-01808.txt
oncorag-e-0342,oncorag-e-note-01809,med_onc_note,2026-02-26,en,notes/oncorag-e-0342/med_onc_note/2026-02-26__oncorag-e-note-01809.txt
oncorag-e-0343,oncorag-e-note-01810,med_onc_note,2022-07-30,en,notes/oncorag-e-0343/med_onc_note/2022-07-30__oncorag-e-note-01810.txt
oncorag-e-0344,oncorag-e-note-01811,med_onc_note,2020-12-02,en,notes/oncorag-e-0344/med_onc_note/2020-12-02__oncorag-e-note-01811.txt
oncorag-e-0345,oncorag-e-note-01812,rad_onc_followup,2023-05-25,en,notes/oncorag-e-0345/rad_onc_followup/2023-05-25__oncorag-e-note-01812.txt
oncorag-e-0346,oncorag-e-note-01813,rad_onc_followup,2020-12-09,en,notes/oncorag-e-0346/rad_onc_followup/2020-12-09__oncorag-e-note-01813.txt
oncorag-e-0347,oncorag-e-note-01814,rad_onc_followup,2022-06-07,en,notes/oncorag-e-0347/rad_onc_followup/2022-06-07__oncorag-e-note-01814.txt
oncorag-e-0348,oncorag-e-note-01815,rad_onc_followup,2025-07-28,en,notes/oncorag-e-0348/rad_onc_followup/2025-07-28__oncorag-e-note-01815.txt
oncorag-e-0349,oncorag-e-note-01816,rad_onc_followup,2025-12-03,en,notes/oncorag-e-0349/rad_onc_followup/2025-12-03__oncorag-e-note-01816.txt
oncorag-e-0350,oncorag-e-note-01817,med_onc_note,2023-03-05,en,notes/oncorag-e-0350/med_onc_note/2023-03-05__oncorag-e-note-01817.txt
oncorag-e-0351,oncorag-e-note-01818,rad_onc_followup,2023-01-09,en,notes/oncorag-e-0351/rad_onc_followup/2023-01-09__oncorag-e-note-01818.txt
oncorag-e-0352,oncorag-e-note-01819,rad_onc_followup,2021-03-10,en,notes/oncorag-e-0352/rad_onc_followup/2021-03-10__oncorag-e-note-01819.txt
oncorag-e-0353,oncorag-e-note-01820,imaging_report,2020-10-21,en,notes/oncorag-e-0353/imaging_report/2020-10-21__oncorag-e-note-01820.txt
oncorag-e-0354,oncorag-e-note-01821,rad_onc_followup,2023-03-02,en,notes/oncorag-e-0354/rad_onc_followup/2023-03-02__oncorag-e-note-01821.txt
oncorag-e-0355,oncorag-e-note-01822,med_onc_note,2023-05-19,en,notes/oncorag-e-0355/med_onc_note/2023-05-19__oncorag-e-note-01822.txt
oncorag-e-0356,oncorag-e-note-01823,med_onc_note,2025-07-16,en,notes/oncorag-e-0356/med_onc_note/2025-07-16__oncorag-e-note-01823.txt
oncorag-e-0357,oncorag-e-note-01824,rad_onc_followup,2022-04-16,en,notes/oncorag-e-0357/rad_onc_followup/2022-04-16__oncorag-e-note-01824.txt
oncorag-e-0358,oncorag-e-note-01825,rad_onc_followup,2023-06-01,en,notes/oncorag-e-0358/rad_onc_followup/2023-06-01__oncorag-e-note-01825.txt
oncorag-e-0359,oncorag-e-note-01826,rad_onc_followup,2025-08-16,en,notes/oncorag-e-0359/rad_onc_followup/2025-08-16__oncorag-e-note-01826.txt
oncorag-e-0360,oncorag-e-note-01827,rad_onc_followup,2025-09-15,en,notes/oncorag-e-0360/rad_onc_followup/2025-09-15__oncorag-e-note-01827.txt
oncorag-e-0361,oncorag-e-note-01828,med_onc_note,2025-05-12,en,notes/oncorag-e-0361/med_onc_note/2025-05-12__oncorag-e-note-01828.txt
oncorag-e-0362,oncorag-e-note-01829,lab_report,2023-07-26,en,notes/oncorag-e-0362/lab_report/2023-07-26__oncorag-e-note-01829.txt
oncorag-e-0363,oncorag-e-note-01830,med_onc_note,2024-11-02,en,notes/oncorag-e-0363/med_onc_note/2024-11-02__oncorag-e-note-01830.txt
oncorag-e-0364,oncorag-e-note-01831,med_onc_note,2021-02-08,en,notes/oncorag-e-0364/med_onc_note/2021-02-08__oncorag-e-note-01831.txt
oncorag-e-0365,oncorag-e-note-01832,rad_onc_followup,2020-05-12,en,notes/oncorag-e-0365/rad_onc_followup/2020-05-12__oncorag-e-note-01832.txt
oncorag-e-0366,oncorag-e-note-01833,rad_onc_followup,2026-02-06,en,notes/oncorag-e-0366/rad_onc_followup/2026-02-06__oncorag-e-note-01833.txt
oncorag-e-0367,oncorag-e-note-01834,rad_onc_followup,2024-12-25,en,notes/oncorag-e-0367/rad_onc_followup/2024-12-25__oncorag-e-note-01834.txt
oncorag-e-0368,oncorag-e-note-01835,lab_report,2025-03-11,en,notes/oncorag-e-0368/lab_report/2025-03-11__oncorag-e-note-01835.txt
oncorag-e-0369,oncorag-e-note-01836,rad_onc_followup,2023-04-15,en,notes/oncorag-e-0369/rad_onc_followup/2023-04-15__oncorag-e-note-01836.txt
oncorag-e-0370,oncorag-e-note-01837,rad_onc_followup,2020-10-24,en,notes/oncorag-e-0370/rad_onc_followup/2020-10-24__oncorag-e-note-01837.txt
oncorag-e-0371,oncorag-e-note-01838,rad_onc_followup,2024-12-05,en,notes/oncorag-e-0371/rad_onc_followup/2024-12-05__oncorag-e-note-01838.txt
oncorag-e-0372,oncorag-e-note-01839,med_onc_note,2022-07-28,en,notes/oncorag-e-0372/med_onc_note/2022-07-28__oncorag-e-note-01839.txt
oncorag-e-0373,oncorag-e-note-01840,rad_onc_followup,2024-07-27,en,notes/oncorag-e-0373/rad_onc_followup/2024-07-27__oncorag-e-note-01840.txt
oncorag-e-0374,oncorag-e-note-01841,rad_onc_followup,2021-10-29,en,notes/oncorag-e-0374/rad_onc_followup/2021-10-29__oncorag-e-note-01841.txt
oncorag-e-0375,oncorag-e-note-01842,rad_onc_followup,2020-07-29,en,notes/oncorag-e-0375/rad_onc_followup/2020-07-29__oncorag-e-note-01842.txt
oncorag-e-0376,oncorag-e-note-01843,rad_onc_followup,2026-03-02,en,notes/oncorag-e-0376/rad_onc_followup/2026-03-02__oncorag-e-note-01843.txt
oncorag-e-0377,oncorag-e-note-01844,rad_onc_followup,2023-12-21,en,notes/oncorag-e-0377/rad_onc_followup/2023-12-21__oncorag-e-note-01844.txt
oncorag-e-0378,oncorag-e-note-01845,rad_onc_followup,2020-07-13,en,notes/oncorag-e-0378/rad_onc_followup/2020-07-13__oncorag-e-note-01845.txt
oncorag-e-0379,oncorag-e-note-01846,rad_onc_followup,2025-07-09,en,notes/oncorag-e-0379/rad_onc_followup/2025-07-09__oncorag-e-note-01846.txt
oncorag-e-0380,oncorag-e-note-01847,rad_onc_followup,2023-03-01,en,notes/oncorag-e-0380/rad_onc_followup/2023-03-01__oncorag-e-note-01847.txt
oncorag-e-0381,oncorag-e-note-01848,rad_onc_followup,2022-01-13,en,notes/oncorag-e-0381/rad_onc_followup/2022-01-13__oncorag-e-note-01848.txt
oncorag-e-0382,oncorag-e-note-01849,imaging_report,2022-02-19,en,notes/oncorag-e-0382/imaging_report/2022-02-19__oncorag-e-note-01849.txt
oncorag-e-0383,oncorag-e-note-01850,pathology_report,2022-12-10,en,notes/oncorag-e-0383/pathology_report/2022-12-10__oncorag-e-note-01850.txt
oncorag-e-0384,oncorag-e-note-01851,med_onc_note,2021-04-15,en,notes/oncorag-e-0384/med_onc_note/2021-04-15__oncorag-e-note-01851.txt
oncorag-e-0385,oncorag-e-note-01852,rad_onc_followup,2022-05-08,en,notes/oncorag-e-0385/rad_onc_followup/2022-05-08__oncorag-e-note-01852.txt
oncorag-e-0386,oncorag-e-note-01853,rad_onc_followup,2024-11-17,en,notes/oncorag-e-0386/rad_onc_followup/2024-11-17__oncorag-e-note-01853.txt
oncorag-e-0387,oncorag-e-note-01854,imaging_report,2020-09-20,en,notes/oncorag-e-0387/imaging_report/2020-09-20__oncorag-e-note-01854.txt
oncorag-e-0388,oncorag-e-note-01855,rad_onc_followup,2021-10-22,en,notes/oncorag-e-0388/rad_onc_followup/2021-10-22__oncorag-e-note-01855.txt
oncorag-e-0389,oncorag-e-note-01856,rad_onc_followup,2020-03-25,en,notes/oncorag-e-0389/rad_onc_followup/2020-03-25__oncorag-e-note-01856.txt
oncorag-e-0390,oncorag-e-note-01857,rad_onc_followup,2025-11-27,en,notes/oncorag-e-0390/rad_onc_followup/2025-11-27__oncorag-e-note-01857.txt
oncorag-e-0391,oncorag-e-note-01858,imaging_report,2022-03-26,en,notes/oncorag-e-0391/imaging_report/2022-03-26__oncorag-e-note-01858.txt
oncorag-e-0392,oncorag-e-note-01859,med_onc_note,2024-09-20,en,notes/oncorag-e-0392/med_onc_note/2024-09-20__oncorag-e-note-01859.txt
oncorag-e-0393,oncorag-e-note-01860,rad_onc_followup,2025-02-25,en,notes/oncorag-e-0393/rad_onc_followup/2025-02-25__oncorag-e-note-01860.txt
oncorag-e-0394,oncorag-e-note-01861,rad_onc_followup,2025-11-14,en,notes/oncorag-e-0394/rad_onc_followup/2025-11-14__oncorag-e-note-01861.txt
oncorag-e-0395,oncorag-e-note-01862,imaging_report,2021-04-06,en,notes/oncorag-e-0395/imaging_report/2021-04-06__oncorag-e-note-01862.txt
oncorag-e-0396,oncorag-e-note-01863,rad_onc_followup,2020-12-29,en,notes/oncorag-e-0396/rad_onc_followup/2020-12-29__oncorag-e-note-01863.txt
oncorag-e-0397,oncorag-e-note-01864,lab_report,2022-10-10,en,notes/oncorag-e-0397/lab_report/2022-10-10__oncorag-e-note-01864.txt
oncorag-e-0398,oncorag-e-note-01865,pathology_report,2024-04-05,en,notes/oncorag-e-0398/pathology_report/2024-04-05__oncorag-e-note-01865.txt
oncorag-e-0399,oncorag-e-note-01866,rad_onc_followup,2025-03-21,en,notes/oncorag-e-0399/rad_onc_followup/2025-03-21__oncorag-e-note-01866.txt
oncorag-e-0400,oncorag-e-note-01867,rad_onc_followup,2025-07-28,en,notes/oncorag-e-0400/rad_onc_followup/2025-07-28__oncorag-e-note-01867.txt
oncorag-e-0401,oncorag-e-note-01868,rad_onc_followup,2020-04-11,en,notes/oncorag-e-0401/rad_onc_followup/2020-04-11__oncorag-e-note-01868.txt
oncorag-e-0402,oncorag-e-note-01869,rad_onc_followup,2025-07-27,en,notes/oncorag-e-0402/rad_onc_followup/2025-07-27__oncorag-e-note-01869.txt
oncorag-e-0403,oncorag-e-note-01870,rad_onc_followup,2023-04-26,en,notes/oncorag-e-0403/rad_onc_followup/2023-04-26__oncorag-e-note-01870.txt
oncorag-e-0404,oncorag-e-note-01871,rad_onc_followup,2022-08-21,en,notes/oncorag-e-0404/rad_onc_followup/2022-08-21__oncorag-e-note-01871.txt
oncorag-e-0405,oncorag-e-note-01872,pathology_report,2025-04-24,en,notes/oncorag-e-0405/pathology_report/2025-04-24__oncorag-e-note-01872.txt
oncorag-e-0406,oncorag-e-note-01873,rad_onc_followup,2020-08-18,en,notes/oncorag-e-0406/rad_onc_followup/2020-08-18__oncorag-e-note-01873.txt
oncorag-e-0407,oncorag-e-note-01874,rad_onc_followup,2022-04-15,en,notes/oncorag-e-0407/rad_onc_followup/2022-04-15__oncorag-e-note-01874.txt
oncorag-e-0408,oncorag-e-note-01875,rad_onc_followup,2021-03-07,en,notes/oncorag-e-0408/rad_onc_followup/2021-03-07__oncorag-e-note-01875.txt
oncorag-e-0409,oncorag-e-note-01876,rad_onc_followup,2024-05-16,en,notes/oncorag-e-0409/rad_onc_followup/2024-05-16__oncorag-e-note-01876.txt
oncorag-e-0410,oncorag-e-note-01877,med_onc_note,2024-08-14,en,notes/oncorag-e-0410/med_onc_note/2024-08-14__oncorag-e-note-01877.txt
oncorag-e-0411,oncorag-e-note-01878,imaging_report,2020-06-24,en,notes/oncorag-e-0411/imaging_report/2020-06-24__oncorag-e-note-01878.txt
oncorag-e-0412,oncorag-e-note-01879,rad_onc_followup,2020-04-24,en,notes/oncorag-e-0412/rad_onc_followup/2020-04-24__oncorag-e-note-01879.txt
oncorag-e-0413,oncorag-e-note-01880,rad_onc_followup,2020-10-11,en,notes/oncorag-e-0413/rad_onc_followup/2020-10-11__oncorag-e-note-01880.txt
oncorag-e-0414,oncorag-e-note-01881,rad_onc_followup,2020-07-26,en,notes/oncorag-e-0414/rad_onc_followup/2020-07-26__oncorag-e-note-01881.txt
oncorag-e-0415,oncorag-e-note-01882,rad_onc_followup,2021-03-31,en,notes/oncorag-e-0415/rad_onc_followup/2021-03-31__oncorag-e-note-01882.txt
oncorag-e-0416,oncorag-e-note-01883,med_onc_note,2025-04-13,en,notes/oncorag-e-0416/med_onc_note/2025-04-13__oncorag-e-note-01883.txt
oncorag-e-0417,oncorag-e-note-01884,rad_onc_followup,2021-06-30,en,notes/oncorag-e-0417/rad_onc_followup/2021-06-30__oncorag-e-note-01884.txt
oncorag-e-0418,oncorag-e-note-01885,med_onc_note,2025-12-05,en,notes/oncorag-e-0418/med_onc_note/2025-12-05__oncorag-e-note-01885.txt
oncorag-e-0419,oncorag-e-note-01886,med_onc_note,2021-11-13,en,notes/oncorag-e-0419/med_onc_note/2021-11-13__oncorag-e-note-01886.txt
oncorag-e-0420,oncorag-e-note-01887,med_onc_note,2025-09-23,en,notes/oncorag-e-0420/med_onc_note/2025-09-23__oncorag-e-note-01887.txt
oncorag-e-0421,oncorag-e-note-01888,imaging_report,2024-10-07,en,notes/oncorag-e-0421/imaging_report/2024-10-07__oncorag-e-note-01888.txt
oncorag-e-0422,oncorag-e-note-01889,rad_onc_followup,2021-01-30,en,notes/oncorag-e-0422/rad_onc_followup/2021-01-30__oncorag-e-note-01889.txt
oncorag-e-0423,oncorag-e-note-01890,rad_onc_followup,2020-10-11,en,notes/oncorag-e-0423/rad_onc_followup/2020-10-11__oncorag-e-note-01890.txt
oncorag-e-0424,oncorag-e-note-01891,imaging_report,2024-07-05,en,notes/oncorag-e-0424/imaging_report/2024-07-05__oncorag-e-note-01891.txt
oncorag-e-0425,oncorag-e-note-01892,imaging_report,2022-02-20,en,notes/oncorag-e-0425/imaging_report/2022-02-20__oncorag-e-note-01892.txt
oncorag-e-0426,oncorag-e-note-01893,med_onc_note,2025-05-06,en,notes/oncorag-e-0426/med_onc_note/2025-05-06__oncorag-e-note-01893.txt
oncorag-e-0427,oncorag-e-note-01894,rad_onc_followup,2020-11-16,en,notes/oncorag-e-0427/rad_onc_followup/2020-11-16__oncorag-e-note-01894.txt
oncorag-e-0428,oncorag-e-note-01895,med_onc_note,2020-10-10,en,notes/oncorag-e-0428/med_onc_note/2020-10-10__oncorag-e-note-01895.txt
oncorag-e-0429,oncorag-e-note-01896,med_onc_note,2026-02-15,en,notes/oncorag-e-0429/med_onc_note/2026-02-15__oncorag-e-note-01896.txt
oncorag-e-0430,oncorag-e-note-01897,rad_onc_followup,2023-10-14,en,notes/oncorag-e-0430/rad_onc_followup/2023-10-14__oncorag-e-note-01897.txt
oncorag-e-0431,oncorag-e-note-01898,rad_onc_followup,2022-01-05,en,notes/oncorag-e-0431/rad_onc_followup/2022-01-05__oncorag-e-note-01898.txt
oncorag-e-0432,oncorag-e-note-01899,rad_onc_followup,2026-01-15,en,notes/oncorag-e-0432/rad_onc_followup/2026-01-15__oncorag-e-note-01899.txt
oncorag-e-0433,oncorag-e-note-01900,rad_onc_followup,2020-06-22,en,notes/oncorag-e-0433/rad_onc_followup/2020-06-22__oncorag-e-note-01900.txt
oncorag-e-0434,oncorag-e-note-01901,rad_onc_followup,2021-03-31,en,notes/oncorag-e-0434/rad_onc_followup/2021-03-31__oncorag-e-note-01901.txt
oncorag-e-0435,oncorag-e-note-01902,rad_onc_followup,2022-05-03,en,notes/oncorag-e-0435/rad_onc_followup/2022-05-03__oncorag-e-note-01902.txt
oncorag-e-0436,oncorag-e-note-01903,med_onc_note,2023-12-17,en,notes/oncorag-e-0436/med_onc_note/2023-12-17__oncorag-e-note-01903.txt
oncorag-e-0437,oncorag-e-note-01904,pathology_report,2021-10-14,en,notes/oncorag-e-0437/pathology_report/2021-10-14__oncorag-e-note-01904.txt
oncorag-e-0438,oncorag-e-note-01905,rad_onc_followup,2022-05-09,en,notes/oncorag-e-0438/rad_onc_followup/2022-05-09__oncorag-e-note-01905.txt
oncorag-e-0439,oncorag-e-note-01906,rad_onc_followup,2022-02-08,en,notes/oncorag-e-0439/rad_onc_followup/2022-02-08__oncorag-e-note-01906.txt
oncorag-e-0440,oncorag-e-note-01907,rad_onc_followup,2025-01-01,en,notes/oncorag-e-0440/rad_onc_followup/2025-01-01__oncorag-e-note-01907.txt
oncorag-e-0441,oncorag-e-note-01908,rad_onc_followup,2023-02-08,en,notes/oncorag-e-0441/rad_onc_followup/2023-02-08__oncorag-e-note-01908.txt
oncorag-e-0442,oncorag-e-note-01909,rad_onc_followup,2023-03-08,en,notes/oncorag-e-0442/rad_onc_followup/2023-03-08__oncorag-e-note-01909.txt
oncorag-e-0443,oncorag-e-note-01910,pathology_report,2020-07-12,en,notes/oncorag-e-0443/pathology_report/2020-07-12__oncorag-e-note-01910.txt
oncorag-e-0444,oncorag-e-note-01911,rad_onc_followup,2025-12-03,en,notes/oncorag-e-0444/rad_onc_followup/2025-12-03__oncorag-e-note-01911.txt
oncorag-e-0445,oncorag-e-note-01912,rad_onc_followup,2022-01-16,en,notes/oncorag-e-0445/rad_onc_followup/2022-01-16__oncorag-e-note-01912.txt
oncorag-e-0446,oncorag-e-note-01913,rad_onc_followup,2023-02-26,en,notes/oncorag-e-0446/rad_onc_followup/2023-02-26__oncorag-e-note-01913.txt
oncorag-e-0447,oncorag-e-note-01914,rad_onc_followup,2023-05-30,en,notes/oncorag-e-0447/rad_onc_followup/2023-05-30__oncorag-e-note-01914.txt
oncorag-e-0448,oncorag-e-note-01915,rad_onc_followup,2023-07-08,en,notes/oncorag-e-0448/rad_onc_followup/2023-07-08__oncorag-e-note-01915.txt
oncorag-e-0449,oncorag-e-note-01916,rad_onc_followup,2026-01-07,en,notes/oncorag-e-0449/rad_onc_followup/2026-01-07__oncorag-e-note-01916.txt
oncorag-e-0450,oncorag-e-note-01917,rad_onc_followup,2024-05-31,en,notes/oncorag-e-0450/rad_onc_followup/2024-05-31__oncorag-e-note-01917.txt
oncorag-e-0451,oncorag-e-note-01918,rad_onc_followup,2023-06-04,en,notes/oncorag-e-0451/rad_onc_followup/2023-06-04__oncorag-e-note-01918.txt
oncorag-e-0452,oncorag-e-note-01919,rad_onc_followup,2024-03-16,en,notes/oncorag-e-0452/rad_onc_followup/2024-03-16__oncorag-e-note-01919.txt
oncorag-e-0453,oncorag-e-note-01920,rad_onc_followup,2021-09-30,en,notes/oncorag-e-0453/rad_onc_followup/2021-09-30__oncorag-e-note-01920.txt
oncorag-e-0454,oncorag-e-note-01921,med_onc_note,2025-04-03,en,notes/oncorag-e-0454/med_onc_note/2025-04-03__oncorag-e-note-01921.txt
oncorag-e-0455,oncorag-e-note-01922,med_onc_note,2025-06-01,en,notes/oncorag-e-0455/med_onc_note/2025-06-01__oncorag-e-note-01922.txt
oncorag-e-0456,oncorag-e-note-01923,med_onc_note,2024-09-14,en,notes/oncorag-e-0456/med_onc_note/2024-09-14__oncorag-e-note-01923.txt
oncorag-e-0457,oncorag-e-note-01924,pathology_report,2021-04-19,en,notes/oncorag-e-0457/pathology_report/2021-04-19__oncorag-e-note-01924.txt
oncorag-e-0458,oncorag-e-note-01925,rad_onc_followup,2022-12-01,en,notes/oncorag-e-0458/rad_onc_followup/2022-12-01__oncorag-e-note-01925.txt
oncorag-e-0459,oncorag-e-note-01926,rad_onc_followup,2024-05-25,en,notes/oncorag-e-0459/rad_onc_followup/2024-05-25__oncorag-e-note-01926.txt
oncorag-e-0460,oncorag-e-note-01927,rad_onc_followup,2021-09-19,en,notes/oncorag-e-0460/rad_onc_followup/2021-09-19__oncorag-e-note-01927.txt
oncorag-e-0461,oncorag-e-note-01928,med_onc_note,2024-07-12,en,notes/oncorag-e-0461/med_onc_note/2024-07-12__oncorag-e-note-01928.txt
oncorag-e-0462,oncorag-e-note-01929,rad_onc_followup,2023-11-24,en,notes/oncorag-e-0462/rad_onc_followup/2023-11-24__oncorag-e-note-01929.txt
oncorag-e-0463,oncorag-e-note-01930,rad_onc_followup,2026-01-01,en,notes/oncorag-e-0463/rad_onc_followup/2026-01-01__oncorag-e-note-01930.txt
oncorag-e-0464,oncorag-e-note-01931,rad_onc_followup,2022-01-30,en,notes/oncorag-e-0464/rad_onc_followup/2022-01-30__oncorag-e-note-01931.txt
oncorag-e-0465,oncorag-e-note-01932,rad_onc_followup,2021-07-05,en,notes/oncorag-e-0465/rad_onc_followup/2021-07-05__oncorag-e-note-01932.txt
oncorag-e-0466,oncorag-e-note-01933,pathology_report,2021-02-27,en,notes/oncorag-e-0466/pathology_report/2021-02-27__oncorag-e-note-01933.txt
oncorag-e-0467,oncorag-e-note-01934,rad_onc_followup,2023-02-10,en,notes/oncorag-e-0467/rad_onc_followup/2023-02-10__oncorag-e-note-01934.txt
oncorag-e-0468,oncorag-e-note-01935,rad_onc_followup,2021-11-07,en,notes/oncorag-e-0468/rad_onc_followup/2021-11-07__oncorag-e-note-01935.txt
oncorag-e-0469,oncorag-e-note-01936,rad_onc_followup,2022-02-16,en,notes/oncorag-e-0469/rad_onc_followup/2022-02-16__oncorag-e-note-01936.txt
oncorag-e-0470,oncorag-e-note-01937,rad_onc_followup,2021-03-28,en,notes/oncorag-e-0470/rad_onc_followup/2021-03-28__oncorag-e-note-01937.txt
oncorag-e-0471,oncorag-e-note-01938,pathology_report,2021-08-29,en,notes/oncorag-e-0471/pathology_report/2021-08-29__oncorag-e-note-01938.txt
oncorag-e-0472,oncorag-e-note-01939,rad_onc_followup,2025-01-24,en,notes/oncorag-e-0472/rad_onc_followup/2025-01-24__oncorag-e-note-01939.txt
oncorag-e-0473,oncorag-e-note-01940,rad_onc_followup,2024-11-24,en,notes/oncorag-e-0473/rad_onc_followup/2024-11-24__oncorag-e-note-01940.txt
oncorag-e-0474,oncorag-e-note-01941,rad_onc_followup,2022-01-15,en,notes/oncorag-e-0474/rad_onc_followup/2022-01-15__oncorag-e-note-01941.txt
oncorag-e-0475,oncorag-e-note-01942,rad_onc_followup,2022-03-24,en,notes/oncorag-e-0475/rad_onc_followup/2022-03-24__oncorag-e-note-01942.txt
oncorag-e-0476,oncorag-e-note-01943,med_onc_note,2024-11-13,en,notes/oncorag-e-0476/med_onc_note/2024-11-13__oncorag-e-note-01943.txt
oncorag-e-0477,oncorag-e-note-01944,rad_onc_followup,2020-08-05,en,notes/oncorag-e-0477/rad_onc_followup/2020-08-05__oncorag-e-note-01944.txt
oncorag-e-0478,oncorag-e-note-01945,med_onc_note,2023-10-13,en,notes/oncorag-e-0478/med_onc_note/2023-10-13__oncorag-e-note-01945.txt
oncorag-e-0479,oncorag-e-note-01946,med_onc_note,2020-11-09,en,notes/oncorag-e-0479/med_onc_note/2020-11-09__oncorag-e-note-01946.txt
oncorag-e-0480,oncorag-e-note-01947,rad_onc_followup,2021-03-22,en,notes/oncorag-e-0480/rad_onc_followup/2021-03-22__oncorag-e-note-01947.txt
oncorag-e-0481,oncorag-e-note-01948,rad_onc_followup,2024-11-12,en,notes/oncorag-e-0481/rad_onc_followup/2024-11-12__oncorag-e-note-01948.txt
oncorag-e-0482,oncorag-e-note-01949,imaging_report,2022-09-19,en,notes/oncorag-e-0482/imaging_report/2022-09-19__oncorag-e-note-01949.txt
oncorag-e-0483,oncorag-e-note-01950,pathology_report,2023-06-14,en,notes/oncorag-e-0483/pathology_report/2023-06-14__oncorag-e-note-01950.txt
oncorag-e-0484,oncorag-e-note-01951,med_onc_note,2021-12-09,en,notes/oncorag-e-0484/med_onc_note/2021-12-09__oncorag-e-note-01951.txt
oncorag-e-0485,oncorag-e-note-01952,rad_onc_followup,2021-03-16,en,notes/oncorag-e-0485/rad_onc_followup/2021-03-16__oncorag-e-note-01952.txt
oncorag-e-0486,oncorag-e-note-01953,lab_report,2022-03-29,en,notes/oncorag-e-0486/lab_report/2022-03-29__oncorag-e-note-01953.txt
oncorag-e-0487,oncorag-e-note-01954,pathology_report,2025-04-28,en,notes/oncorag-e-0487/pathology_report/2025-04-28__oncorag-e-note-01954.txt
oncorag-e-0488,oncorag-e-note-01955,rad_onc_followup,2026-02-07,en,notes/oncorag-e-0488/rad_onc_followup/2026-02-07__oncorag-e-note-01955.txt
oncorag-e-0489,oncorag-e-note-01956,rad_onc_followup,2020-11-19,en,notes/oncorag-e-0489/rad_onc_followup/2020-11-19__oncorag-e-note-01956.txt
oncorag-e-0001,oncorag-e-note-01957,rad_onc_followup,2020-12-16,en,notes/oncorag-e-0001/rad_onc_followup/2020-12-16__oncorag-e-note-01957.txt
oncorag-e-0002,oncorag-e-note-01958,imaging_report,2023-02-21,en,notes/oncorag-e-0002/imaging_report/2023-02-21__oncorag-e-note-01958.txt
oncorag-e-0003,oncorag-e-note-01959,surgery_followup,2024-06-24,en,notes/oncorag-e-0003/surgery_followup/2024-06-24__oncorag-e-note-01959.txt
oncorag-e-0004,oncorag-e-note-01960,pathology_report,2025-01-08,en,notes/oncorag-e-0004/pathology_report/2025-01-08__oncorag-e-note-01960.txt
oncorag-e-0005,oncorag-e-note-01961,rad_onc_followup,2020-08-24,en,notes/oncorag-e-0005/rad_onc_followup/2020-08-24__oncorag-e-note-01961.txt
oncorag-e-0006,oncorag-e-note-01962,med_onc_note,2026-01-28,en,notes/oncorag-e-0006/med_onc_note/2026-01-28__oncorag-e-note-01962.txt
oncorag-e-0007,oncorag-e-note-01963,pathology_report,2023-05-02,en,notes/oncorag-e-0007/pathology_report/2023-05-02__oncorag-e-note-01963.txt
oncorag-e-0008,oncorag-e-note-01964,rad_onc_followup,2021-09-27,en,notes/oncorag-e-0008/rad_onc_followup/2021-09-27__oncorag-e-note-01964.txt
oncorag-e-0009,oncorag-e-note-01965,rad_onc_followup,2022-05-05,en,notes/oncorag-e-0009/rad_onc_followup/2022-05-05__oncorag-e-note-01965.txt
oncorag-e-0010,oncorag-e-note-01966,rad_onc_followup,2022-04-01,en,notes/oncorag-e-0010/rad_onc_followup/2022-04-01__oncorag-e-note-01966.txt
oncorag-e-0011,oncorag-e-note-01967,surgery_followup,2022-10-08,en,notes/oncorag-e-0011/surgery_followup/2022-10-08__oncorag-e-note-01967.txt
oncorag-e-0012,oncorag-e-note-01968,rad_onc_followup,2020-07-16,en,notes/oncorag-e-0012/rad_onc_followup/2020-07-16__oncorag-e-note-01968.txt
oncorag-e-0013,oncorag-e-note-01969,rad_onc_followup,2024-05-13,en,notes/oncorag-e-0013/rad_onc_followup/2024-05-13__oncorag-e-note-01969.txt
oncorag-e-0014,oncorag-e-note-01970,imaging_report,2025-10-26,en,notes/oncorag-e-0014/imaging_report/2025-10-26__oncorag-e-note-01970.txt
oncorag-e-0015,oncorag-e-note-01971,rad_onc_followup,2022-09-23,en,notes/oncorag-e-0015/rad_onc_followup/2022-09-23__oncorag-e-note-01971.txt
oncorag-e-0016,oncorag-e-note-01972,med_onc_note,2026-01-20,en,notes/oncorag-e-0016/med_onc_note/2026-01-20__oncorag-e-note-01972.txt
oncorag-e-0017,oncorag-e-note-01973,rad_onc_followup,2021-05-08,en,notes/oncorag-e-0017/rad_onc_followup/2021-05-08__oncorag-e-note-01973.txt
oncorag-e-0018,oncorag-e-note-01974,imaging_report,2020-08-30,en,notes/oncorag-e-0018/imaging_report/2020-08-30__oncorag-e-note-01974.txt
oncorag-e-0019,oncorag-e-note-01975,pathology_report,2026-04-23,en,notes/oncorag-e-0019/pathology_report/2026-04-23__oncorag-e-note-01975.txt
oncorag-e-0020,oncorag-e-note-01976,rad_onc_followup,2024-10-07,en,notes/oncorag-e-0020/rad_onc_followup/2024-10-07__oncorag-e-note-01976.txt
oncorag-e-0021,oncorag-e-note-01977,rad_onc_followup,2021-06-28,en,notes/oncorag-e-0021/rad_onc_followup/2021-06-28__oncorag-e-note-01977.txt
oncorag-e-0022,oncorag-e-note-01978,surgery_followup,2021-02-24,en,notes/oncorag-e-0022/surgery_followup/2021-02-24__oncorag-e-note-01978.txt
oncorag-e-0023,oncorag-e-note-01979,rad_onc_followup,2023-09-13,en,notes/oncorag-e-0023/rad_onc_followup/2023-09-13__oncorag-e-note-01979.txt
oncorag-e-0024,oncorag-e-note-01980,rad_onc_followup,2024-04-04,en,notes/oncorag-e-0024/rad_onc_followup/2024-04-04__oncorag-e-note-01980.txt
oncorag-e-0025,oncorag-e-note-01981,rad_onc_followup,2024-08-06,en,notes/oncorag-e-0025/rad_onc_followup/2024-08-06__oncorag-e-note-01981.txt
oncorag-e-0026,oncorag-e-note-01982,surgery_followup,2020-08-15,en,notes/oncorag-e-0026/surgery_followup/2020-08-15__oncorag-e-note-01982.txt
oncorag-e-0027,oncorag-e-note-01983,rad_onc_followup,2022-02-18,en,notes/oncorag-e-0027/rad_onc_followup/2022-02-18__oncorag-e-note-01983.txt
oncorag-e-0028,oncorag-e-note-01984,lab_report,2024-06-27,en,notes/oncorag-e-0028/lab_report/2024-06-27__oncorag-e-note-01984.txt
oncorag-e-0029,oncorag-e-note-01985,rad_onc_followup,2026-01-23,en,notes/oncorag-e-0029/rad_onc_followup/2026-01-23__oncorag-e-note-01985.txt
oncorag-e-0030,oncorag-e-note-01986,imaging_report,2024-12-17,en,notes/oncorag-e-0030/imaging_report/2024-12-17__oncorag-e-note-01986.txt
oncorag-e-0031,oncorag-e-note-01987,med_onc_note,2020-05-31,en,notes/oncorag-e-0031/med_onc_note/2020-05-31__oncorag-e-note-01987.txt
oncorag-e-0032,oncorag-e-note-01988,lab_report,2025-07-09,en,notes/oncorag-e-0032/lab_report/2025-07-09__oncorag-e-note-01988.txt
oncorag-e-0033,oncorag-e-note-01989,rad_onc_followup,2021-02-16,en,notes/oncorag-e-0033/rad_onc_followup/2021-02-16__oncorag-e-note-01989.txt
oncorag-e-0034,oncorag-e-note-01990,imaging_report,2024-01-16,en,notes/oncorag-e-0034/imaging_report/2024-01-16__oncorag-e-note-01990.txt
oncorag-e-0035,oncorag-e-note-01991,rad_onc_followup,2024-07-18,en,notes/oncorag-e-0035/rad_onc_followup/2024-07-18__oncorag-e-note-01991.txt
oncorag-e-0036,oncorag-e-note-01992,med_onc_note,2023-03-07,en,notes/oncorag-e-0036/med_onc_note/2023-03-07__oncorag-e-note-01992.txt
oncorag-e-0037,oncorag-e-note-01993,rad_onc_followup,2026-03-26,en,notes/oncorag-e-0037/rad_onc_followup/2026-03-26__oncorag-e-note-01993.txt
oncorag-e-0038,oncorag-e-note-01994,rad_onc_followup,2023-12-07,en,notes/oncorag-e-0038/rad_onc_followup/2023-12-07__oncorag-e-note-01994.txt
oncorag-e-0039,oncorag-e-note-01995,lab_report,2021-11-08,en,notes/oncorag-e-0039/lab_report/2021-11-08__oncorag-e-note-01995.txt
oncorag-e-0040,oncorag-e-note-01996,rad_onc_followup,2022-08-29,en,notes/oncorag-e-0040/rad_onc_followup/2022-08-29__oncorag-e-note-01996.txt
oncorag-e-0041,oncorag-e-note-01997,rad_onc_followup,2021-01-14,en,notes/oncorag-e-0041/rad_onc_followup/2021-01-14__oncorag-e-note-01997.txt
oncorag-e-0042,oncorag-e-note-01998,imaging_report,2022-03-29,en,notes/oncorag-e-0042/imaging_report/2022-03-29__oncorag-e-note-01998.txt
oncorag-e-0043,oncorag-e-note-01999,imaging_report,2024-03-30,en,notes/oncorag-e-0043/imaging_report/2024-03-30__oncorag-e-note-01999.txt
oncorag-e-0044,oncorag-e-note-02000,rad_onc_followup,2022-11-24,en,notes/oncorag-e-0044/rad_onc_followup/2022-11-24__oncorag-e-note-02000.txt
oncorag-e-0045,oncorag-e-note-02001,rad_onc_followup,2021-08-20,en,notes/oncorag-e-0045/rad_onc_followup/2021-08-20__oncorag-e-note-02001.txt
oncorag-e-0046,oncorag-e-note-02002,surgery_followup,2026-05-18,en,notes/oncorag-e-0046/surgery_followup/2026-05-18__oncorag-e-note-02002.txt
oncorag-e-0047,oncorag-e-note-02003,rad_onc_followup,2024-01-02,en,notes/oncorag-e-0047/rad_onc_followup/2024-01-02__oncorag-e-note-02003.txt
oncorag-e-0048,oncorag-e-note-02004,rad_onc_followup,2021-02-01,en,notes/oncorag-e-0048/rad_onc_followup/2021-02-01__oncorag-e-note-02004.txt
oncorag-e-0049,oncorag-e-note-02005,rad_onc_followup,2024-10-30,en,notes/oncorag-e-0049/rad_onc_followup/2024-10-30__oncorag-e-note-02005.txt
oncorag-e-0050,oncorag-e-note-02006,pathology_report,2022-04-15,en,notes/oncorag-e-0050/pathology_report/2022-04-15__oncorag-e-note-02006.txt
oncorag-e-0051,oncorag-e-note-02007,rad_onc_followup,2021-04-08,en,notes/oncorag-e-0051/rad_onc_followup/2021-04-08__oncorag-e-note-02007.txt
oncorag-e-0052,oncorag-e-note-02008,rad_onc_followup,2026-04-11,en,notes/oncorag-e-0052/rad_onc_followup/2026-04-11__oncorag-e-note-02008.txt
oncorag-e-0053,oncorag-e-note-02009,rad_onc_followup,2021-09-17,en,notes/oncorag-e-0053/rad_onc_followup/2021-09-17__oncorag-e-note-02009.txt
oncorag-e-0054,oncorag-e-note-02010,rad_onc_followup,2022-03-12,en,notes/oncorag-e-0054/rad_onc_followup/2022-03-12__oncorag-e-note-02010.txt
oncorag-e-0055,oncorag-e-note-02011,med_onc_note,2026-05-27,en,notes/oncorag-e-0055/med_onc_note/2026-05-27__oncorag-e-note-02011.txt
oncorag-e-0056,oncorag-e-note-02012,surgery_followup,2020-07-30,en,notes/oncorag-e-0056/surgery_followup/2020-07-30__oncorag-e-note-02012.txt
oncorag-e-0057,oncorag-e-note-02013,rad_onc_followup,2022-07-06,en,notes/oncorag-e-0057/rad_onc_followup/2022-07-06__oncorag-e-note-02013.txt
oncorag-e-0058,oncorag-e-note-02014,rad_onc_followup,2025-01-04,en,notes/oncorag-e-0058/rad_onc_followup/2025-01-04__oncorag-e-note-02014.txt
oncorag-e-0059,oncorag-e-note-02015,imaging_report,2022-10-28,en,notes/oncorag-e-0059/imaging_report/2022-10-28__oncorag-e-note-02015.txt
oncorag-e-0060,oncorag-e-note-02016,lab_report,2021-11-14,en,notes/oncorag-e-0060/lab_report/2021-11-14__oncorag-e-note-02016.txt
oncorag-e-0061,oncorag-e-note-02017,rad_onc_followup,2025-02-11,en,notes/oncorag-e-0061/rad_onc_followup/2025-02-11__oncorag-e-note-02017.txt
oncorag-e-0062,oncorag-e-note-02018,pathology_report,2021-09-17,en,notes/oncorag-e-0062/pathology_report/2021-09-17__oncorag-e-note-02018.txt
oncorag-e-0063,oncorag-e-note-02019,rad_onc_followup,2020-06-29,en,notes/oncorag-e-0063/rad_onc_followup/2020-06-29__oncorag-e-note-02019.txt
oncorag-e-0064,oncorag-e-note-02020,rad_onc_followup,2021-05-20,en,notes/oncorag-e-0064/rad_onc_followup/2021-05-20__oncorag-e-note-02020.txt
oncorag-e-0065,oncorag-e-note-02021,med_onc_note,2022-01-19,en,notes/oncorag-e-0065/med_onc_note/2022-01-19__oncorag-e-note-02021.txt
oncorag-e-0066,oncorag-e-note-02022,rad_onc_followup,2022-09-11,en,notes/oncorag-e-0066/rad_onc_followup/2022-09-11__oncorag-e-note-02022.txt
oncorag-e-0067,oncorag-e-note-02023,rad_onc_followup,2025-11-10,en,notes/oncorag-e-0067/rad_onc_followup/2025-11-10__oncorag-e-note-02023.txt
oncorag-e-0068,oncorag-e-note-02024,rad_onc_followup,2025-11-10,en,notes/oncorag-e-0068/rad_onc_followup/2025-11-10__oncorag-e-note-02024.txt
oncorag-e-0069,oncorag-e-note-02025,rad_onc_followup,2021-01-22,en,notes/oncorag-e-0069/rad_onc_followup/2021-01-22__oncorag-e-note-02025.txt
oncorag-e-0070,oncorag-e-note-02026,rad_onc_followup,2023-09-14,en,notes/oncorag-e-0070/rad_onc_followup/2023-09-14__oncorag-e-note-02026.txt
oncorag-e-0071,oncorag-e-note-02027,med_onc_note,2024-06-29,en,notes/oncorag-e-0071/med_onc_note/2024-06-29__oncorag-e-note-02027.txt
oncorag-e-0072,oncorag-e-note-02028,rad_onc_followup,2022-03-28,en,notes/oncorag-e-0072/rad_onc_followup/2022-03-28__oncorag-e-note-02028.txt
oncorag-e-0073,oncorag-e-note-02029,rad_onc_followup,2020-12-26,en,notes/oncorag-e-0073/rad_onc_followup/2020-12-26__oncorag-e-note-02029.txt
oncorag-e-0074,oncorag-e-note-02030,med_onc_note,2020-10-24,en,notes/oncorag-e-0074/med_onc_note/2020-10-24__oncorag-e-note-02030.txt
oncorag-e-0075,oncorag-e-note-02031,rad_onc_followup,2022-12-23,en,notes/oncorag-e-0075/rad_onc_followup/2022-12-23__oncorag-e-note-02031.txt
oncorag-e-0076,oncorag-e-note-02032,pathology_report,2025-12-01,en,notes/oncorag-e-0076/pathology_report/2025-12-01__oncorag-e-note-02032.txt
oncorag-e-0077,oncorag-e-note-02033,rad_onc_followup,2023-12-21,en,notes/oncorag-e-0077/rad_onc_followup/2023-12-21__oncorag-e-note-02033.txt
oncorag-e-0078,oncorag-e-note-02034,rad_onc_followup,2023-03-16,en,notes/oncorag-e-0078/rad_onc_followup/2023-03-16__oncorag-e-note-02034.txt
oncorag-e-0079,oncorag-e-note-02035,med_onc_note,2024-06-03,en,notes/oncorag-e-0079/med_onc_note/2024-06-03__oncorag-e-note-02035.txt
oncorag-e-0080,oncorag-e-note-02036,rad_onc_followup,2020-08-07,en,notes/oncorag-e-0080/rad_onc_followup/2020-08-07__oncorag-e-note-02036.txt
oncorag-e-0081,oncorag-e-note-02037,rad_onc_followup,2020-07-29,en,notes/oncorag-e-0081/rad_onc_followup/2020-07-29__oncorag-e-note-02037.txt
oncorag-e-0082,oncorag-e-note-02038,rad_onc_followup,2021-07-07,en,notes/oncorag-e-0082/rad_onc_followup/2021-07-07__oncorag-e-note-02038.txt
oncorag-e-0083,oncorag-e-note-02039,imaging_report,2022-03-15,en,notes/oncorag-e-0083/imaging_report/2022-03-15__oncorag-e-note-02039.txt
oncorag-e-0084,oncorag-e-note-02040,pathology_report,2025-06-14,en,notes/oncorag-e-0084/pathology_report/2025-06-14__oncorag-e-note-02040.txt
oncorag-e-0085,oncorag-e-note-02041,rad_onc_followup,2025-07-21,en,notes/oncorag-e-0085/rad_onc_followup/2025-07-21__oncorag-e-note-02041.txt
oncorag-e-0086,oncorag-e-note-02042,rad_onc_followup,2024-04-06,en,notes/oncorag-e-0086/rad_onc_followup/2024-04-06__oncorag-e-note-02042.txt
oncorag-e-0087,oncorag-e-note-02043,rad_onc_followup,2023-04-14,en,notes/oncorag-e-0087/rad_onc_followup/2023-04-14__oncorag-e-note-02043.txt
oncorag-e-0088,oncorag-e-note-02044,rad_onc_followup,2024-02-06,en,notes/oncorag-e-0088/rad_onc_followup/2024-02-06__oncorag-e-note-02044.txt
oncorag-e-0089,oncorag-e-note-02045,rad_onc_followup,2024-07-06,en,notes/oncorag-e-0089/rad_onc_followup/2024-07-06__oncorag-e-note-02045.txt
oncorag-e-0090,oncorag-e-note-02046,rad_onc_followup,2021-11-12,en,notes/oncorag-e-0090/rad_onc_followup/2021-11-12__oncorag-e-note-02046.txt
oncorag-e-0091,oncorag-e-note-02047,surgery_followup,2021-06-28,en,notes/oncorag-e-0091/surgery_followup/2021-06-28__oncorag-e-note-02047.txt
oncorag-e-0092,oncorag-e-note-02048,rad_onc_followup,2021-07-19,en,notes/oncorag-e-0092/rad_onc_followup/2021-07-19__oncorag-e-note-02048.txt
oncorag-e-0093,oncorag-e-note-02049,rad_onc_followup,2025-09-02,en,notes/oncorag-e-0093/rad_onc_followup/2025-09-02__oncorag-e-note-02049.txt
oncorag-e-0094,oncorag-e-note-02050,pathology_report,2022-04-06,en,notes/oncorag-e-0094/pathology_report/2022-04-06__oncorag-e-note-02050.txt
oncorag-e-0095,oncorag-e-note-02051,imaging_report,2020-09-23,en,notes/oncorag-e-0095/imaging_report/2020-09-23__oncorag-e-note-02051.txt
oncorag-e-0096,oncorag-e-note-02052,rad_onc_followup,2023-07-04,en,notes/oncorag-e-0096/rad_onc_followup/2023-07-04__oncorag-e-note-02052.txt
oncorag-e-0097,oncorag-e-note-02053,rad_onc_followup,2020-12-13,en,notes/oncorag-e-0097/rad_onc_followup/2020-12-13__oncorag-e-note-02053.txt
oncorag-e-0098,oncorag-e-note-02054,med_onc_note,2021-04-24,en,notes/oncorag-e-0098/med_onc_note/2021-04-24__oncorag-e-note-02054.txt
oncorag-e-0099,oncorag-e-note-02055,rad_onc_followup,2023-12-07,en,notes/oncorag-e-0099/rad_onc_followup/2023-12-07__oncorag-e-note-02055.txt
oncorag-e-0100,oncorag-e-note-02056,rad_onc_followup,2025-09-19,en,notes/oncorag-e-0100/rad_onc_followup/2025-09-19__oncorag-e-note-02056.txt
oncorag-e-0101,oncorag-e-note-02057,imaging_report,2024-02-17,en,notes/oncorag-e-0101/imaging_report/2024-02-17__oncorag-e-note-02057.txt
oncorag-e-0102,oncorag-e-note-02058,rad_onc_followup,2023-12-30,en,notes/oncorag-e-0102/rad_onc_followup/2023-12-30__oncorag-e-note-02058.txt
oncorag-e-0103,oncorag-e-note-02059,imaging_report,2023-10-26,en,notes/oncorag-e-0103/imaging_report/2023-10-26__oncorag-e-note-02059.txt
oncorag-e-0104,oncorag-e-note-02060,rad_onc_followup,2025-09-23,en,notes/oncorag-e-0104/rad_onc_followup/2025-09-23__oncorag-e-note-02060.txt
oncorag-e-0105,oncorag-e-note-02061,surgery_followup,2025-09-27,en,notes/oncorag-e-0105/surgery_followup/2025-09-27__oncorag-e-note-02061.txt
oncorag-e-0106,oncorag-e-note-02062,rad_onc_followup,2020-10-24,en,notes/oncorag-e-0106/rad_onc_followup/2020-10-24__oncorag-e-note-02062.txt
oncorag-e-0107,oncorag-e-note-02063,rad_onc_followup,2023-10-23,en,notes/oncorag-e-0107/rad_onc_followup/2023-10-23__oncorag-e-note-02063.txt
oncorag-e-0108,oncorag-e-note-02064,med_onc_note,2022-08-24,en,notes/oncorag-e-0108/med_onc_note/2022-08-24__oncorag-e-note-02064.txt
oncorag-e-0109,oncorag-e-note-02065,rad_onc_followup,2023-06-19,en,notes/oncorag-e-0109/rad_onc_followup/2023-06-19__oncorag-e-note-02065.txt
oncorag-e-0110,oncorag-e-note-02066,rad_onc_followup,2023-06-14,en,notes/oncorag-e-0110/rad_onc_followup/2023-06-14__oncorag-e-note-02066.txt
oncorag-e-0111,oncorag-e-note-02067,rad_onc_followup,2023-08-22,en,notes/oncorag-e-0111/rad_onc_followup/2023-08-22__oncorag-e-note-02067.txt
oncorag-e-0112,oncorag-e-note-02068,rad_onc_followup,2021-10-12,en,notes/oncorag-e-0112/rad_onc_followup/2021-10-12__oncorag-e-note-02068.txt
oncorag-e-0113,oncorag-e-note-02069,imaging_report,2021-03-29,en,notes/oncorag-e-0113/imaging_report/2021-03-29__oncorag-e-note-02069.txt
oncorag-e-0114,oncorag-e-note-02070,rad_onc_followup,2025-07-04,en,notes/oncorag-e-0114/rad_onc_followup/2025-07-04__oncorag-e-note-02070.txt
oncorag-e-0115,oncorag-e-note-02071,med_onc_note,2023-12-02,en,notes/oncorag-e-0115/med_onc_note/2023-12-02__oncorag-e-note-02071.txt
oncorag-e-0116,oncorag-e-note-02072,rad_onc_followup,2022-01-21,en,notes/oncorag-e-0116/rad_onc_followup/2022-01-21__oncorag-e-note-02072.txt
oncorag-e-0117,oncorag-e-note-02073,rad_onc_followup,2025-01-15,en,notes/oncorag-e-0117/rad_onc_followup/2025-01-15__oncorag-e-note-02073.txt
oncorag-e-0118,oncorag-e-note-02074,med_onc_note,2026-05-09,en,notes/oncorag-e-0118/med_onc_note/2026-05-09__oncorag-e-note-02074.txt
oncorag-e-0119,oncorag-e-note-02075,imaging_report,2021-12-25,en,notes/oncorag-e-0119/imaging_report/2021-12-25__oncorag-e-note-02075.txt
oncorag-e-0120,oncorag-e-note-02076,pathology_report,2020-11-09,en,notes/oncorag-e-0120/pathology_report/2020-11-09__oncorag-e-note-02076.txt
oncorag-e-0121,oncorag-e-note-02077,med_onc_note,2023-12-19,en,notes/oncorag-e-0121/med_onc_note/2023-12-19__oncorag-e-note-02077.txt
oncorag-e-0122,oncorag-e-note-02078,imaging_report,2021-10-12,en,notes/oncorag-e-0122/imaging_report/2021-10-12__oncorag-e-note-02078.txt
oncorag-e-0123,oncorag-e-note-02079,med_onc_note,2023-09-11,en,notes/oncorag-e-0123/med_onc_note/2023-09-11__oncorag-e-note-02079.txt
oncorag-e-0124,oncorag-e-note-02080,rad_onc_followup,2024-04-04,en,notes/oncorag-e-0124/rad_onc_followup/2024-04-04__oncorag-e-note-02080.txt
oncorag-e-0125,oncorag-e-note-02081,med_onc_note,2023-03-11,en,notes/oncorag-e-0125/med_onc_note/2023-03-11__oncorag-e-note-02081.txt
oncorag-e-0126,oncorag-e-note-02082,rad_onc_followup,2025-05-03,en,notes/oncorag-e-0126/rad_onc_followup/2025-05-03__oncorag-e-note-02082.txt
oncorag-e-0127,oncorag-e-note-02083,med_onc_note,2022-03-05,en,notes/oncorag-e-0127/med_onc_note/2022-03-05__oncorag-e-note-02083.txt
oncorag-e-0128,oncorag-e-note-02084,rad_onc_followup,2024-05-17,en,notes/oncorag-e-0128/rad_onc_followup/2024-05-17__oncorag-e-note-02084.txt
oncorag-e-0129,oncorag-e-note-02085,rad_onc_followup,2022-04-16,en,notes/oncorag-e-0129/rad_onc_followup/2022-04-16__oncorag-e-note-02085.txt
oncorag-e-0130,oncorag-e-note-02086,rad_onc_followup,2022-02-14,en,notes/oncorag-e-0130/rad_onc_followup/2022-02-14__oncorag-e-note-02086.txt
oncorag-e-0131,oncorag-e-note-02087,rad_onc_followup,2022-07-05,en,notes/oncorag-e-0131/rad_onc_followup/2022-07-05__oncorag-e-note-02087.txt
oncorag-e-0132,oncorag-e-note-02088,rad_onc_followup,2023-10-30,en,notes/oncorag-e-0132/rad_onc_followup/2023-10-30__oncorag-e-note-02088.txt
oncorag-e-0133,oncorag-e-note-02089,lab_report,2020-06-16,en,notes/oncorag-e-0133/lab_report/2020-06-16__oncorag-e-note-02089.txt
oncorag-e-0134,oncorag-e-note-02090,rad_onc_followup,2023-07-05,en,notes/oncorag-e-0134/rad_onc_followup/2023-07-05__oncorag-e-note-02090.txt
oncorag-e-0135,oncorag-e-note-02091,med_onc_note,2023-01-30,en,notes/oncorag-e-0135/med_onc_note/2023-01-30__oncorag-e-note-02091.txt
oncorag-e-0136,oncorag-e-note-02092,med_onc_note,2025-09-02,en,notes/oncorag-e-0136/med_onc_note/2025-09-02__oncorag-e-note-02092.txt
oncorag-e-0137,oncorag-e-note-02093,rad_onc_followup,2024-05-20,en,notes/oncorag-e-0137/rad_onc_followup/2024-05-20__oncorag-e-note-02093.txt
oncorag-e-0138,oncorag-e-note-02094,pathology_report,2021-08-22,en,notes/oncorag-e-0138/pathology_report/2021-08-22__oncorag-e-note-02094.txt
oncorag-e-0139,oncorag-e-note-02095,rad_onc_followup,2020-11-23,en,notes/oncorag-e-0139/rad_onc_followup/2020-11-23__oncorag-e-note-02095.txt
oncorag-e-0140,oncorag-e-note-02096,rad_onc_followup,2021-02-04,en,notes/oncorag-e-0140/rad_onc_followup/2021-02-04__oncorag-e-note-02096.txt
oncorag-e-0141,oncorag-e-note-02097,rad_onc_followup,2024-07-06,en,notes/oncorag-e-0141/rad_onc_followup/2024-07-06__oncorag-e-note-02097.txt
oncorag-e-0142,oncorag-e-note-02098,imaging_report,2023-07-22,en,notes/oncorag-e-0142/imaging_report/2023-07-22__oncorag-e-note-02098.txt
oncorag-e-0143,oncorag-e-note-02099,med_onc_note,2026-01-20,en,notes/oncorag-e-0143/med_onc_note/2026-01-20__oncorag-e-note-02099.txt
oncorag-e-0144,oncorag-e-note-02100,surgery_followup,2023-05-16,en,notes/oncorag-e-0144/surgery_followup/2023-05-16__oncorag-e-note-02100.txt
oncorag-e-0145,oncorag-e-note-02101,imaging_report,2022-02-10,en,notes/oncorag-e-0145/imaging_report/2022-02-10__oncorag-e-note-02101.txt
oncorag-e-0146,oncorag-e-note-02102,imaging_report,2023-08-04,en,notes/oncorag-e-0146/imaging_report/2023-08-04__oncorag-e-note-02102.txt
oncorag-e-0147,oncorag-e-note-02103,rad_onc_followup,2026-01-03,en,notes/oncorag-e-0147/rad_onc_followup/2026-01-03__oncorag-e-note-02103.txt
oncorag-e-0148,oncorag-e-note-02104,rad_onc_followup,2021-08-19,en,notes/oncorag-e-0148/rad_onc_followup/2021-08-19__oncorag-e-note-02104.txt
oncorag-e-0149,oncorag-e-note-02105,rad_onc_followup,2024-12-14,en,notes/oncorag-e-0149/rad_onc_followup/2024-12-14__oncorag-e-note-02105.txt
oncorag-e-0150,oncorag-e-note-02106,rad_onc_followup,2021-05-31,en,notes/oncorag-e-0150/rad_onc_followup/2021-05-31__oncorag-e-note-02106.txt
oncorag-e-0151,oncorag-e-note-02107,rad_onc_followup,2025-02-07,en,notes/oncorag-e-0151/rad_onc_followup/2025-02-07__oncorag-e-note-02107.txt
oncorag-e-0152,oncorag-e-note-02108,rad_onc_followup,2021-10-08,en,notes/oncorag-e-0152/rad_onc_followup/2021-10-08__oncorag-e-note-02108.txt
oncorag-e-0153,oncorag-e-note-02109,rad_onc_followup,2020-12-29,en,notes/oncorag-e-0153/rad_onc_followup/2020-12-29__oncorag-e-note-02109.txt
oncorag-e-0154,oncorag-e-note-02110,med_onc_note,2020-05-25,en,notes/oncorag-e-0154/med_onc_note/2020-05-25__oncorag-e-note-02110.txt
oncorag-e-0155,oncorag-e-note-02111,rad_onc_followup,2022-02-06,en,notes/oncorag-e-0155/rad_onc_followup/2022-02-06__oncorag-e-note-02111.txt
oncorag-e-0156,oncorag-e-note-02112,rad_onc_followup,2024-11-11,en,notes/oncorag-e-0156/rad_onc_followup/2024-11-11__oncorag-e-note-02112.txt
oncorag-e-0157,oncorag-e-note-02113,med_onc_note,2024-09-18,en,notes/oncorag-e-0157/med_onc_note/2024-09-18__oncorag-e-note-02113.txt
oncorag-e-0158,oncorag-e-note-02114,rad_onc_followup,2021-10-05,en,notes/oncorag-e-0158/rad_onc_followup/2021-10-05__oncorag-e-note-02114.txt
oncorag-e-0159,oncorag-e-note-02115,surgery_followup,2023-02-01,en,notes/oncorag-e-0159/surgery_followup/2023-02-01__oncorag-e-note-02115.txt
oncorag-e-0160,oncorag-e-note-02116,pathology_report,2024-04-24,en,notes/oncorag-e-0160/pathology_report/2024-04-24__oncorag-e-note-02116.txt
oncorag-e-0161,oncorag-e-note-02117,pathology_report,2021-08-31,en,notes/oncorag-e-0161/pathology_report/2021-08-31__oncorag-e-note-02117.txt
oncorag-e-0162,oncorag-e-note-02118,rad_onc_followup,2024-08-16,en,notes/oncorag-e-0162/rad_onc_followup/2024-08-16__oncorag-e-note-02118.txt
oncorag-e-0163,oncorag-e-note-02119,pathology_report,2023-01-29,en,notes/oncorag-e-0163/pathology_report/2023-01-29__oncorag-e-note-02119.txt
oncorag-e-0164,oncorag-e-note-02120,rad_onc_followup,2022-09-22,en,notes/oncorag-e-0164/rad_onc_followup/2022-09-22__oncorag-e-note-02120.txt
oncorag-e-0165,oncorag-e-note-02121,rad_onc_followup,2022-08-29,en,notes/oncorag-e-0165/rad_onc_followup/2022-08-29__oncorag-e-note-02121.txt
oncorag-e-0166,oncorag-e-note-02122,med_onc_note,2020-08-01,en,notes/oncorag-e-0166/med_onc_note/2020-08-01__oncorag-e-note-02122.txt
oncorag-e-0167,oncorag-e-note-02123,rad_onc_followup,2021-08-09,en,notes/oncorag-e-0167/rad_onc_followup/2021-08-09__oncorag-e-note-02123.txt
oncorag-e-0168,oncorag-e-note-02124,med_onc_note,2021-07-04,en,notes/oncorag-e-0168/med_onc_note/2021-07-04__oncorag-e-note-02124.txt
oncorag-e-0169,oncorag-e-note-02125,rad_onc_followup,2025-06-18,en,notes/oncorag-e-0169/rad_onc_followup/2025-06-18__oncorag-e-note-02125.txt
oncorag-e-0170,oncorag-e-note-02126,rad_onc_followup,2023-08-27,en,notes/oncorag-e-0170/rad_onc_followup/2023-08-27__oncorag-e-note-02126.txt
oncorag-e-0171,oncorag-e-note-02127,med_onc_note,2023-07-21,en,notes/oncorag-e-0171/med_onc_note/2023-07-21__oncorag-e-note-02127.txt
oncorag-e-0172,oncorag-e-note-02128,rad_onc_followup,2021-04-28,en,notes/oncorag-e-0172/rad_onc_followup/2021-04-28__oncorag-e-note-02128.txt
oncorag-e-0173,oncorag-e-note-02129,rad_onc_followup,2023-05-20,en,notes/oncorag-e-0173/rad_onc_followup/2023-05-20__oncorag-e-note-02129.txt
oncorag-e-0174,oncorag-e-note-02130,med_onc_note,2025-09-04,en,notes/oncorag-e-0174/med_onc_note/2025-09-04__oncorag-e-note-02130.txt
oncorag-e-0175,oncorag-e-note-02131,rad_onc_followup,2021-05-25,en,notes/oncorag-e-0175/rad_onc_followup/2021-05-25__oncorag-e-note-02131.txt
oncorag-e-0176,oncorag-e-note-02132,rad_onc_followup,2025-12-02,en,notes/oncorag-e-0176/rad_onc_followup/2025-12-02__oncorag-e-note-02132.txt
oncorag-e-0177,oncorag-e-note-02133,surgery_followup,2022-11-04,en,notes/oncorag-e-0177/surgery_followup/2022-11-04__oncorag-e-note-02133.txt
oncorag-e-0178,oncorag-e-note-02134,rad_onc_followup,2024-09-25,en,notes/oncorag-e-0178/rad_onc_followup/2024-09-25__oncorag-e-note-02134.txt
oncorag-e-0179,oncorag-e-note-02135,rad_onc_followup,2023-05-15,en,notes/oncorag-e-0179/rad_onc_followup/2023-05-15__oncorag-e-note-02135.txt
oncorag-e-0180,oncorag-e-note-02136,rad_onc_followup,2023-01-09,en,notes/oncorag-e-0180/rad_onc_followup/2023-01-09__oncorag-e-note-02136.txt
oncorag-e-0181,oncorag-e-note-02137,rad_onc_followup,2024-03-13,en,notes/oncorag-e-0181/rad_onc_followup/2024-03-13__oncorag-e-note-02137.txt
oncorag-e-0182,oncorag-e-note-02138,rad_onc_followup,2024-11-02,en,notes/oncorag-e-0182/rad_onc_followup/2024-11-02__oncorag-e-note-02138.txt
oncorag-e-0183,oncorag-e-note-02139,rad_onc_followup,2024-04-14,en,notes/oncorag-e-0183/rad_onc_followup/2024-04-14__oncorag-e-note-02139.txt
oncorag-e-0184,oncorag-e-note-02140,pathology_report,2025-07-30,en,notes/oncorag-e-0184/pathology_report/2025-07-30__oncorag-e-note-02140.txt
oncorag-e-0185,oncorag-e-note-02141,rad_onc_followup,2022-05-05,en,notes/oncorag-e-0185/rad_onc_followup/2022-05-05__oncorag-e-note-02141.txt
oncorag-e-0186,oncorag-e-note-02142,rad_onc_followup,2023-09-03,en,notes/oncorag-e-0186/rad_onc_followup/2023-09-03__oncorag-e-note-02142.txt
oncorag-e-0187,oncorag-e-note-02143,med_onc_note,2020-10-06,en,notes/oncorag-e-0187/med_onc_note/2020-10-06__oncorag-e-note-02143.txt
oncorag-e-0188,oncorag-e-note-02144,pathology_report,2022-12-03,en,notes/oncorag-e-0188/pathology_report/2022-12-03__oncorag-e-note-02144.txt
oncorag-e-0189,oncorag-e-note-02145,imaging_report,2025-02-12,en,notes/oncorag-e-0189/imaging_report/2025-02-12__oncorag-e-note-02145.txt
oncorag-e-0190,oncorag-e-note-02146,med_onc_note,2024-04-18,en,notes/oncorag-e-0190/med_onc_note/2024-04-18__oncorag-e-note-02146.txt
oncorag-e-0191,oncorag-e-note-02147,imaging_report,2022-06-12,en,notes/oncorag-e-0191/imaging_report/2022-06-12__oncorag-e-note-02147.txt
oncorag-e-0192,oncorag-e-note-02148,rad_onc_followup,2024-05-28,en,notes/oncorag-e-0192/rad_onc_followup/2024-05-28__oncorag-e-note-02148.txt
oncorag-e-0193,oncorag-e-note-02149,med_onc_note,2022-09-25,en,notes/oncorag-e-0193/med_onc_note/2022-09-25__oncorag-e-note-02149.txt
oncorag-e-0194,oncorag-e-note-02150,rad_onc_followup,2025-07-29,en,notes/oncorag-e-0194/rad_onc_followup/2025-07-29__oncorag-e-note-02150.txt
oncorag-e-0195,oncorag-e-note-02151,imaging_report,2020-09-04,en,notes/oncorag-e-0195/imaging_report/2020-09-04__oncorag-e-note-02151.txt
oncorag-e-0196,oncorag-e-note-02152,rad_onc_followup,2021-02-19,en,notes/oncorag-e-0196/rad_onc_followup/2021-02-19__oncorag-e-note-02152.txt
oncorag-e-0197,oncorag-e-note-02153,rad_onc_followup,2022-11-15,en,notes/oncorag-e-0197/rad_onc_followup/2022-11-15__oncorag-e-note-02153.txt
oncorag-e-0198,oncorag-e-note-02154,lab_report,2024-05-18,en,notes/oncorag-e-0198/lab_report/2024-05-18__oncorag-e-note-02154.txt
oncorag-e-0199,oncorag-e-note-02155,imaging_report,2020-12-17,en,notes/oncorag-e-0199/imaging_report/2020-12-17__oncorag-e-note-02155.txt
oncorag-e-0200,oncorag-e-note-02156,med_onc_note,2024-03-01,en,notes/oncorag-e-0200/med_onc_note/2024-03-01__oncorag-e-note-02156.txt
oncorag-e-0201,oncorag-e-note-02157,med_onc_note,2023-04-05,en,notes/oncorag-e-0201/med_onc_note/2023-04-05__oncorag-e-note-02157.txt
oncorag-e-0202,oncorag-e-note-02158,surgery_followup,2021-03-17,en,notes/oncorag-e-0202/surgery_followup/2021-03-17__oncorag-e-note-02158.txt
oncorag-e-0203,oncorag-e-note-02159,med_onc_note,2026-03-16,en,notes/oncorag-e-0203/med_onc_note/2026-03-16__oncorag-e-note-02159.txt
oncorag-e-0204,oncorag-e-note-02160,pathology_report,2025-01-02,en,notes/oncorag-e-0204/pathology_report/2025-01-02__oncorag-e-note-02160.txt
oncorag-e-0205,oncorag-e-note-02161,rad_onc_followup,2023-08-12,en,notes/oncorag-e-0205/rad_onc_followup/2023-08-12__oncorag-e-note-02161.txt
oncorag-e-0206,oncorag-e-note-02162,rad_onc_followup,2025-05-16,en,notes/oncorag-e-0206/rad_onc_followup/2025-05-16__oncorag-e-note-02162.txt
oncorag-e-0207,oncorag-e-note-02163,surgery_followup,2024-09-10,en,notes/oncorag-e-0207/surgery_followup/2024-09-10__oncorag-e-note-02163.txt
oncorag-e-0208,oncorag-e-note-02164,imaging_report,2025-06-20,en,notes/oncorag-e-0208/imaging_report/2025-06-20__oncorag-e-note-02164.txt
oncorag-e-0209,oncorag-e-note-02165,imaging_report,2025-03-04,en,notes/oncorag-e-0209/imaging_report/2025-03-04__oncorag-e-note-02165.txt
oncorag-e-0210,oncorag-e-note-02166,rad_onc_followup,2023-02-14,en,notes/oncorag-e-0210/rad_onc_followup/2023-02-14__oncorag-e-note-02166.txt
oncorag-e-0211,oncorag-e-note-02167,rad_onc_followup,2020-08-13,en,notes/oncorag-e-0211/rad_onc_followup/2020-08-13__oncorag-e-note-02167.txt
oncorag-e-0212,oncorag-e-note-02168,rad_onc_followup,2026-04-28,en,notes/oncorag-e-0212/rad_onc_followup/2026-04-28__oncorag-e-note-02168.txt
oncorag-e-0213,oncorag-e-note-02169,rad_onc_followup,2023-06-12,en,notes/oncorag-e-0213/rad_onc_followup/2023-06-12__oncorag-e-note-02169.txt
oncorag-e-0214,oncorag-e-note-02170,rad_onc_followup,2025-05-20,en,notes/oncorag-e-0214/rad_onc_followup/2025-05-20__oncorag-e-note-02170.txt
oncorag-e-0215,oncorag-e-note-02171,rad_onc_followup,2025-04-08,en,notes/oncorag-e-0215/rad_onc_followup/2025-04-08__oncorag-e-note-02171.txt
oncorag-e-0216,oncorag-e-note-02172,rad_onc_followup,2023-05-30,en,notes/oncorag-e-0216/rad_onc_followup/2023-05-30__oncorag-e-note-02172.txt
oncorag-e-0217,oncorag-e-note-02173,med_onc_note,2024-06-27,en,notes/oncorag-e-0217/med_onc_note/2024-06-27__oncorag-e-note-02173.txt
oncorag-e-0218,oncorag-e-note-02174,rad_onc_followup,2025-10-23,en,notes/oncorag-e-0218/rad_onc_followup/2025-10-23__oncorag-e-note-02174.txt
oncorag-e-0219,oncorag-e-note-02175,pathology_report,2025-12-05,en,notes/oncorag-e-0219/pathology_report/2025-12-05__oncorag-e-note-02175.txt
oncorag-e-0220,oncorag-e-note-02176,lab_report,2021-08-09,en,notes/oncorag-e-0220/lab_report/2021-08-09__oncorag-e-note-02176.txt
oncorag-e-0221,oncorag-e-note-02177,pathology_report,2022-01-21,en,notes/oncorag-e-0221/pathology_report/2022-01-21__oncorag-e-note-02177.txt
oncorag-e-0222,oncorag-e-note-02178,imaging_report,2021-04-23,en,notes/oncorag-e-0222/imaging_report/2021-04-23__oncorag-e-note-02178.txt
oncorag-e-0223,oncorag-e-note-02179,pathology_report,2021-10-15,en,notes/oncorag-e-0223/pathology_report/2021-10-15__oncorag-e-note-02179.txt
oncorag-e-0224,oncorag-e-note-02180,rad_onc_followup,2020-11-23,en,notes/oncorag-e-0224/rad_onc_followup/2020-11-23__oncorag-e-note-02180.txt
oncorag-e-0225,oncorag-e-note-02181,surgery_followup,2025-12-02,en,notes/oncorag-e-0225/surgery_followup/2025-12-02__oncorag-e-note-02181.txt
oncorag-e-0226,oncorag-e-note-02182,surgery_followup,2021-12-25,en,notes/oncorag-e-0226/surgery_followup/2021-12-25__oncorag-e-note-02182.txt
oncorag-e-0227,oncorag-e-note-02183,rad_onc_followup,2023-11-23,en,notes/oncorag-e-0227/rad_onc_followup/2023-11-23__oncorag-e-note-02183.txt
oncorag-e-0228,oncorag-e-note-02184,rad_onc_followup,2026-06-13,en,notes/oncorag-e-0228/rad_onc_followup/2026-06-13__oncorag-e-note-02184.txt
oncorag-e-0229,oncorag-e-note-02185,rad_onc_followup,2024-08-17,en,notes/oncorag-e-0229/rad_onc_followup/2024-08-17__oncorag-e-note-02185.txt
oncorag-e-0230,oncorag-e-note-02186,rad_onc_followup,2021-01-17,en,notes/oncorag-e-0230/rad_onc_followup/2021-01-17__oncorag-e-note-02186.txt
oncorag-e-0231,oncorag-e-note-02187,imaging_report,2025-12-04,en,notes/oncorag-e-0231/imaging_report/2025-12-04__oncorag-e-note-02187.txt
oncorag-e-0232,oncorag-e-note-02188,med_onc_note,2021-01-19,en,notes/oncorag-e-0232/med_onc_note/2021-01-19__oncorag-e-note-02188.txt
oncorag-e-0233,oncorag-e-note-02189,rad_onc_followup,2022-11-02,en,notes/oncorag-e-0233/rad_onc_followup/2022-11-02__oncorag-e-note-02189.txt
oncorag-e-0234,oncorag-e-note-02190,med_onc_note,2022-04-03,en,notes/oncorag-e-0234/med_onc_note/2022-04-03__oncorag-e-note-02190.txt
oncorag-e-0235,oncorag-e-note-02191,imaging_report,2025-07-08,en,notes/oncorag-e-0235/imaging_report/2025-07-08__oncorag-e-note-02191.txt
oncorag-e-0236,oncorag-e-note-02192,rad_onc_followup,2021-01-31,en,notes/oncorag-e-0236/rad_onc_followup/2021-01-31__oncorag-e-note-02192.txt
oncorag-e-0237,oncorag-e-note-02193,rad_onc_followup,2025-10-01,en,notes/oncorag-e-0237/rad_onc_followup/2025-10-01__oncorag-e-note-02193.txt
oncorag-e-0238,oncorag-e-note-02194,rad_onc_followup,2024-03-22,en,notes/oncorag-e-0238/rad_onc_followup/2024-03-22__oncorag-e-note-02194.txt
oncorag-e-0239,oncorag-e-note-02195,surgery_followup,2022-11-06,en,notes/oncorag-e-0239/surgery_followup/2022-11-06__oncorag-e-note-02195.txt
oncorag-e-0240,oncorag-e-note-02196,rad_onc_followup,2026-02-22,en,notes/oncorag-e-0240/rad_onc_followup/2026-02-22__oncorag-e-note-02196.txt
oncorag-e-0241,oncorag-e-note-02197,med_onc_note,2026-03-24,en,notes/oncorag-e-0241/med_onc_note/2026-03-24__oncorag-e-note-02197.txt
oncorag-e-0242,oncorag-e-note-02198,surgery_followup,2023-02-19,en,notes/oncorag-e-0242/surgery_followup/2023-02-19__oncorag-e-note-02198.txt
oncorag-e-0243,oncorag-e-note-02199,med_onc_note,2022-10-28,en,notes/oncorag-e-0243/med_onc_note/2022-10-28__oncorag-e-note-02199.txt
oncorag-e-0244,oncorag-e-note-02200,med_onc_note,2022-10-01,en,notes/oncorag-e-0244/med_onc_note/2022-10-01__oncorag-e-note-02200.txt
oncorag-e-0245,oncorag-e-note-02201,med_onc_note,2023-03-14,en,notes/oncorag-e-0245/med_onc_note/2023-03-14__oncorag-e-note-02201.txt
oncorag-e-0246,oncorag-e-note-02202,med_onc_note,2026-04-10,en,notes/oncorag-e-0246/med_onc_note/2026-04-10__oncorag-e-note-02202.txt
oncorag-e-0247,oncorag-e-note-02203,med_onc_note,2025-09-08,en,notes/oncorag-e-0247/med_onc_note/2025-09-08__oncorag-e-note-02203.txt
oncorag-e-0248,oncorag-e-note-02204,lab_report,2021-12-06,en,notes/oncorag-e-0248/lab_report/2021-12-06__oncorag-e-note-02204.txt
oncorag-e-0249,oncorag-e-note-02205,imaging_report,2023-05-29,en,notes/oncorag-e-0249/imaging_report/2023-05-29__oncorag-e-note-02205.txt
oncorag-e-0250,oncorag-e-note-02206,rad_onc_followup,2022-10-02,en,notes/oncorag-e-0250/rad_onc_followup/2022-10-02__oncorag-e-note-02206.txt
oncorag-e-0251,oncorag-e-note-02207,med_onc_note,2025-10-18,en,notes/oncorag-e-0251/med_onc_note/2025-10-18__oncorag-e-note-02207.txt
oncorag-e-0252,oncorag-e-note-02208,rad_onc_followup,2024-08-26,en,notes/oncorag-e-0252/rad_onc_followup/2024-08-26__oncorag-e-note-02208.txt
oncorag-e-0253,oncorag-e-note-02209,imaging_report,2023-05-29,en,notes/oncorag-e-0253/imaging_report/2023-05-29__oncorag-e-note-02209.txt
oncorag-e-0254,oncorag-e-note-02210,pathology_report,2024-02-21,en,notes/oncorag-e-0254/pathology_report/2024-02-21__oncorag-e-note-02210.txt
oncorag-e-0255,oncorag-e-note-02211,imaging_report,2023-09-21,en,notes/oncorag-e-0255/imaging_report/2023-09-21__oncorag-e-note-02211.txt
oncorag-e-0256,oncorag-e-note-02212,rad_onc_followup,2024-02-04,en,notes/oncorag-e-0256/rad_onc_followup/2024-02-04__oncorag-e-note-02212.txt
oncorag-e-0257,oncorag-e-note-02213,rad_onc_followup,2021-07-10,en,notes/oncorag-e-0257/rad_onc_followup/2021-07-10__oncorag-e-note-02213.txt
oncorag-e-0258,oncorag-e-note-02214,med_onc_note,2020-07-16,en,notes/oncorag-e-0258/med_onc_note/2020-07-16__oncorag-e-note-02214.txt
oncorag-e-0259,oncorag-e-note-02215,surgery_followup,2021-07-28,en,notes/oncorag-e-0259/surgery_followup/2021-07-28__oncorag-e-note-02215.txt
oncorag-e-0260,oncorag-e-note-02216,rad_onc_followup,2024-05-17,en,notes/oncorag-e-0260/rad_onc_followup/2024-05-17__oncorag-e-note-02216.txt
oncorag-e-0261,oncorag-e-note-02217,rad_onc_followup,2022-11-05,en,notes/oncorag-e-0261/rad_onc_followup/2022-11-05__oncorag-e-note-02217.txt
oncorag-e-0262,oncorag-e-note-02218,med_onc_note,2024-10-22,en,notes/oncorag-e-0262/med_onc_note/2024-10-22__oncorag-e-note-02218.txt
oncorag-e-0263,oncorag-e-note-02219,med_onc_note,2025-01-18,en,notes/oncorag-e-0263/med_onc_note/2025-01-18__oncorag-e-note-02219.txt
oncorag-e-0264,oncorag-e-note-02220,rad_onc_followup,2023-11-08,en,notes/oncorag-e-0264/rad_onc_followup/2023-11-08__oncorag-e-note-02220.txt
oncorag-e-0265,oncorag-e-note-02221,rad_onc_followup,2025-04-15,en,notes/oncorag-e-0265/rad_onc_followup/2025-04-15__oncorag-e-note-02221.txt
oncorag-e-0266,oncorag-e-note-02222,rad_onc_followup,2021-12-30,en,notes/oncorag-e-0266/rad_onc_followup/2021-12-30__oncorag-e-note-02222.txt
oncorag-e-0267,oncorag-e-note-02223,med_onc_note,2021-08-15,en,notes/oncorag-e-0267/med_onc_note/2021-08-15__oncorag-e-note-02223.txt
oncorag-e-0268,oncorag-e-note-02224,med_onc_note,2024-03-04,en,notes/oncorag-e-0268/med_onc_note/2024-03-04__oncorag-e-note-02224.txt
oncorag-e-0269,oncorag-e-note-02225,rad_onc_followup,2021-07-23,en,notes/oncorag-e-0269/rad_onc_followup/2021-07-23__oncorag-e-note-02225.txt
oncorag-e-0270,oncorag-e-note-02226,rad_onc_followup,2022-05-10,en,notes/oncorag-e-0270/rad_onc_followup/2022-05-10__oncorag-e-note-02226.txt
oncorag-e-0271,oncorag-e-note-02227,med_onc_note,2022-10-01,en,notes/oncorag-e-0271/med_onc_note/2022-10-01__oncorag-e-note-02227.txt
oncorag-e-0272,oncorag-e-note-02228,rad_onc_followup,2022-11-04,en,notes/oncorag-e-0272/rad_onc_followup/2022-11-04__oncorag-e-note-02228.txt
oncorag-e-0273,oncorag-e-note-02229,rad_onc_followup,2024-03-28,en,notes/oncorag-e-0273/rad_onc_followup/2024-03-28__oncorag-e-note-02229.txt
oncorag-e-0274,oncorag-e-note-02230,med_onc_note,2026-05-28,en,notes/oncorag-e-0274/med_onc_note/2026-05-28__oncorag-e-note-02230.txt
oncorag-e-0275,oncorag-e-note-02231,med_onc_note,2022-10-29,en,notes/oncorag-e-0275/med_onc_note/2022-10-29__oncorag-e-note-02231.txt
oncorag-e-0276,oncorag-e-note-02232,rad_onc_followup,2022-01-05,en,notes/oncorag-e-0276/rad_onc_followup/2022-01-05__oncorag-e-note-02232.txt
oncorag-e-0277,oncorag-e-note-02233,med_onc_note,2024-09-06,en,notes/oncorag-e-0277/med_onc_note/2024-09-06__oncorag-e-note-02233.txt
oncorag-e-0278,oncorag-e-note-02234,med_onc_note,2024-05-09,en,notes/oncorag-e-0278/med_onc_note/2024-05-09__oncorag-e-note-02234.txt
oncorag-e-0279,oncorag-e-note-02235,rad_onc_followup,2026-01-05,en,notes/oncorag-e-0279/rad_onc_followup/2026-01-05__oncorag-e-note-02235.txt
oncorag-e-0280,oncorag-e-note-02236,rad_onc_followup,2022-11-27,en,notes/oncorag-e-0280/rad_onc_followup/2022-11-27__oncorag-e-note-02236.txt
oncorag-e-0281,oncorag-e-note-02237,imaging_report,2025-05-23,en,notes/oncorag-e-0281/imaging_report/2025-05-23__oncorag-e-note-02237.txt
oncorag-e-0282,oncorag-e-note-02238,rad_onc_followup,2021-01-28,en,notes/oncorag-e-0282/rad_onc_followup/2021-01-28__oncorag-e-note-02238.txt
oncorag-e-0283,oncorag-e-note-02239,rad_onc_followup,2021-07-30,en,notes/oncorag-e-0283/rad_onc_followup/2021-07-30__oncorag-e-note-02239.txt
oncorag-e-0284,oncorag-e-note-02240,imaging_report,2022-12-19,en,notes/oncorag-e-0284/imaging_report/2022-12-19__oncorag-e-note-02240.txt
oncorag-e-0285,oncorag-e-note-02241,surgery_followup,2021-09-27,en,notes/oncorag-e-0285/surgery_followup/2021-09-27__oncorag-e-note-02241.txt
oncorag-e-0286,oncorag-e-note-02242,rad_onc_followup,2021-03-03,en,notes/oncorag-e-0286/rad_onc_followup/2021-03-03__oncorag-e-note-02242.txt
oncorag-e-0287,oncorag-e-note-02243,med_onc_note,2025-09-27,en,notes/oncorag-e-0287/med_onc_note/2025-09-27__oncorag-e-note-02243.txt
oncorag-e-0288,oncorag-e-note-02244,med_onc_note,2021-10-18,en,notes/oncorag-e-0288/med_onc_note/2021-10-18__oncorag-e-note-02244.txt
oncorag-e-0289,oncorag-e-note-02245,rad_onc_followup,2020-10-18,en,notes/oncorag-e-0289/rad_onc_followup/2020-10-18__oncorag-e-note-02245.txt
oncorag-e-0290,oncorag-e-note-02246,med_onc_note,2024-12-11,en,notes/oncorag-e-0290/med_onc_note/2024-12-11__oncorag-e-note-02246.txt
oncorag-e-0291,oncorag-e-note-02247,rad_onc_followup,2021-05-20,en,notes/oncorag-e-0291/rad_onc_followup/2021-05-20__oncorag-e-note-02247.txt
oncorag-e-0292,oncorag-e-note-02248,med_onc_note,2020-12-19,en,notes/oncorag-e-0292/med_onc_note/2020-12-19__oncorag-e-note-02248.txt
oncorag-e-0293,oncorag-e-note-02249,med_onc_note,2023-07-22,en,notes/oncorag-e-0293/med_onc_note/2023-07-22__oncorag-e-note-02249.txt
oncorag-e-0294,oncorag-e-note-02250,imaging_report,2023-04-08,en,notes/oncorag-e-0294/imaging_report/2023-04-08__oncorag-e-note-02250.txt
oncorag-e-0295,oncorag-e-note-02251,rad_onc_followup,2025-09-21,en,notes/oncorag-e-0295/rad_onc_followup/2025-09-21__oncorag-e-note-02251.txt
oncorag-e-0296,oncorag-e-note-02252,rad_onc_followup,2020-06-08,en,notes/oncorag-e-0296/rad_onc_followup/2020-06-08__oncorag-e-note-02252.txt
oncorag-e-0297,oncorag-e-note-02253,lab_report,2024-06-28,en,notes/oncorag-e-0297/lab_report/2024-06-28__oncorag-e-note-02253.txt
oncorag-e-0298,oncorag-e-note-02254,rad_onc_followup,2024-12-26,en,notes/oncorag-e-0298/rad_onc_followup/2024-12-26__oncorag-e-note-02254.txt
oncorag-e-0299,oncorag-e-note-02255,rad_onc_followup,2026-05-19,en,notes/oncorag-e-0299/rad_onc_followup/2026-05-19__oncorag-e-note-02255.txt
oncorag-e-0300,oncorag-e-note-02256,rad_onc_followup,2024-12-26,en,notes/oncorag-e-0300/rad_onc_followup/2024-12-26__oncorag-e-note-02256.txt
oncorag-e-0301,oncorag-e-note-02257,pathology_report,2022-11-07,en,notes/oncorag-e-0301/pathology_report/2022-11-07__oncorag-e-note-02257.txt
oncorag-e-0302,oncorag-e-note-02258,imaging_report,2022-09-12,en,notes/oncorag-e-0302/imaging_report/2022-09-12__oncorag-e-note-02258.txt
oncorag-e-0303,oncorag-e-note-02259,rad_onc_followup,2021-11-19,en,notes/oncorag-e-0303/rad_onc_followup/2021-11-19__oncorag-e-note-02259.txt
oncorag-e-0304,oncorag-e-note-02260,rad_onc_followup,2025-10-13,en,notes/oncorag-e-0304/rad_onc_followup/2025-10-13__oncorag-e-note-02260.txt
oncorag-e-0305,oncorag-e-note-02261,rad_onc_followup,2022-01-28,en,notes/oncorag-e-0305/rad_onc_followup/2022-01-28__oncorag-e-note-02261.txt
oncorag-e-0306,oncorag-e-note-02262,rad_onc_followup,2022-08-16,en,notes/oncorag-e-0306/rad_onc_followup/2022-08-16__oncorag-e-note-02262.txt
oncorag-e-0307,oncorag-e-note-02263,med_onc_note,2022-06-04,en,notes/oncorag-e-0307/med_onc_note/2022-06-04__oncorag-e-note-02263.txt
oncorag-e-0308,oncorag-e-note-02264,rad_onc_followup,2024-05-21,en,notes/oncorag-e-0308/rad_onc_followup/2024-05-21__oncorag-e-note-02264.txt
oncorag-e-0309,oncorag-e-note-02265,imaging_report,2025-03-12,en,notes/oncorag-e-0309/imaging_report/2025-03-12__oncorag-e-note-02265.txt
oncorag-e-0310,oncorag-e-note-02266,rad_onc_followup,2023-07-05,en,notes/oncorag-e-0310/rad_onc_followup/2023-07-05__oncorag-e-note-02266.txt
oncorag-e-0311,oncorag-e-note-02267,imaging_report,2021-07-03,en,notes/oncorag-e-0311/imaging_report/2021-07-03__oncorag-e-note-02267.txt
oncorag-e-0312,oncorag-e-note-02268,rad_onc_followup,2020-07-02,en,notes/oncorag-e-0312/rad_onc_followup/2020-07-02__oncorag-e-note-02268.txt
oncorag-e-0313,oncorag-e-note-02269,imaging_report,2024-01-13,en,notes/oncorag-e-0313/imaging_report/2024-01-13__oncorag-e-note-02269.txt
oncorag-e-0314,oncorag-e-note-02270,imaging_report,2022-10-20,en,notes/oncorag-e-0314/imaging_report/2022-10-20__oncorag-e-note-02270.txt
oncorag-e-0315,oncorag-e-note-02271,lab_report,2024-02-12,en,notes/oncorag-e-0315/lab_report/2024-02-12__oncorag-e-note-02271.txt
oncorag-e-0316,oncorag-e-note-02272,rad_onc_followup,2026-06-14,en,notes/oncorag-e-0316/rad_onc_followup/2026-06-14__oncorag-e-note-02272.txt
oncorag-e-0317,oncorag-e-note-02273,rad_onc_followup,2024-01-23,en,notes/oncorag-e-0317/rad_onc_followup/2024-01-23__oncorag-e-note-02273.txt
oncorag-e-0318,oncorag-e-note-02274,pathology_report,2021-07-19,en,notes/oncorag-e-0318/pathology_report/2021-07-19__oncorag-e-note-02274.txt
oncorag-e-0319,oncorag-e-note-02275,imaging_report,2023-08-29,en,notes/oncorag-e-0319/imaging_report/2023-08-29__oncorag-e-note-02275.txt
oncorag-e-0320,oncorag-e-note-02276,rad_onc_followup,2022-02-18,en,notes/oncorag-e-0320/rad_onc_followup/2022-02-18__oncorag-e-note-02276.txt
oncorag-e-0321,oncorag-e-note-02277,rad_onc_followup,2021-11-04,en,notes/oncorag-e-0321/rad_onc_followup/2021-11-04__oncorag-e-note-02277.txt
oncorag-e-0322,oncorag-e-note-02278,rad_onc_followup,2020-08-02,en,notes/oncorag-e-0322/rad_onc_followup/2020-08-02__oncorag-e-note-02278.txt
oncorag-e-0323,oncorag-e-note-02279,imaging_report,2020-09-07,en,notes/oncorag-e-0323/imaging_report/2020-09-07__oncorag-e-note-02279.txt
oncorag-e-0324,oncorag-e-note-02280,rad_onc_followup,2021-04-16,en,notes/oncorag-e-0324/rad_onc_followup/2021-04-16__oncorag-e-note-02280.txt
oncorag-e-0325,oncorag-e-note-02281,pathology_report,2023-12-26,en,notes/oncorag-e-0325/pathology_report/2023-12-26__oncorag-e-note-02281.txt
oncorag-e-0326,oncorag-e-note-02282,rad_onc_followup,2025-12-15,en,notes/oncorag-e-0326/rad_onc_followup/2025-12-15__oncorag-e-note-02282.txt
oncorag-e-0327,oncorag-e-note-02283,rad_onc_followup,2026-02-19,en,notes/oncorag-e-0327/rad_onc_followup/2026-02-19__oncorag-e-note-02283.txt
oncorag-e-0328,oncorag-e-note-02284,rad_onc_followup,2021-09-10,en,notes/oncorag-e-0328/rad_onc_followup/2021-09-10__oncorag-e-note-02284.txt
oncorag-e-0329,oncorag-e-note-02285,rad_onc_followup,2024-09-08,en,notes/oncorag-e-0329/rad_onc_followup/2024-09-08__oncorag-e-note-02285.txt
oncorag-e-0330,oncorag-e-note-02286,med_onc_note,2022-09-08,en,notes/oncorag-e-0330/med_onc_note/2022-09-08__oncorag-e-note-02286.txt
oncorag-e-0331,oncorag-e-note-02287,rad_onc_followup,2021-11-01,en,notes/oncorag-e-0331/rad_onc_followup/2021-11-01__oncorag-e-note-02287.txt
oncorag-e-0332,oncorag-e-note-02288,med_onc_note,2024-12-03,en,notes/oncorag-e-0332/med_onc_note/2024-12-03__oncorag-e-note-02288.txt
oncorag-e-0333,oncorag-e-note-02289,lab_report,2020-11-16,en,notes/oncorag-e-0333/lab_report/2020-11-16__oncorag-e-note-02289.txt
oncorag-e-0334,oncorag-e-note-02290,rad_onc_followup,2020-11-08,en,notes/oncorag-e-0334/rad_onc_followup/2020-11-08__oncorag-e-note-02290.txt
oncorag-e-0335,oncorag-e-note-02291,rad_onc_followup,2023-11-16,en,notes/oncorag-e-0335/rad_onc_followup/2023-11-16__oncorag-e-note-02291.txt
oncorag-e-0336,oncorag-e-note-02292,pathology_report,2022-01-27,en,notes/oncorag-e-0336/pathology_report/2022-01-27__oncorag-e-note-02292.txt
oncorag-e-0337,oncorag-e-note-02293,rad_onc_followup,2021-12-20,en,notes/oncorag-e-0337/rad_onc_followup/2021-12-20__oncorag-e-note-02293.txt
oncorag-e-0338,oncorag-e-note-02294,rad_onc_followup,2024-10-15,en,notes/oncorag-e-0338/rad_onc_followup/2024-10-15__oncorag-e-note-02294.txt
oncorag-e-0339,oncorag-e-note-02295,rad_onc_followup,2021-03-26,en,notes/oncorag-e-0339/rad_onc_followup/2021-03-26__oncorag-e-note-02295.txt
oncorag-e-0340,oncorag-e-note-02296,imaging_report,2021-06-16,en,notes/oncorag-e-0340/imaging_report/2021-06-16__oncorag-e-note-02296.txt
oncorag-e-0341,oncorag-e-note-02297,rad_onc_followup,2021-04-18,en,notes/oncorag-e-0341/rad_onc_followup/2021-04-18__oncorag-e-note-02297.txt
oncorag-e-0342,oncorag-e-note-02298,rad_onc_followup,2026-07-05,en,notes/oncorag-e-0342/rad_onc_followup/2026-07-05__oncorag-e-note-02298.txt
oncorag-e-0343,oncorag-e-note-02299,pathology_report,2022-10-21,en,notes/oncorag-e-0343/pathology_report/2022-10-21__oncorag-e-note-02299.txt
oncorag-e-0344,oncorag-e-note-02300,rad_onc_followup,2021-01-21,en,notes/oncorag-e-0344/rad_onc_followup/2021-01-21__oncorag-e-note-02300.txt
oncorag-e-0345,oncorag-e-note-02301,pathology_report,2023-07-02,en,notes/oncorag-e-0345/pathology_report/2023-07-02__oncorag-e-note-02301.txt
oncorag-e-0346,oncorag-e-note-02302,surgery_followup,2021-02-20,en,notes/oncorag-e-0346/surgery_followup/2021-02-20__oncorag-e-note-02302.txt
oncorag-e-0347,oncorag-e-note-02303,rad_onc_followup,2022-08-07,en,notes/oncorag-e-0347/rad_onc_followup/2022-08-07__oncorag-e-note-02303.txt
oncorag-e-0348,oncorag-e-note-02304,surgery_followup,2025-10-28,en,notes/oncorag-e-0348/surgery_followup/2025-10-28__oncorag-e-note-02304.txt
oncorag-e-0349,oncorag-e-note-02305,rad_onc_followup,2026-01-28,en,notes/oncorag-e-0349/rad_onc_followup/2026-01-28__oncorag-e-note-02305.txt
oncorag-e-0350,oncorag-e-note-02306,rad_onc_followup,2023-05-30,en,notes/oncorag-e-0350/rad_onc_followup/2023-05-30__oncorag-e-note-02306.txt
oncorag-e-0351,oncorag-e-note-02307,med_onc_note,2023-04-11,en,notes/oncorag-e-0351/med_onc_note/2023-04-11__oncorag-e-note-02307.txt
oncorag-e-0352,oncorag-e-note-02308,rad_onc_followup,2021-08-01,en,notes/oncorag-e-0352/rad_onc_followup/2021-08-01__oncorag-e-note-02308.txt
oncorag-e-0353,oncorag-e-note-02309,rad_onc_followup,2021-03-05,en,notes/oncorag-e-0353/rad_onc_followup/2021-03-05__oncorag-e-note-02309.txt
oncorag-e-0354,oncorag-e-note-02310,surgery_followup,2023-05-07,en,notes/oncorag-e-0354/surgery_followup/2023-05-07__oncorag-e-note-02310.txt
oncorag-e-0355,oncorag-e-note-02311,rad_onc_followup,2023-07-27,en,notes/oncorag-e-0355/rad_onc_followup/2023-07-27__oncorag-e-note-02311.txt
oncorag-e-0356,oncorag-e-note-02312,rad_onc_followup,2025-10-24,en,notes/oncorag-e-0356/rad_onc_followup/2025-10-24__oncorag-e-note-02312.txt
oncorag-e-0357,oncorag-e-note-02313,pathology_report,2022-06-15,en,notes/oncorag-e-0357/pathology_report/2022-06-15__oncorag-e-note-02313.txt
oncorag-e-0358,oncorag-e-note-02314,med_onc_note,2023-09-27,en,notes/oncorag-e-0358/med_onc_note/2023-09-27__oncorag-e-note-02314.txt
oncorag-e-0359,oncorag-e-note-02315,rad_onc_followup,2026-01-07,en,notes/oncorag-e-0359/rad_onc_followup/2026-01-07__oncorag-e-note-02315.txt
oncorag-e-0360,oncorag-e-note-02316,surgery_followup,2025-12-10,en,notes/oncorag-e-0360/surgery_followup/2025-12-10__oncorag-e-note-02316.txt
oncorag-e-0361,oncorag-e-note-02317,rad_onc_followup,2025-09-11,en,notes/oncorag-e-0361/rad_onc_followup/2025-09-11__oncorag-e-note-02317.txt
oncorag-e-0362,oncorag-e-note-02318,rad_onc_followup,2023-12-23,en,notes/oncorag-e-0362/rad_onc_followup/2023-12-23__oncorag-e-note-02318.txt
oncorag-e-0363,oncorag-e-note-02319,rad_onc_followup,2025-01-30,en,notes/oncorag-e-0363/rad_onc_followup/2025-01-30__oncorag-e-note-02319.txt
oncorag-e-0364,oncorag-e-note-02320,rad_onc_followup,2021-03-23,en,notes/oncorag-e-0364/rad_onc_followup/2021-03-23__oncorag-e-note-02320.txt
oncorag-e-0365,oncorag-e-note-02321,med_onc_note,2020-08-22,en,notes/oncorag-e-0365/med_onc_note/2020-08-22__oncorag-e-note-02321.txt
oncorag-e-0366,oncorag-e-note-02322,rad_onc_followup,2026-04-21,en,notes/oncorag-e-0366/rad_onc_followup/2026-04-21__oncorag-e-note-02322.txt
oncorag-e-0367,oncorag-e-note-02323,rad_onc_followup,2025-02-10,en,notes/oncorag-e-0367/rad_onc_followup/2025-02-10__oncorag-e-note-02323.txt
oncorag-e-0368,oncorag-e-note-02324,rad_onc_followup,2025-06-12,en,notes/oncorag-e-0368/rad_onc_followup/2025-06-12__oncorag-e-note-02324.txt
oncorag-e-0369,oncorag-e-note-02325,rad_onc_followup,2023-06-09,en,notes/oncorag-e-0369/rad_onc_followup/2023-06-09__oncorag-e-note-02325.txt
oncorag-e-0370,oncorag-e-note-02326,med_onc_note,2021-01-14,en,notes/oncorag-e-0370/med_onc_note/2021-01-14__oncorag-e-note-02326.txt
oncorag-e-0371,oncorag-e-note-02327,rad_onc_followup,2025-02-27,en,notes/oncorag-e-0371/rad_onc_followup/2025-02-27__oncorag-e-note-02327.txt
oncorag-e-0372,oncorag-e-note-02328,rad_onc_followup,2022-09-18,en,notes/oncorag-e-0372/rad_onc_followup/2022-09-18__oncorag-e-note-02328.txt
oncorag-e-0373,oncorag-e-note-02329,rad_onc_followup,2024-09-30,en,notes/oncorag-e-0373/rad_onc_followup/2024-09-30__oncorag-e-note-02329.txt
oncorag-e-0374,oncorag-e-note-02330,imaging_report,2022-03-07,en,notes/oncorag-e-0374/imaging_report/2022-03-07__oncorag-e-note-02330.txt
oncorag-e-0375,oncorag-e-note-02331,rad_onc_followup,2020-10-02,en,notes/oncorag-e-0375/rad_onc_followup/2020-10-02__oncorag-e-note-02331.txt
oncorag-e-0376,oncorag-e-note-02332,rad_onc_followup,2026-04-15,en,notes/oncorag-e-0376/rad_onc_followup/2026-04-15__oncorag-e-note-02332.txt
oncorag-e-0377,oncorag-e-note-02333,rad_onc_followup,2024-05-08,en,notes/oncorag-e-0377/rad_onc_followup/2024-05-08__oncorag-e-note-02333.txt
oncorag-e-0378,oncorag-e-note-02334,rad_onc_followup,2020-08-16,en,notes/oncorag-e-0378/rad_onc_followup/2020-08-16__oncorag-e-note-02334.txt
oncorag-e-0379,oncorag-e-note-02335,rad_onc_followup,2025-10-15,en,notes/oncorag-e-0379/rad_onc_followup/2025-10-15__oncorag-e-note-02335.txt
oncorag-e-0380,oncorag-e-note-02336,rad_onc_followup,2023-04-22,en,notes/oncorag-e-0380/rad_onc_followup/2023-04-22__oncorag-e-note-02336.txt
oncorag-e-0381,oncorag-e-note-02337,pathology_report,2022-06-03,en,notes/oncorag-e-0381/pathology_report/2022-06-03__oncorag-e-note-02337.txt
oncorag-e-0382,oncorag-e-note-02338,rad_onc_followup,2022-06-02,en,notes/oncorag-e-0382/rad_onc_followup/2022-06-02__oncorag-e-note-02338.txt
oncorag-e-0383,oncorag-e-note-02339,rad_onc_followup,2023-04-13,en,notes/oncorag-e-0383/rad_onc_followup/2023-04-13__oncorag-e-note-02339.txt
oncorag-e-0384,oncorag-e-note-02340,med_onc_note,2021-06-15,en,notes/oncorag-e-0384/med_onc_note/2021-06-15__oncorag-e-note-02340.txt
oncorag-e-0385,oncorag-e-note-02341,pathology_report,2022-06-28,en,notes/oncorag-e-0385/pathology_report/2022-06-28__oncorag-e-note-02341.txt
oncorag-e-0386,oncorag-e-note-02342,pathology_report,2024-11-27,en,notes/oncorag-e-0386/pathology_report/2024-11-27__oncorag-e-note-02342.txt
oncorag-e-0387,oncorag-e-note-02343,rad_onc_followup,2021-01-04,en,notes/oncorag-e-0387/rad_onc_followup/2021-01-04__oncorag-e-note-02343.txt
oncorag-e-0388,oncorag-e-note-02344,imaging_report,2022-04-06,en,notes/oncorag-e-0388/imaging_report/2022-04-06__oncorag-e-note-02344.txt
oncorag-e-0389,oncorag-e-note-02345,rad_onc_followup,2020-05-29,en,notes/oncorag-e-0389/rad_onc_followup/2020-05-29__oncorag-e-note-02345.txt
oncorag-e-0390,oncorag-e-note-02346,rad_onc_followup,2026-02-19,en,notes/oncorag-e-0390/rad_onc_followup/2026-02-19__oncorag-e-note-02346.txt
oncorag-e-0391,oncorag-e-note-02347,imaging_report,2022-06-17,en,notes/oncorag-e-0391/imaging_report/2022-06-17__oncorag-e-note-02347.txt
oncorag-e-0392,oncorag-e-note-02348,med_onc_note,2024-12-18,en,notes/oncorag-e-0392/med_onc_note/2024-12-18__oncorag-e-note-02348.txt
oncorag-e-0393,oncorag-e-note-02349,rad_onc_followup,2025-06-27,en,notes/oncorag-e-0393/rad_onc_followup/2025-06-27__oncorag-e-note-02349.txt
oncorag-e-0394,oncorag-e-note-02350,med_onc_note,2026-01-14,en,notes/oncorag-e-0394/med_onc_note/2026-01-14__oncorag-e-note-02350.txt
oncorag-e-0395,oncorag-e-note-02351,med_onc_note,2021-07-17,en,notes/oncorag-e-0395/med_onc_note/2021-07-17__oncorag-e-note-02351.txt
oncorag-e-0396,oncorag-e-note-02352,rad_onc_followup,2021-05-02,en,notes/oncorag-e-0396/rad_onc_followup/2021-05-02__oncorag-e-note-02352.txt
oncorag-e-0397,oncorag-e-note-02353,rad_onc_followup,2022-11-29,en,notes/oncorag-e-0397/rad_onc_followup/2022-11-29__oncorag-e-note-02353.txt
oncorag-e-0398,oncorag-e-note-02354,rad_onc_followup,2024-07-02,en,notes/oncorag-e-0398/rad_onc_followup/2024-07-02__oncorag-e-note-02354.txt
oncorag-e-0399,oncorag-e-note-02355,rad_onc_followup,2025-07-21,en,notes/oncorag-e-0399/rad_onc_followup/2025-07-21__oncorag-e-note-02355.txt
oncorag-e-0400,oncorag-e-note-02356,pathology_report,2025-12-16,en,notes/oncorag-e-0400/pathology_report/2025-12-16__oncorag-e-note-02356.txt
oncorag-e-0401,oncorag-e-note-02357,rad_onc_followup,2020-05-24,en,notes/oncorag-e-0401/rad_onc_followup/2020-05-24__oncorag-e-note-02357.txt
oncorag-e-0402,oncorag-e-note-02358,rad_onc_followup,2025-11-10,en,notes/oncorag-e-0402/rad_onc_followup/2025-11-10__oncorag-e-note-02358.txt
oncorag-e-0403,oncorag-e-note-02359,med_onc_note,2023-07-16,en,notes/oncorag-e-0403/med_onc_note/2023-07-16__oncorag-e-note-02359.txt
oncorag-e-0404,oncorag-e-note-02360,rad_onc_followup,2022-11-26,en,notes/oncorag-e-0404/rad_onc_followup/2022-11-26__oncorag-e-note-02360.txt
oncorag-e-0405,oncorag-e-note-02361,pathology_report,2025-07-16,en,notes/oncorag-e-0405/pathology_report/2025-07-16__oncorag-e-note-02361.txt
oncorag-e-0406,oncorag-e-note-02362,pathology_report,2020-11-12,en,notes/oncorag-e-0406/pathology_report/2020-11-12__oncorag-e-note-02362.txt
oncorag-e-0407,oncorag-e-note-02363,rad_onc_followup,2022-06-01,en,notes/oncorag-e-0407/rad_onc_followup/2022-06-01__oncorag-e-note-02363.txt
oncorag-e-0408,oncorag-e-note-02364,rad_onc_followup,2021-07-04,en,notes/oncorag-e-0408/rad_onc_followup/2021-07-04__oncorag-e-note-02364.txt
oncorag-e-0409,oncorag-e-note-02365,rad_onc_followup,2024-08-09,en,notes/oncorag-e-0409/rad_onc_followup/2024-08-09__oncorag-e-note-02365.txt
oncorag-e-0410,oncorag-e-note-02366,rad_onc_followup,2024-09-29,en,notes/oncorag-e-0410/rad_onc_followup/2024-09-29__oncorag-e-note-02366.txt
oncorag-e-0411,oncorag-e-note-02367,rad_onc_followup,2020-11-20,en,notes/oncorag-e-0411/rad_onc_followup/2020-11-20__oncorag-e-note-02367.txt
oncorag-e-0412,oncorag-e-note-02368,rad_onc_followup,2020-07-02,en,notes/oncorag-e-0412/rad_onc_followup/2020-07-02__oncorag-e-note-02368.txt
oncorag-e-0413,oncorag-e-note-02369,rad_onc_followup,2020-12-04,en,notes/oncorag-e-0413/rad_onc_followup/2020-12-04__oncorag-e-note-02369.txt
oncorag-e-0414,oncorag-e-note-02370,med_onc_note,2020-12-12,en,notes/oncorag-e-0414/med_onc_note/2020-12-12__oncorag-e-note-02370.txt
oncorag-e-0415,oncorag-e-note-02371,pathology_report,2021-08-21,en,notes/oncorag-e-0415/pathology_report/2021-08-21__oncorag-e-note-02371.txt
oncorag-e-0416,oncorag-e-note-02372,rad_onc_followup,2025-06-29,en,notes/oncorag-e-0416/rad_onc_followup/2025-06-29__oncorag-e-note-02372.txt
oncorag-e-0417,oncorag-e-note-02373,pathology_report,2021-10-18,en,notes/oncorag-e-0417/pathology_report/2021-10-18__oncorag-e-note-02373.txt
oncorag-e-0418,oncorag-e-note-02374,rad_onc_followup,2026-01-11,en,notes/oncorag-e-0418/rad_onc_followup/2026-01-11__oncorag-e-note-02374.txt
oncorag-e-0419,oncorag-e-note-02375,med_onc_note,2022-01-01,en,notes/oncorag-e-0419/med_onc_note/2022-01-01__oncorag-e-note-02375.txt
oncorag-e-0420,oncorag-e-note-02376,rad_onc_followup,2026-01-03,en,notes/oncorag-e-0420/rad_onc_followup/2026-01-03__oncorag-e-note-02376.txt
oncorag-e-0421,oncorag-e-note-02377,rad_onc_followup,2024-11-29,en,notes/oncorag-e-0421/rad_onc_followup/2024-11-29__oncorag-e-note-02377.txt
oncorag-e-0422,oncorag-e-note-02378,med_onc_note,2021-07-16,en,notes/oncorag-e-0422/med_onc_note/2021-07-16__oncorag-e-note-02378.txt
oncorag-e-0423,oncorag-e-note-02379,rad_onc_followup,2020-10-28,en,notes/oncorag-e-0423/rad_onc_followup/2020-10-28__oncorag-e-note-02379.txt
oncorag-e-0424,oncorag-e-note-02380,rad_onc_followup,2024-09-14,en,notes/oncorag-e-0424/rad_onc_followup/2024-09-14__oncorag-e-note-02380.txt
oncorag-e-0425,oncorag-e-note-02381,rad_onc_followup,2022-03-13,en,notes/oncorag-e-0425/rad_onc_followup/2022-03-13__oncorag-e-note-02381.txt
oncorag-e-0426,oncorag-e-note-02382,rad_onc_followup,2025-06-20,en,notes/oncorag-e-0426/rad_onc_followup/2025-06-20__oncorag-e-note-02382.txt
oncorag-e-0427,oncorag-e-note-02383,rad_onc_followup,2021-02-28,en,notes/oncorag-e-0427/rad_onc_followup/2021-02-28__oncorag-e-note-02383.txt
oncorag-e-0428,oncorag-e-note-02384,rad_onc_followup,2021-01-21,en,notes/oncorag-e-0428/rad_onc_followup/2021-01-21__oncorag-e-note-02384.txt
oncorag-e-0429,oncorag-e-note-02385,rad_onc_followup,2026-03-25,en,notes/oncorag-e-0429/rad_onc_followup/2026-03-25__oncorag-e-note-02385.txt
oncorag-e-0430,oncorag-e-note-02386,med_onc_note,2024-01-27,en,notes/oncorag-e-0430/med_onc_note/2024-01-27__oncorag-e-note-02386.txt
oncorag-e-0431,oncorag-e-note-02387,lab_report,2022-04-27,en,notes/oncorag-e-0431/lab_report/2022-04-27__oncorag-e-note-02387.txt
oncorag-e-0432,oncorag-e-note-02388,surgery_followup,2026-04-17,en,notes/oncorag-e-0432/surgery_followup/2026-04-17__oncorag-e-note-02388.txt
oncorag-e-0433,oncorag-e-note-02389,rad_onc_followup,2020-10-17,en,notes/oncorag-e-0433/rad_onc_followup/2020-10-17__oncorag-e-note-02389.txt
oncorag-e-0434,oncorag-e-note-02390,pathology_report,2021-06-08,en,notes/oncorag-e-0434/pathology_report/2021-06-08__oncorag-e-note-02390.txt
oncorag-e-0435,oncorag-e-note-02391,pathology_report,2022-09-28,en,notes/oncorag-e-0435/pathology_report/2022-09-28__oncorag-e-note-02391.txt
oncorag-e-0436,oncorag-e-note-02392,rad_onc_followup,2023-12-29,en,notes/oncorag-e-0436/rad_onc_followup/2023-12-29__oncorag-e-note-02392.txt
oncorag-e-0437,oncorag-e-note-02393,rad_onc_followup,2021-12-06,en,notes/oncorag-e-0437/rad_onc_followup/2021-12-06__oncorag-e-note-02393.txt
oncorag-e-0438,oncorag-e-note-02394,rad_onc_followup,2022-08-21,en,notes/oncorag-e-0438/rad_onc_followup/2022-08-21__oncorag-e-note-02394.txt
oncorag-e-0439,oncorag-e-note-02395,imaging_report,2022-04-04,en,notes/oncorag-e-0439/imaging_report/2022-04-04__oncorag-e-note-02395.txt
oncorag-e-0440,oncorag-e-note-02396,rad_onc_followup,2025-04-03,en,notes/oncorag-e-0440/rad_onc_followup/2025-04-03__oncorag-e-note-02396.txt
oncorag-e-0441,oncorag-e-note-02397,rad_onc_followup,2023-06-08,en,notes/oncorag-e-0441/rad_onc_followup/2023-06-08__oncorag-e-note-02397.txt
oncorag-e-0442,oncorag-e-note-02398,rad_onc_followup,2023-04-06,en,notes/oncorag-e-0442/rad_onc_followup/2023-04-06__oncorag-e-note-02398.txt
oncorag-e-0443,oncorag-e-note-02399,rad_onc_followup,2020-10-14,en,notes/oncorag-e-0443/rad_onc_followup/2020-10-14__oncorag-e-note-02399.txt
oncorag-e-0444,oncorag-e-note-02400,imaging_report,2026-02-26,en,notes/oncorag-e-0444/imaging_report/2026-02-26__oncorag-e-note-02400.txt
oncorag-e-0445,oncorag-e-note-02401,pathology_report,2022-03-30,en,notes/oncorag-e-0445/pathology_report/2022-03-30__oncorag-e-note-02401.txt
oncorag-e-0446,oncorag-e-note-02402,rad_onc_followup,2023-07-14,en,notes/oncorag-e-0446/rad_onc_followup/2023-07-14__oncorag-e-note-02402.txt
oncorag-e-0447,oncorag-e-note-02403,imaging_report,2023-10-20,en,notes/oncorag-e-0447/imaging_report/2023-10-20__oncorag-e-note-02403.txt
oncorag-e-0448,oncorag-e-note-02404,rad_onc_followup,2023-11-03,en,notes/oncorag-e-0448/rad_onc_followup/2023-11-03__oncorag-e-note-02404.txt
oncorag-e-0449,oncorag-e-note-02405,med_onc_note,2026-04-11,en,notes/oncorag-e-0449/med_onc_note/2026-04-11__oncorag-e-note-02405.txt
oncorag-e-0450,oncorag-e-note-02406,rad_onc_followup,2024-07-31,en,notes/oncorag-e-0450/rad_onc_followup/2024-07-31__oncorag-e-note-02406.txt
oncorag-e-0451,oncorag-e-note-02407,rad_onc_followup,2023-10-23,en,notes/oncorag-e-0451/rad_onc_followup/2023-10-23__oncorag-e-note-02407.txt
oncorag-e-0452,oncorag-e-note-02408,rad_onc_followup,2024-06-01,en,notes/oncorag-e-0452/rad_onc_followup/2024-06-01__oncorag-e-note-02408.txt
oncorag-e-0453,oncorag-e-note-02409,rad_onc_followup,2021-12-15,en,notes/oncorag-e-0453/rad_onc_followup/2021-12-15__oncorag-e-note-02409.txt
oncorag-e-0454,oncorag-e-note-02410,rad_onc_followup,2025-08-25,en,notes/oncorag-e-0454/rad_onc_followup/2025-08-25__oncorag-e-note-02410.txt
oncorag-e-0455,oncorag-e-note-02411,rad_onc_followup,2025-10-21,en,notes/oncorag-e-0455/rad_onc_followup/2025-10-21__oncorag-e-note-02411.txt
oncorag-e-0456,oncorag-e-note-02412,rad_onc_followup,2024-10-31,en,notes/oncorag-e-0456/rad_onc_followup/2024-10-31__oncorag-e-note-02412.txt
oncorag-e-0457,oncorag-e-note-02413,med_onc_note,2021-07-09,en,notes/oncorag-e-0457/med_onc_note/2021-07-09__oncorag-e-note-02413.txt
oncorag-e-0458,oncorag-e-note-02414,lab_report,2023-02-01,en,notes/oncorag-e-0458/lab_report/2023-02-01__oncorag-e-note-02414.txt
oncorag-e-0459,oncorag-e-note-02415,rad_onc_followup,2024-07-19,en,notes/oncorag-e-0459/rad_onc_followup/2024-07-19__oncorag-e-note-02415.txt
oncorag-e-0460,oncorag-e-note-02416,rad_onc_followup,2021-12-02,en,notes/oncorag-e-0460/rad_onc_followup/2021-12-02__oncorag-e-note-02416.txt
oncorag-e-0461,oncorag-e-note-02417,med_onc_note,2024-10-29,en,notes/oncorag-e-0461/med_onc_note/2024-10-29__oncorag-e-note-02417.txt
oncorag-e-0462,oncorag-e-note-02418,rad_onc_followup,2024-04-19,en,notes/oncorag-e-0462/rad_onc_followup/2024-04-19__oncorag-e-note-02418.txt
oncorag-e-0463,oncorag-e-note-02419,rad_onc_followup,2026-04-19,en,notes/oncorag-e-0463/rad_onc_followup/2026-04-19__oncorag-e-note-02419.txt
oncorag-e-0464,oncorag-e-note-02420,rad_onc_followup,2022-07-01,en,notes/oncorag-e-0464/rad_onc_followup/2022-07-01__oncorag-e-note-02420.txt
oncorag-e-0465,oncorag-e-note-02421,med_onc_note,2021-11-01,en,notes/oncorag-e-0465/med_onc_note/2021-11-01__oncorag-e-note-02421.txt
oncorag-e-0466,oncorag-e-note-02422,imaging_report,2021-06-24,en,notes/oncorag-e-0466/imaging_report/2021-06-24__oncorag-e-note-02422.txt
oncorag-e-0467,oncorag-e-note-02423,rad_onc_followup,2023-05-16,en,notes/oncorag-e-0467/rad_onc_followup/2023-05-16__oncorag-e-note-02423.txt
oncorag-e-0468,oncorag-e-note-02424,rad_onc_followup,2021-11-18,en,notes/oncorag-e-0468/rad_onc_followup/2021-11-18__oncorag-e-note-02424.txt
oncorag-e-0469,oncorag-e-note-02425,rad_onc_followup,2022-05-20,en,notes/oncorag-e-0469/rad_onc_followup/2022-05-20__oncorag-e-note-02425.txt
oncorag-e-0470,oncorag-e-note-02426,rad_onc_followup,2021-06-18,en,notes/oncorag-e-0470/rad_onc_followup/2021-06-18__oncorag-e-note-02426.txt
oncorag-e-0471,oncorag-e-note-02427,pathology_report,2021-11-14,en,notes/oncorag-e-0471/pathology_report/2021-11-14__oncorag-e-note-02427.txt
oncorag-e-0472,oncorag-e-note-02428,surgery_followup,2025-05-14,en,notes/oncorag-e-0472/surgery_followup/2025-05-14__oncorag-e-note-02428.txt
oncorag-e-0473,oncorag-e-note-02429,rad_onc_followup,2025-04-09,en,notes/oncorag-e-0473/rad_onc_followup/2025-04-09__oncorag-e-note-02429.txt
oncorag-e-0474,oncorag-e-note-02430,med_onc_note,2022-02-21,en,notes/oncorag-e-0474/med_onc_note/2022-02-21__oncorag-e-note-02430.txt
oncorag-e-0475,oncorag-e-note-02431,med_onc_note,2022-06-04,en,notes/oncorag-e-0475/med_onc_note/2022-06-04__oncorag-e-note-02431.txt
oncorag-e-0476,oncorag-e-note-02432,med_onc_note,2025-02-12,en,notes/oncorag-e-0476/med_onc_note/2025-02-12__oncorag-e-note-02432.txt
oncorag-e-0477,oncorag-e-note-02433,rad_onc_followup,2020-12-03,en,notes/oncorag-e-0477/rad_onc_followup/2020-12-03__oncorag-e-note-02433.txt
oncorag-e-0478,oncorag-e-note-02434,rad_onc_followup,2024-01-29,en,notes/oncorag-e-0478/rad_onc_followup/2024-01-29__oncorag-e-note-02434.txt
oncorag-e-0479,oncorag-e-note-02435,imaging_report,2021-01-27,en,notes/oncorag-e-0479/imaging_report/2021-01-27__oncorag-e-note-02435.txt
oncorag-e-0480,oncorag-e-note-02436,imaging_report,2021-07-11,en,notes/oncorag-e-0480/imaging_report/2021-07-11__oncorag-e-note-02436.txt
oncorag-e-0481,oncorag-e-note-02437,med_onc_note,2025-01-20,en,notes/oncorag-e-0481/med_onc_note/2025-01-20__oncorag-e-note-02437.txt
oncorag-e-0482,oncorag-e-note-02438,imaging_report,2023-01-14,en,notes/oncorag-e-0482/imaging_report/2023-01-14__oncorag-e-note-02438.txt
oncorag-e-0483,oncorag-e-note-02439,imaging_report,2023-09-28,en,notes/oncorag-e-0483/imaging_report/2023-09-28__oncorag-e-note-02439.txt
oncorag-e-0484,oncorag-e-note-02440,rad_onc_followup,2022-03-31,en,notes/oncorag-e-0484/rad_onc_followup/2022-03-31__oncorag-e-note-02440.txt
oncorag-e-0485,oncorag-e-note-02441,rad_onc_followup,2021-04-26,en,notes/oncorag-e-0485/rad_onc_followup/2021-04-26__oncorag-e-note-02441.txt
oncorag-e-0486,oncorag-e-note-02442,rad_onc_followup,2022-07-24,en,notes/oncorag-e-0486/rad_onc_followup/2022-07-24__oncorag-e-note-02442.txt
oncorag-e-0487,oncorag-e-note-02443,pathology_report,2025-08-06,en,notes/oncorag-e-0487/pathology_report/2025-08-06__oncorag-e-note-02443.txt
oncorag-e-0488,oncorag-e-note-02444,med_onc_note,2026-04-03,en,notes/oncorag-e-0488/med_onc_note/2026-04-03__oncorag-e-note-02444.txt
oncorag-e-0489,oncorag-e-note-02445,rad_onc_followup,2021-02-23,en,notes/oncorag-e-0489/rad_onc_followup/2021-02-23__oncorag-e-note-02445.txt
oncorag-e-0001,oncorag-e-note-02446,rad_onc_followup,2021-03-22,en,notes/oncorag-e-0001/rad_onc_followup/2021-03-22__oncorag-e-note-02446.txt
oncorag-e-0002,oncorag-e-note-02447,imaging_report,2023-05-28,en,notes/oncorag-e-0002/imaging_report/2023-05-28__oncorag-e-note-02447.txt
oncorag-e-0003,oncorag-e-note-02448,med_onc_note,2024-11-08,en,notes/oncorag-e-0003/med_onc_note/2024-11-08__oncorag-e-note-02448.txt
oncorag-e-0004,oncorag-e-note-02449,rad_onc_followup,2025-03-01,en,notes/oncorag-e-0004/rad_onc_followup/2025-03-01__oncorag-e-note-02449.txt
oncorag-e-0005,oncorag-e-note-02450,imaging_report,2020-11-18,en,notes/oncorag-e-0005/imaging_report/2020-11-18__oncorag-e-note-02450.txt
oncorag-e-0006,oncorag-e-note-02451,imaging_report,2026-04-27,en,notes/oncorag-e-0006/imaging_report/2026-04-27__oncorag-e-note-02451.txt
oncorag-e-0007,oncorag-e-note-02452,med_onc_note,2023-08-17,en,notes/oncorag-e-0007/med_onc_note/2023-08-17__oncorag-e-note-02452.txt
oncorag-e-0008,oncorag-e-note-02453,pathology_report,2022-01-19,en,notes/oncorag-e-0008/pathology_report/2022-01-19__oncorag-e-note-02453.txt
oncorag-e-0009,oncorag-e-note-02454,rad_onc_followup,2022-09-19,en,notes/oncorag-e-0009/rad_onc_followup/2022-09-19__oncorag-e-note-02454.txt
oncorag-e-0010,oncorag-e-note-02455,rad_onc_followup,2022-05-18,en,notes/oncorag-e-0010/rad_onc_followup/2022-05-18__oncorag-e-note-02455.txt
oncorag-e-0011,oncorag-e-note-02456,rad_onc_followup,2023-01-15,en,notes/oncorag-e-0011/rad_onc_followup/2023-01-15__oncorag-e-note-02456.txt
oncorag-e-0012,oncorag-e-note-02457,pathology_report,2020-10-31,en,notes/oncorag-e-0012/pathology_report/2020-10-31__oncorag-e-note-02457.txt
oncorag-e-0013,oncorag-e-note-02458,pathology_report,2024-08-08,en,notes/oncorag-e-0013/pathology_report/2024-08-08__oncorag-e-note-02458.txt
oncorag-e-0014,oncorag-e-note-02459,rad_onc_followup,2026-01-23,en,notes/oncorag-e-0014/rad_onc_followup/2026-01-23__oncorag-e-note-02459.txt
oncorag-e-0015,oncorag-e-note-02460,imaging_report,2022-12-04,en,notes/oncorag-e-0015/imaging_report/2022-12-04__oncorag-e-note-02460.txt
oncorag-e-0016,oncorag-e-note-02461,rad_onc_followup,2026-04-27,en,notes/oncorag-e-0016/rad_onc_followup/2026-04-27__oncorag-e-note-02461.txt
oncorag-e-0017,oncorag-e-note-02462,surgery_followup,2021-07-10,en,notes/oncorag-e-0017/surgery_followup/2021-07-10__oncorag-e-note-02462.txt
oncorag-e-0018,oncorag-e-note-02463,rad_onc_followup,2021-01-10,en,notes/oncorag-e-0018/rad_onc_followup/2021-01-10__oncorag-e-note-02463.txt
oncorag-e-0019,oncorag-e-note-02464,imaging_report,2026-06-26,en,notes/oncorag-e-0019/imaging_report/2026-06-26__oncorag-e-note-02464.txt
oncorag-e-0020,oncorag-e-note-02465,rad_onc_followup,2024-12-02,en,notes/oncorag-e-0020/rad_onc_followup/2024-12-02__oncorag-e-note-02465.txt
oncorag-e-0021,oncorag-e-note-02466,pathology_report,2021-11-02,en,notes/oncorag-e-0021/pathology_report/2021-11-02__oncorag-e-note-02466.txt
oncorag-e-0022,oncorag-e-note-02467,lab_report,2021-05-31,en,notes/oncorag-e-0022/lab_report/2021-05-31__oncorag-e-note-02467.txt
oncorag-e-0023,oncorag-e-note-02468,rad_onc_followup,2023-12-18,en,notes/oncorag-e-0023/rad_onc_followup/2023-12-18__oncorag-e-note-02468.txt
oncorag-e-0024,oncorag-e-note-02469,imaging_report,2024-05-27,en,notes/oncorag-e-0024/imaging_report/2024-05-27__oncorag-e-note-02469.txt
oncorag-e-0025,oncorag-e-note-02470,rad_onc_followup,2024-11-25,en,notes/oncorag-e-0025/rad_onc_followup/2024-11-25__oncorag-e-note-02470.txt
oncorag-e-0026,oncorag-e-note-02471,rad_onc_followup,2020-11-20,en,notes/oncorag-e-0026/rad_onc_followup/2020-11-20__oncorag-e-note-02471.txt
oncorag-e-0027,oncorag-e-note-02472,rad_onc_followup,2022-06-24,en,notes/oncorag-e-0027/rad_onc_followup/2022-06-24__oncorag-e-note-02472.txt
oncorag-e-0028,oncorag-e-note-02473,rad_onc_followup,2024-10-03,en,notes/oncorag-e-0028/rad_onc_followup/2024-10-03__oncorag-e-note-02473.txt
oncorag-e-0029,oncorag-e-note-02474,med_onc_note,2026-03-04,en,notes/oncorag-e-0029/med_onc_note/2026-03-04__oncorag-e-note-02474.txt
oncorag-e-0030,oncorag-e-note-02475,lab_report,2025-04-04,en,notes/oncorag-e-0030/lab_report/2025-04-04__oncorag-e-note-02475.txt
oncorag-e-0031,oncorag-e-note-02476,imaging_report,2020-08-31,en,notes/oncorag-e-0031/imaging_report/2020-08-31__oncorag-e-note-02476.txt
oncorag-e-0032,oncorag-e-note-02477,rad_onc_followup,2025-08-18,en,notes/oncorag-e-0032/rad_onc_followup/2025-08-18__oncorag-e-note-02477.txt
oncorag-e-0033,oncorag-e-note-02478,med_onc_note,2021-04-30,en,notes/oncorag-e-0033/med_onc_note/2021-04-30__oncorag-e-note-02478.txt
oncorag-e-0034,oncorag-e-note-02479,rad_onc_followup,2024-05-30,en,notes/oncorag-e-0034/rad_onc_followup/2024-05-30__oncorag-e-note-02479.txt
oncorag-e-0035,oncorag-e-note-02480,med_onc_note,2024-11-26,en,notes/oncorag-e-0035/med_onc_note/2024-11-26__oncorag-e-note-02480.txt
oncorag-e-0036,oncorag-e-note-02481,surgery_followup,2023-07-25,en,notes/oncorag-e-0036/surgery_followup/2023-07-25__oncorag-e-note-02481.txt
oncorag-e-0037,oncorag-e-note-02482,med_onc_note,2026-07-26,en,notes/oncorag-e-0037/med_onc_note/2026-07-26__oncorag-e-note-02482.txt
oncorag-e-0038,oncorag-e-note-02483,rad_onc_followup,2024-04-23,en,notes/oncorag-e-0038/rad_onc_followup/2024-04-23__oncorag-e-note-02483.txt
oncorag-e-0039,oncorag-e-note-02484,rad_onc_followup,2021-12-21,en,notes/oncorag-e-0039/rad_onc_followup/2021-12-21__oncorag-e-note-02484.txt
oncorag-e-0040,oncorag-e-note-02485,rad_onc_followup,2022-12-10,en,notes/oncorag-e-0040/rad_onc_followup/2022-12-10__oncorag-e-note-02485.txt
oncorag-e-0041,oncorag-e-note-02486,rad_onc_followup,2021-03-25,en,notes/oncorag-e-0041/rad_onc_followup/2021-03-25__oncorag-e-note-02486.txt
oncorag-e-0042,oncorag-e-note-02487,rad_onc_followup,2022-08-16,en,notes/oncorag-e-0042/rad_onc_followup/2022-08-16__oncorag-e-note-02487.txt
oncorag-e-0043,oncorag-e-note-02488,med_onc_note,2024-06-22,en,notes/oncorag-e-0043/med_onc_note/2024-06-22__oncorag-e-note-02488.txt
oncorag-e-0044,oncorag-e-note-02489,imaging_report,2023-01-21,en,notes/oncorag-e-0044/imaging_report/2023-01-21__oncorag-e-note-02489.txt
oncorag-e-0045,oncorag-e-note-02490,rad_onc_followup,2021-11-05,en,notes/oncorag-e-0045/rad_onc_followup/2021-11-05__oncorag-e-note-02490.txt
oncorag-e-0046,oncorag-e-note-02491,med_onc_note,2026-10-01,en,notes/oncorag-e-0046/med_onc_note/2026-10-01__oncorag-e-note-02491.txt
oncorag-e-0047,oncorag-e-note-02492,rad_onc_followup,2024-05-06,en,notes/oncorag-e-0047/rad_onc_followup/2024-05-06__oncorag-e-note-02492.txt
oncorag-e-0048,oncorag-e-note-02493,rad_onc_followup,2021-06-07,en,notes/oncorag-e-0048/rad_onc_followup/2021-06-07__oncorag-e-note-02493.txt
oncorag-e-0049,oncorag-e-note-02494,rad_onc_followup,2025-03-01,en,notes/oncorag-e-0049/rad_onc_followup/2025-03-01__oncorag-e-note-02494.txt
oncorag-e-0050,oncorag-e-note-02495,rad_onc_followup,2022-08-18,en,notes/oncorag-e-0050/rad_onc_followup/2022-08-18__oncorag-e-note-02495.txt
oncorag-e-0051,oncorag-e-note-02496,med_onc_note,2021-08-23,en,notes/oncorag-e-0051/med_onc_note/2021-08-23__oncorag-e-note-02496.txt
oncorag-e-0052,oncorag-e-note-02497,rad_onc_followup,2026-06-04,en,notes/oncorag-e-0052/rad_onc_followup/2026-06-04__oncorag-e-note-02497.txt
oncorag-e-0053,oncorag-e-note-02498,rad_onc_followup,2021-12-06,en,notes/oncorag-e-0053/rad_onc_followup/2021-12-06__oncorag-e-note-02498.txt
oncorag-e-0054,oncorag-e-note-02499,rad_onc_followup,2022-07-15,en,notes/oncorag-e-0054/rad_onc_followup/2022-07-15__oncorag-e-note-02499.txt
oncorag-e-0055,oncorag-e-note-02500,rad_onc_followup,2026-09-07,en,notes/oncorag-e-0055/rad_onc_followup/2026-09-07__oncorag-e-note-02500.txt
oncorag-e-0056,oncorag-e-note-02501,rad_onc_followup,2020-11-11,en,notes/oncorag-e-0056/rad_onc_followup/2020-11-11__oncorag-e-note-02501.txt
oncorag-e-0057,oncorag-e-note-02502,surgery_followup,2022-09-05,en,notes/oncorag-e-0057/surgery_followup/2022-09-05__oncorag-e-note-02502.txt
oncorag-e-0058,oncorag-e-note-02503,rad_onc_followup,2025-04-12,en,notes/oncorag-e-0058/rad_onc_followup/2025-04-12__oncorag-e-note-02503.txt
oncorag-e-0059,oncorag-e-note-02504,lab_report,2023-02-08,en,notes/oncorag-e-0059/lab_report/2023-02-08__oncorag-e-note-02504.txt
oncorag-e-0060,oncorag-e-note-02505,rad_onc_followup,2022-01-22,en,notes/oncorag-e-0060/rad_onc_followup/2022-01-22__oncorag-e-note-02505.txt
oncorag-e-0061,oncorag-e-note-02506,rad_onc_followup,2025-07-01,en,notes/oncorag-e-0061/rad_onc_followup/2025-07-01__oncorag-e-note-02506.txt
oncorag-e-0062,oncorag-e-note-02507,rad_onc_followup,2021-11-01,en,notes/oncorag-e-0062/rad_onc_followup/2021-11-01__oncorag-e-note-02507.txt
oncorag-e-0063,oncorag-e-note-02508,rad_onc_followup,2020-09-21,en,notes/oncorag-e-0063/rad_onc_followup/2020-09-21__oncorag-e-note-02508.txt
oncorag-e-0064,oncorag-e-note-02509,med_onc_note,2021-06-26,en,notes/oncorag-e-0064/med_onc_note/2021-06-26__oncorag-e-note-02509.txt
oncorag-e-0065,oncorag-e-note-02510,imaging_report,2022-03-31,en,notes/oncorag-e-0065/imaging_report/2022-03-31__oncorag-e-note-02510.txt
oncorag-e-0066,oncorag-e-note-02511,rad_onc_followup,2023-01-21,en,notes/oncorag-e-0066/rad_onc_followup/2023-01-21__oncorag-e-note-02511.txt
oncorag-e-0067,oncorag-e-note-02512,med_onc_note,2026-02-12,en,notes/oncorag-e-0067/med_onc_note/2026-02-12__oncorag-e-note-02512.txt
oncorag-e-0068,oncorag-e-note-02513,rad_onc_followup,2025-12-15,en,notes/oncorag-e-0068/rad_onc_followup/2025-12-15__oncorag-e-note-02513.txt
oncorag-e-0069,oncorag-e-note-02514,pathology_report,2021-02-28,en,notes/oncorag-e-0069/pathology_report/2021-02-28__oncorag-e-note-02514.txt
oncorag-e-0070,oncorag-e-note-02515,rad_onc_followup,2023-11-21,en,notes/oncorag-e-0070/rad_onc_followup/2023-11-21__oncorag-e-note-02515.txt
oncorag-e-0071,oncorag-e-note-02516,rad_onc_followup,2024-09-26,en,notes/oncorag-e-0071/rad_onc_followup/2024-09-26__oncorag-e-note-02516.txt
oncorag-e-0072,oncorag-e-note-02517,pathology_report,2022-05-05,en,notes/oncorag-e-0072/pathology_report/2022-05-05__oncorag-e-note-02517.txt
oncorag-e-0073,oncorag-e-note-02518,imaging_report,2021-04-24,en,notes/oncorag-e-0073/imaging_report/2021-04-24__oncorag-e-note-02518.txt
oncorag-e-0074,oncorag-e-note-02519,rad_onc_followup,2021-01-29,en,notes/oncorag-e-0074/rad_onc_followup/2021-01-29__oncorag-e-note-02519.txt
oncorag-e-0075,oncorag-e-note-02520,imaging_report,2023-03-11,en,notes/oncorag-e-0075/imaging_report/2023-03-11__oncorag-e-note-02520.txt
oncorag-e-0076,oncorag-e-note-02521,pathology_report,2026-01-17,en,notes/oncorag-e-0076/pathology_report/2026-01-17__oncorag-e-note-02521.txt
oncorag-e-0077,oncorag-e-note-02522,rad_onc_followup,2024-01-30,en,notes/oncorag-e-0077/rad_onc_followup/2024-01-30__oncorag-e-note-02522.txt
oncorag-e-0078,oncorag-e-note-02523,rad_onc_followup,2023-05-29,en,notes/oncorag-e-0078/rad_onc_followup/2023-05-29__oncorag-e-note-02523.txt
oncorag-e-0079,oncorag-e-note-02524,rad_onc_followup,2024-09-17,en,notes/oncorag-e-0079/rad_onc_followup/2024-09-17__oncorag-e-note-02524.txt
oncorag-e-0080,oncorag-e-note-02525,rad_onc_followup,2020-10-07,en,notes/oncorag-e-0080/rad_onc_followup/2020-10-07__oncorag-e-note-02525.txt
oncorag-e-0081,oncorag-e-note-02526,imaging_report,2020-09-27,en,notes/oncorag-e-0081/imaging_report/2020-09-27__oncorag-e-note-02526.txt
oncorag-e-0082,oncorag-e-note-02527,med_onc_note,2021-08-13,en,notes/oncorag-e-0082/med_onc_note/2021-08-13__oncorag-e-note-02527.txt
oncorag-e-0083,oncorag-e-note-02528,rad_onc_followup,2022-07-03,en,notes/oncorag-e-0083/rad_onc_followup/2022-07-03__oncorag-e-note-02528.txt
oncorag-e-0084,oncorag-e-note-02529,lab_report,2025-08-24,en,notes/oncorag-e-0084/lab_report/2025-08-24__oncorag-e-note-02529.txt
oncorag-e-0085,oncorag-e-note-02530,pathology_report,2025-11-24,en,notes/oncorag-e-0085/pathology_report/2025-11-24__oncorag-e-note-02530.txt
oncorag-e-0086,oncorag-e-note-02531,rad_onc_followup,2024-06-30,en,notes/oncorag-e-0086/rad_onc_followup/2024-06-30__oncorag-e-note-02531.txt
oncorag-e-0087,oncorag-e-note-02532,surgery_followup,2023-08-03,en,notes/oncorag-e-0087/surgery_followup/2023-08-03__oncorag-e-note-02532.txt
oncorag-e-0088,oncorag-e-note-02533,med_onc_note,2024-05-03,en,notes/oncorag-e-0088/med_onc_note/2024-05-03__oncorag-e-note-02533.txt
oncorag-e-0089,oncorag-e-note-02534,med_onc_note,2024-08-16,en,notes/oncorag-e-0089/med_onc_note/2024-08-16__oncorag-e-note-02534.txt
oncorag-e-0090,oncorag-e-note-02535,rad_onc_followup,2022-04-01,en,notes/oncorag-e-0090/rad_onc_followup/2022-04-01__oncorag-e-note-02535.txt
oncorag-e-0091,oncorag-e-note-02536,rad_onc_followup,2021-09-14,en,notes/oncorag-e-0091/rad_onc_followup/2021-09-14__oncorag-e-note-02536.txt
oncorag-e-0092,oncorag-e-note-02537,med_onc_note,2021-10-19,en,notes/oncorag-e-0092/med_onc_note/2021-10-19__oncorag-e-note-02537.txt
oncorag-e-0093,oncorag-e-note-02538,rad_onc_followup,2025-11-16,en,notes/oncorag-e-0093/rad_onc_followup/2025-11-16__oncorag-e-note-02538.txt
oncorag-e-0094,oncorag-e-note-02539,rad_onc_followup,2022-05-20,en,notes/oncorag-e-0094/rad_onc_followup/2022-05-20__oncorag-e-note-02539.txt
oncorag-e-0095,oncorag-e-note-02540,rad_onc_followup,2020-11-29,en,notes/oncorag-e-0095/rad_onc_followup/2020-11-29__oncorag-e-note-02540.txt
oncorag-e-0096,oncorag-e-note-02541,med_onc_note,2023-10-28,en,notes/oncorag-e-0096/med_onc_note/2023-10-28__oncorag-e-note-02541.txt
oncorag-e-0097,oncorag-e-note-02542,rad_onc_followup,2021-04-06,en,notes/oncorag-e-0097/rad_onc_followup/2021-04-06__oncorag-e-note-02542.txt
oncorag-e-0098,oncorag-e-note-02543,pathology_report,2021-07-28,en,notes/oncorag-e-0098/pathology_report/2021-07-28__oncorag-e-note-02543.txt
oncorag-e-0099,oncorag-e-note-02544,rad_onc_followup,2024-03-06,en,notes/oncorag-e-0099/rad_onc_followup/2024-03-06__oncorag-e-note-02544.txt
oncorag-e-0100,oncorag-e-note-02545,rad_onc_followup,2025-12-16,en,notes/oncorag-e-0100/rad_onc_followup/2025-12-16__oncorag-e-note-02545.txt
oncorag-e-0101,oncorag-e-note-02546,med_onc_note,2024-04-07,en,notes/oncorag-e-0101/med_onc_note/2024-04-07__oncorag-e-note-02546.txt
oncorag-e-0102,oncorag-e-note-02547,lab_report,2024-03-22,en,notes/oncorag-e-0102/lab_report/2024-03-22__oncorag-e-note-02547.txt
oncorag-e-0103,oncorag-e-note-02548,rad_onc_followup,2024-02-16,en,notes/oncorag-e-0103/rad_onc_followup/2024-02-16__oncorag-e-note-02548.txt
oncorag-e-0104,oncorag-e-note-02549,rad_onc_followup,2025-10-23,en,notes/oncorag-e-0104/rad_onc_followup/2025-10-23__oncorag-e-note-02549.txt
oncorag-e-0105,oncorag-e-note-02550,rad_onc_followup,2025-11-27,en,notes/oncorag-e-0105/rad_onc_followup/2025-11-27__oncorag-e-note-02550.txt
oncorag-e-0106,oncorag-e-note-02551,rad_onc_followup,2021-01-28,en,notes/oncorag-e-0106/rad_onc_followup/2021-01-28__oncorag-e-note-02551.txt
oncorag-e-0107,oncorag-e-note-02552,rad_onc_followup,2024-03-04,en,notes/oncorag-e-0107/rad_onc_followup/2024-03-04__oncorag-e-note-02552.txt
oncorag-e-0108,oncorag-e-note-02553,imaging_report,2022-10-01,en,notes/oncorag-e-0108/imaging_report/2022-10-01__oncorag-e-note-02553.txt
oncorag-e-0109,oncorag-e-note-02554,rad_onc_followup,2023-10-14,en,notes/oncorag-e-0109/rad_onc_followup/2023-10-14__oncorag-e-note-02554.txt
oncorag-e-0110,oncorag-e-note-02555,pathology_report,2023-07-18,en,notes/oncorag-e-0110/pathology_report/2023-07-18__oncorag-e-note-02555.txt
oncorag-e-0111,oncorag-e-note-02556,lab_report,2023-12-09,en,notes/oncorag-e-0111/lab_report/2023-12-09__oncorag-e-note-02556.txt
oncorag-e-0112,oncorag-e-note-02557,surgery_followup,2022-01-09,en,notes/oncorag-e-0112/surgery_followup/2022-01-09__oncorag-e-note-02557.txt
oncorag-e-0113,oncorag-e-note-02558,med_onc_note,2021-06-08,en,notes/oncorag-e-0113/med_onc_note/2021-06-08__oncorag-e-note-02558.txt
oncorag-e-0114,oncorag-e-note-02559,rad_onc_followup,2025-08-29,en,notes/oncorag-e-0114/rad_onc_followup/2025-08-29__oncorag-e-note-02559.txt
oncorag-e-0115,oncorag-e-note-02560,med_onc_note,2024-04-14,en,notes/oncorag-e-0115/med_onc_note/2024-04-14__oncorag-e-note-02560.txt
oncorag-e-0116,oncorag-e-note-02561,rad_onc_followup,2022-03-30,en,notes/oncorag-e-0116/rad_onc_followup/2022-03-30__oncorag-e-note-02561.txt
oncorag-e-0117,oncorag-e-note-02562,rad_onc_followup,2025-03-19,en,notes/oncorag-e-0117/rad_onc_followup/2025-03-19__oncorag-e-note-02562.txt
oncorag-e-0118,oncorag-e-note-02563,surgery_followup,2026-07-25,en,notes/oncorag-e-0118/surgery_followup/2026-07-25__oncorag-e-note-02563.txt
oncorag-e-0119,oncorag-e-note-02564,rad_onc_followup,2022-01-28,en,notes/oncorag-e-0119/rad_onc_followup/2022-01-28__oncorag-e-note-02564.txt
oncorag-e-0120,oncorag-e-note-02565,med_onc_note,2021-02-18,en,notes/oncorag-e-0120/med_onc_note/2021-02-18__oncorag-e-note-02565.txt
oncorag-e-0121,oncorag-e-note-02566,rad_onc_followup,2024-02-04,en,notes/oncorag-e-0121/rad_onc_followup/2024-02-04__oncorag-e-note-02566.txt
oncorag-e-0122,oncorag-e-note-02567,rad_onc_followup,2021-12-08,en,notes/oncorag-e-0122/rad_onc_followup/2021-12-08__oncorag-e-note-02567.txt
oncorag-e-0123,oncorag-e-note-02568,rad_onc_followup,2023-10-29,en,notes/oncorag-e-0123/rad_onc_followup/2023-10-29__oncorag-e-note-02568.txt
oncorag-e-0124,oncorag-e-note-02569,rad_onc_followup,2024-05-30,en,notes/oncorag-e-0124/rad_onc_followup/2024-05-30__oncorag-e-note-02569.txt
oncorag-e-0125,oncorag-e-note-02570,rad_onc_followup,2023-07-28,en,notes/oncorag-e-0125/rad_onc_followup/2023-07-28__oncorag-e-note-02570.txt
oncorag-e-0126,oncorag-e-note-02571,rad_onc_followup,2025-06-15,en,notes/oncorag-e-0126/rad_onc_followup/2025-06-15__oncorag-e-note-02571.txt
oncorag-e-0127,oncorag-e-note-02572,med_onc_note,2022-05-07,en,notes/oncorag-e-0127/med_onc_note/2022-05-07__oncorag-e-note-02572.txt
oncorag-e-0128,oncorag-e-note-02573,rad_onc_followup,2024-08-13,en,notes/oncorag-e-0128/rad_onc_followup/2024-08-13__oncorag-e-note-02573.txt
oncorag-e-0129,oncorag-e-note-02574,med_onc_note,2022-08-20,en,notes/oncorag-e-0129/med_onc_note/2022-08-20__oncorag-e-note-02574.txt
oncorag-e-0130,oncorag-e-note-02575,rad_onc_followup,2022-05-30,en,notes/oncorag-e-0130/rad_onc_followup/2022-05-30__oncorag-e-note-02575.txt
oncorag-e-0131,oncorag-e-note-02576,surgery_followup,2022-08-31,en,notes/oncorag-e-0131/surgery_followup/2022-08-31__oncorag-e-note-02576.txt
oncorag-e-0132,oncorag-e-note-02577,rad_onc_followup,2024-02-10,en,notes/oncorag-e-0132/rad_onc_followup/2024-02-10__oncorag-e-note-02577.txt
oncorag-e-0133,oncorag-e-note-02578,rad_onc_followup,2020-10-26,en,notes/oncorag-e-0133/rad_onc_followup/2020-10-26__oncorag-e-note-02578.txt
oncorag-e-0134,oncorag-e-note-02579,rad_onc_followup,2023-10-06,en,notes/oncorag-e-0134/rad_onc_followup/2023-10-06__oncorag-e-note-02579.txt
oncorag-e-0135,oncorag-e-note-02580,imaging_report,2023-05-28,en,notes/oncorag-e-0135/imaging_report/2023-05-28__oncorag-e-note-02580.txt
oncorag-e-0136,oncorag-e-note-02581,pathology_report,2025-12-25,en,notes/oncorag-e-0136/pathology_report/2025-12-25__oncorag-e-note-02581.txt
oncorag-e-0137,oncorag-e-note-02582,surgery_followup,2024-09-07,en,notes/oncorag-e-0137/surgery_followup/2024-09-07__oncorag-e-note-02582.txt
oncorag-e-0138,oncorag-e-note-02583,med_onc_note,2021-09-21,en,notes/oncorag-e-0138/med_onc_note/2021-09-21__oncorag-e-note-02583.txt
oncorag-e-0139,oncorag-e-note-02584,rad_onc_followup,2021-01-14,en,notes/oncorag-e-0139/rad_onc_followup/2021-01-14__oncorag-e-note-02584.txt
oncorag-e-0140,oncorag-e-note-02585,pathology_report,2021-06-11,en,notes/oncorag-e-0140/pathology_report/2021-06-11__oncorag-e-note-02585.txt
oncorag-e-0141,oncorag-e-note-02586,rad_onc_followup,2024-10-22,en,notes/oncorag-e-0141/rad_onc_followup/2024-10-22__oncorag-e-note-02586.txt
oncorag-e-0142,oncorag-e-note-02587,rad_onc_followup,2023-11-26,en,notes/oncorag-e-0142/rad_onc_followup/2023-11-26__oncorag-e-note-02587.txt
oncorag-e-0143,oncorag-e-note-02588,imaging_report,2026-03-31,en,notes/oncorag-e-0143/imaging_report/2026-03-31__oncorag-e-note-02588.txt
oncorag-e-0144,oncorag-e-note-02589,rad_onc_followup,2023-07-29,en,notes/oncorag-e-0144/rad_onc_followup/2023-07-29__oncorag-e-note-02589.txt
oncorag-e-0145,oncorag-e-note-02590,rad_onc_followup,2022-06-10,en,notes/oncorag-e-0145/rad_onc_followup/2022-06-10__oncorag-e-note-02590.txt
oncorag-e-0146,oncorag-e-note-02591,imaging_report,2023-12-18,en,notes/oncorag-e-0146/imaging_report/2023-12-18__oncorag-e-note-02591.txt
oncorag-e-0147,oncorag-e-note-02592,imaging_report,2026-04-11,en,notes/oncorag-e-0147/imaging_report/2026-04-11__oncorag-e-note-02592.txt
oncorag-e-0148,oncorag-e-note-02593,rad_onc_followup,2021-11-15,en,notes/oncorag-e-0148/rad_onc_followup/2021-11-15__oncorag-e-note-02593.txt
oncorag-e-0149,oncorag-e-note-02594,rad_onc_followup,2025-03-16,en,notes/oncorag-e-0149/rad_onc_followup/2025-03-16__oncorag-e-note-02594.txt
oncorag-e-0150,oncorag-e-note-02595,pathology_report,2021-08-03,en,notes/oncorag-e-0150/pathology_report/2021-08-03__oncorag-e-note-02595.txt
oncorag-e-0151,oncorag-e-note-02596,med_onc_note,2025-03-11,en,notes/oncorag-e-0151/med_onc_note/2025-03-11__oncorag-e-note-02596.txt
oncorag-e-0152,oncorag-e-note-02597,imaging_report,2021-12-31,en,notes/oncorag-e-0152/imaging_report/2021-12-31__oncorag-e-note-02597.txt
oncorag-e-0153,oncorag-e-note-02598,lab_report,2021-04-09,en,notes/oncorag-e-0153/lab_report/2021-04-09__oncorag-e-note-02598.txt
oncorag-e-0154,oncorag-e-note-02599,rad_onc_followup,2020-10-02,en,notes/oncorag-e-0154/rad_onc_followup/2020-10-02__oncorag-e-note-02599.txt
oncorag-e-0155,oncorag-e-note-02600,imaging_report,2022-04-26,en,notes/oncorag-e-0155/imaging_report/2022-04-26__oncorag-e-note-02600.txt
oncorag-e-0156,oncorag-e-note-02601,rad_onc_followup,2025-03-26,en,notes/oncorag-e-0156/rad_onc_followup/2025-03-26__oncorag-e-note-02601.txt
oncorag-e-0157,oncorag-e-note-02602,imaging_report,2025-01-18,en,notes/oncorag-e-0157/imaging_report/2025-01-18__oncorag-e-note-02602.txt
oncorag-e-0158,oncorag-e-note-02603,rad_onc_followup,2021-11-08,en,notes/oncorag-e-0158/rad_onc_followup/2021-11-08__oncorag-e-note-02603.txt
oncorag-e-0159,oncorag-e-note-02604,med_onc_note,2023-03-29,en,notes/oncorag-e-0159/med_onc_note/2023-03-29__oncorag-e-note-02604.txt
oncorag-e-0160,oncorag-e-note-02605,med_onc_note,2024-08-29,en,notes/oncorag-e-0160/med_onc_note/2024-08-29__oncorag-e-note-02605.txt
oncorag-e-0161,oncorag-e-note-02606,rad_onc_followup,2021-10-08,en,notes/oncorag-e-0161/rad_onc_followup/2021-10-08__oncorag-e-note-02606.txt
oncorag-e-0162,oncorag-e-note-02607,med_onc_note,2024-10-11,en,notes/oncorag-e-0162/med_onc_note/2024-10-11__oncorag-e-note-02607.txt
oncorag-e-0163,oncorag-e-note-02608,med_onc_note,2023-04-25,en,notes/oncorag-e-0163/med_onc_note/2023-04-25__oncorag-e-note-02608.txt
oncorag-e-0164,oncorag-e-note-02609,surgery_followup,2022-12-06,en,notes/oncorag-e-0164/surgery_followup/2022-12-06__oncorag-e-note-02609.txt
oncorag-e-0165,oncorag-e-note-02610,imaging_report,2022-10-26,en,notes/oncorag-e-0165/imaging_report/2022-10-26__oncorag-e-note-02610.txt
oncorag-e-0166,oncorag-e-note-02611,rad_onc_followup,2020-09-27,en,notes/oncorag-e-0166/rad_onc_followup/2020-09-27__oncorag-e-note-02611.txt
oncorag-e-0167,oncorag-e-note-02612,rad_onc_followup,2021-12-14,en,notes/oncorag-e-0167/rad_onc_followup/2021-12-14__oncorag-e-note-02612.txt
oncorag-e-0168,oncorag-e-note-02613,imaging_report,2021-08-04,en,notes/oncorag-e-0168/imaging_report/2021-08-04__oncorag-e-note-02613.txt
oncorag-e-0169,oncorag-e-note-02614,rad_onc_followup,2025-07-30,en,notes/oncorag-e-0169/rad_onc_followup/2025-07-30__oncorag-e-note-02614.txt
oncorag-e-0170,oncorag-e-note-02615,med_onc_note,2023-09-27,en,notes/oncorag-e-0170/med_onc_note/2023-09-27__oncorag-e-note-02615.txt
oncorag-e-0171,oncorag-e-note-02616,pathology_report,2023-11-07,en,notes/oncorag-e-0171/pathology_report/2023-11-07__oncorag-e-note-02616.txt
oncorag-e-0172,oncorag-e-note-02617,rad_onc_followup,2021-07-11,en,notes/oncorag-e-0172/rad_onc_followup/2021-07-11__oncorag-e-note-02617.txt
oncorag-e-0173,oncorag-e-note-02618,med_onc_note,2023-10-02,en,notes/oncorag-e-0173/med_onc_note/2023-10-02__oncorag-e-note-02618.txt
oncorag-e-0174,oncorag-e-note-02619,surgery_followup,2025-11-26,en,notes/oncorag-e-0174/surgery_followup/2025-11-26__oncorag-e-note-02619.txt
oncorag-e-0175,oncorag-e-note-02620,med_onc_note,2021-07-17,en,notes/oncorag-e-0175/med_onc_note/2021-07-17__oncorag-e-note-02620.txt
oncorag-e-0176,oncorag-e-note-02621,rad_onc_followup,2026-02-20,en,notes/oncorag-e-0176/rad_onc_followup/2026-02-20__oncorag-e-note-02621.txt
oncorag-e-0177,oncorag-e-note-02622,imaging_report,2023-01-06,en,notes/oncorag-e-0177/imaging_report/2023-01-06__oncorag-e-note-02622.txt
oncorag-e-0178,oncorag-e-note-02623,surgery_followup,2024-10-30,en,notes/oncorag-e-0178/surgery_followup/2024-10-30__oncorag-e-note-02623.txt
oncorag-e-0179,oncorag-e-note-02624,med_onc_note,2023-06-22,en,notes/oncorag-e-0179/med_onc_note/2023-06-22__oncorag-e-note-02624.txt
oncorag-e-0180,oncorag-e-note-02625,pathology_report,2023-03-01,en,notes/oncorag-e-0180/pathology_report/2023-03-01__oncorag-e-note-02625.txt
oncorag-e-0181,oncorag-e-note-02626,pathology_report,2024-05-11,en,notes/oncorag-e-0181/pathology_report/2024-05-11__oncorag-e-note-02626.txt
oncorag-e-0182,oncorag-e-note-02627,rad_onc_followup,2025-02-18,en,notes/oncorag-e-0182/rad_onc_followup/2025-02-18__oncorag-e-note-02627.txt
oncorag-e-0183,oncorag-e-note-02628,rad_onc_followup,2024-08-05,en,notes/oncorag-e-0183/rad_onc_followup/2024-08-05__oncorag-e-note-02628.txt
oncorag-e-0184,oncorag-e-note-02629,rad_onc_followup,2025-10-27,en,notes/oncorag-e-0184/rad_onc_followup/2025-10-27__oncorag-e-note-02629.txt
oncorag-e-0185,oncorag-e-note-02630,imaging_report,2022-07-08,en,notes/oncorag-e-0185/imaging_report/2022-07-08__oncorag-e-note-02630.txt
oncorag-e-0186,oncorag-e-note-02631,rad_onc_followup,2023-10-11,en,notes/oncorag-e-0186/rad_onc_followup/2023-10-11__oncorag-e-note-02631.txt
oncorag-e-0187,oncorag-e-note-02632,med_onc_note,2021-02-03,en,notes/oncorag-e-0187/med_onc_note/2021-02-03__oncorag-e-note-02632.txt
oncorag-e-0188,oncorag-e-note-02633,med_onc_note,2023-03-31,en,notes/oncorag-e-0188/med_onc_note/2023-03-31__oncorag-e-note-02633.txt
oncorag-e-0189,oncorag-e-note-02634,rad_onc_followup,2025-06-12,en,notes/oncorag-e-0189/rad_onc_followup/2025-06-12__oncorag-e-note-02634.txt
oncorag-e-0190,oncorag-e-note-02635,rad_onc_followup,2024-07-29,en,notes/oncorag-e-0190/rad_onc_followup/2024-07-29__oncorag-e-note-02635.txt
oncorag-e-0191,oncorag-e-note-02636,rad_onc_followup,2022-08-15,en,notes/oncorag-e-0191/rad_onc_followup/2022-08-15__oncorag-e-note-02636.txt
oncorag-e-0192,oncorag-e-note-02637,rad_onc_followup,2024-10-04,en,notes/oncorag-e-0192/rad_onc_followup/2024-10-04__oncorag-e-note-02637.txt
oncorag-e-0193,oncorag-e-note-02638,med_onc_note,2023-01-03,en,notes/oncorag-e-0193/med_onc_note/2023-01-03__oncorag-e-note-02638.txt
oncorag-e-0194,oncorag-e-note-02639,med_onc_note,2025-09-04,en,notes/oncorag-e-0194/med_onc_note/2025-09-04__oncorag-e-note-02639.txt
oncorag-e-0195,oncorag-e-note-02640,med_onc_note,2021-01-03,en,notes/oncorag-e-0195/med_onc_note/2021-01-03__oncorag-e-note-02640.txt
oncorag-e-0196,oncorag-e-note-02641,surgery_followup,2021-04-02,en,notes/oncorag-e-0196/surgery_followup/2021-04-02__oncorag-e-note-02641.txt
oncorag-e-0197,oncorag-e-note-02642,rad_onc_followup,2023-01-02,en,notes/oncorag-e-0197/rad_onc_followup/2023-01-02__oncorag-e-note-02642.txt
oncorag-e-0198,oncorag-e-note-02643,med_onc_note,2024-07-22,en,notes/oncorag-e-0198/med_onc_note/2024-07-22__oncorag-e-note-02643.txt
oncorag-e-0199,oncorag-e-note-02644,rad_onc_followup,2021-03-16,en,notes/oncorag-e-0199/rad_onc_followup/2021-03-16__oncorag-e-note-02644.txt
oncorag-e-0200,oncorag-e-note-02645,imaging_report,2024-07-02,en,notes/oncorag-e-0200/imaging_report/2024-07-02__oncorag-e-note-02645.txt
oncorag-e-0201,oncorag-e-note-02646,rad_onc_followup,2023-07-04,en,notes/oncorag-e-0201/rad_onc_followup/2023-07-04__oncorag-e-note-02646.txt
oncorag-e-0202,oncorag-e-note-02647,lab_report,2021-06-04,en,notes/oncorag-e-0202/lab_report/2021-06-04__oncorag-e-note-02647.txt
oncorag-e-0203,oncorag-e-note-02648,surgery_followup,2026-08-03,en,notes/oncorag-e-0203/surgery_followup/2026-08-03__oncorag-e-note-02648.txt
oncorag-e-0204,oncorag-e-note-02649,rad_onc_followup,2025-03-25,en,notes/oncorag-e-0204/rad_onc_followup/2025-03-25__oncorag-e-note-02649.txt
oncorag-e-0205,oncorag-e-note-02650,rad_onc_followup,2023-10-03,en,notes/oncorag-e-0205/rad_onc_followup/2023-10-03__oncorag-e-note-02650.txt
oncorag-e-0206,oncorag-e-note-02651,pathology_report,2025-08-17,en,notes/oncorag-e-0206/pathology_report/2025-08-17__oncorag-e-note-02651.txt
oncorag-e-0207,oncorag-e-note-02652,rad_onc_followup,2025-01-19,en,notes/oncorag-e-0207/rad_onc_followup/2025-01-19__oncorag-e-note-02652.txt
oncorag-e-0208,oncorag-e-note-02653,rad_onc_followup,2025-08-26,en,notes/oncorag-e-0208/rad_onc_followup/2025-08-26__oncorag-e-note-02653.txt
oncorag-e-0209,oncorag-e-note-02654,pathology_report,2025-07-18,en,notes/oncorag-e-0209/pathology_report/2025-07-18__oncorag-e-note-02654.txt
oncorag-e-0210,oncorag-e-note-02655,med_onc_note,2023-06-06,en,notes/oncorag-e-0210/med_onc_note/2023-06-06__oncorag-e-note-02655.txt
oncorag-e-0211,oncorag-e-note-02656,rad_onc_followup,2020-10-04,en,notes/oncorag-e-0211/rad_onc_followup/2020-10-04__oncorag-e-note-02656.txt
oncorag-e-0212,oncorag-e-note-02657,med_onc_note,2026-06-10,en,notes/oncorag-e-0212/med_onc_note/2026-06-10__oncorag-e-note-02657.txt
oncorag-e-0213,oncorag-e-note-02658,rad_onc_followup,2023-09-29,en,notes/oncorag-e-0213/rad_onc_followup/2023-09-29__oncorag-e-note-02658.txt
oncorag-e-0214,oncorag-e-note-02659,rad_onc_followup,2025-07-13,en,notes/oncorag-e-0214/rad_onc_followup/2025-07-13__oncorag-e-note-02659.txt
oncorag-e-0215,oncorag-e-note-02660,rad_onc_followup,2025-07-14,en,notes/oncorag-e-0215/rad_onc_followup/2025-07-14__oncorag-e-note-02660.txt
oncorag-e-0216,oncorag-e-note-02661,rad_onc_followup,2023-09-25,en,notes/oncorag-e-0216/rad_onc_followup/2023-09-25__oncorag-e-note-02661.txt
oncorag-e-0217,oncorag-e-note-02662,rad_onc_followup,2024-08-02,en,notes/oncorag-e-0217/rad_onc_followup/2024-08-02__oncorag-e-note-02662.txt
oncorag-e-0218,oncorag-e-note-02663,med_onc_note,2025-12-11,en,notes/oncorag-e-0218/med_onc_note/2025-12-11__oncorag-e-note-02663.txt
oncorag-e-0219,oncorag-e-note-02664,med_onc_note,2026-03-02,en,notes/oncorag-e-0219/med_onc_note/2026-03-02__oncorag-e-note-02664.txt
oncorag-e-0220,oncorag-e-note-02665,rad_onc_followup,2021-09-29,en,notes/oncorag-e-0220/rad_onc_followup/2021-09-29__oncorag-e-note-02665.txt
oncorag-e-0221,oncorag-e-note-02666,imaging_report,2022-03-11,en,notes/oncorag-e-0221/imaging_report/2022-03-11__oncorag-e-note-02666.txt
oncorag-e-0222,oncorag-e-note-02667,med_onc_note,2021-05-27,en,notes/oncorag-e-0222/med_onc_note/2021-05-27__oncorag-e-note-02667.txt
oncorag-e-0223,oncorag-e-note-02668,imaging_report,2022-02-21,en,notes/oncorag-e-0223/imaging_report/2022-02-21__oncorag-e-note-02668.txt
oncorag-e-0224,oncorag-e-note-02669,pathology_report,2021-02-11,en,notes/oncorag-e-0224/pathology_report/2021-02-11__oncorag-e-note-02669.txt
oncorag-e-0225,oncorag-e-note-02670,imaging_report,2026-02-23,en,notes/oncorag-e-0225/imaging_report/2026-02-23__oncorag-e-note-02670.txt
oncorag-e-0226,oncorag-e-note-02671,med_onc_note,2022-02-01,en,notes/oncorag-e-0226/med_onc_note/2022-02-01__oncorag-e-note-02671.txt
oncorag-e-0227,oncorag-e-note-02672,rad_onc_followup,2024-01-17,en,notes/oncorag-e-0227/rad_onc_followup/2024-01-17__oncorag-e-note-02672.txt
oncorag-e-0228,oncorag-e-note-02673,med_onc_note,2026-09-20,en,notes/oncorag-e-0228/med_onc_note/2026-09-20__oncorag-e-note-02673.txt
oncorag-e-0229,oncorag-e-note-02674,rad_onc_followup,2024-09-17,en,notes/oncorag-e-0229/rad_onc_followup/2024-09-17__oncorag-e-note-02674.txt
oncorag-e-0230,oncorag-e-note-02675,med_onc_note,2021-04-17,en,notes/oncorag-e-0230/med_onc_note/2021-04-17__oncorag-e-note-02675.txt
oncorag-e-0231,oncorag-e-note-02676,rad_onc_followup,2026-01-06,en,notes/oncorag-e-0231/rad_onc_followup/2026-01-06__oncorag-e-note-02676.txt
oncorag-e-0232,oncorag-e-note-02677,rad_onc_followup,2021-04-22,en,notes/oncorag-e-0232/rad_onc_followup/2021-04-22__oncorag-e-note-02677.txt
oncorag-e-0233,oncorag-e-note-02678,surgery_followup,2023-01-13,en,notes/oncorag-e-0233/surgery_followup/2023-01-13__oncorag-e-note-02678.txt
oncorag-e-0234,oncorag-e-note-02679,surgery_followup,2022-07-14,en,notes/oncorag-e-0234/surgery_followup/2022-07-14__oncorag-e-note-02679.txt
oncorag-e-0235,oncorag-e-note-02680,imaging_report,2025-08-10,en,notes/oncorag-e-0235/imaging_report/2025-08-10__oncorag-e-note-02680.txt
oncorag-e-0236,oncorag-e-note-02681,med_onc_note,2021-03-29,en,notes/oncorag-e-0236/med_onc_note/2021-03-29__oncorag-e-note-02681.txt
oncorag-e-0237,oncorag-e-note-02682,rad_onc_followup,2025-11-11,en,notes/oncorag-e-0237/rad_onc_followup/2025-11-11__oncorag-e-note-02682.txt
oncorag-e-0238,oncorag-e-note-02683,rad_onc_followup,2024-07-29,en,notes/oncorag-e-0238/rad_onc_followup/2024-07-29__oncorag-e-note-02683.txt
oncorag-e-0239,oncorag-e-note-02684,rad_onc_followup,2023-02-01,en,notes/oncorag-e-0239/rad_onc_followup/2023-02-01__oncorag-e-note-02684.txt
oncorag-e-0240,oncorag-e-note-02685,rad_onc_followup,2026-04-04,en,notes/oncorag-e-0240/rad_onc_followup/2026-04-04__oncorag-e-note-02685.txt
oncorag-e-0241,oncorag-e-note-02686,imaging_report,2026-07-01,en,notes/oncorag-e-0241/imaging_report/2026-07-01__oncorag-e-note-02686.txt
oncorag-e-0242,oncorag-e-note-02687,rad_onc_followup,2023-06-01,en,notes/oncorag-e-0242/rad_onc_followup/2023-06-01__oncorag-e-note-02687.txt
oncorag-e-0243,oncorag-e-note-02688,rad_onc_followup,2023-01-31,en,notes/oncorag-e-0243/rad_onc_followup/2023-01-31__oncorag-e-note-02688.txt
oncorag-e-0244,oncorag-e-note-02689,med_onc_note,2022-11-09,en,notes/oncorag-e-0244/med_onc_note/2022-11-09__oncorag-e-note-02689.txt
oncorag-e-0245,oncorag-e-note-02690,rad_onc_followup,2023-06-15,en,notes/oncorag-e-0245/rad_onc_followup/2023-06-15__oncorag-e-note-02690.txt
oncorag-e-0246,oncorag-e-note-02691,rad_onc_followup,2026-05-25,en,notes/oncorag-e-0246/rad_onc_followup/2026-05-25__oncorag-e-note-02691.txt
oncorag-e-0247,oncorag-e-note-02692,rad_onc_followup,2026-01-21,en,notes/oncorag-e-0247/rad_onc_followup/2026-01-21__oncorag-e-note-02692.txt
oncorag-e-0248,oncorag-e-note-02693,imaging_report,2022-04-05,en,notes/oncorag-e-0248/imaging_report/2022-04-05__oncorag-e-note-02693.txt
oncorag-e-0249,oncorag-e-note-02694,rad_onc_followup,2023-10-01,en,notes/oncorag-e-0249/rad_onc_followup/2023-10-01__oncorag-e-note-02694.txt
oncorag-e-0250,oncorag-e-note-02695,lab_report,2022-11-15,en,notes/oncorag-e-0250/lab_report/2022-11-15__oncorag-e-note-02695.txt
oncorag-e-0251,oncorag-e-note-02696,med_onc_note,2025-12-01,en,notes/oncorag-e-0251/med_onc_note/2025-12-01__oncorag-e-note-02696.txt
oncorag-e-0252,oncorag-e-note-02697,imaging_report,2024-12-04,en,notes/oncorag-e-0252/imaging_report/2024-12-04__oncorag-e-note-02697.txt
oncorag-e-0253,oncorag-e-note-02698,rad_onc_followup,2023-07-06,en,notes/oncorag-e-0253/rad_onc_followup/2023-07-06__oncorag-e-note-02698.txt
oncorag-e-0254,oncorag-e-note-02699,rad_onc_followup,2024-03-22,en,notes/oncorag-e-0254/rad_onc_followup/2024-03-22__oncorag-e-note-02699.txt
oncorag-e-0255,oncorag-e-note-02700,rad_onc_followup,2023-11-29,en,notes/oncorag-e-0255/rad_onc_followup/2023-11-29__oncorag-e-note-02700.txt
oncorag-e-0256,oncorag-e-note-02701,lab_report,2024-03-11,en,notes/oncorag-e-0256/lab_report/2024-03-11__oncorag-e-note-02701.txt
oncorag-e-0257,oncorag-e-note-02702,imaging_report,2021-08-27,en,notes/oncorag-e-0257/imaging_report/2021-08-27__oncorag-e-note-02702.txt
oncorag-e-0258,oncorag-e-note-02703,rad_onc_followup,2020-11-20,en,notes/oncorag-e-0258/rad_onc_followup/2020-11-20__oncorag-e-note-02703.txt
oncorag-e-0259,oncorag-e-note-02704,imaging_report,2021-12-14,en,notes/oncorag-e-0259/imaging_report/2021-12-14__oncorag-e-note-02704.txt
oncorag-e-0260,oncorag-e-note-02705,rad_onc_followup,2024-07-02,en,notes/oncorag-e-0260/rad_onc_followup/2024-07-02__oncorag-e-note-02705.txt
oncorag-e-0261,oncorag-e-note-02706,rad_onc_followup,2022-12-23,en,notes/oncorag-e-0261/rad_onc_followup/2022-12-23__oncorag-e-note-02706.txt
oncorag-e-0262,oncorag-e-note-02707,rad_onc_followup,2025-01-10,en,notes/oncorag-e-0262/rad_onc_followup/2025-01-10__oncorag-e-note-02707.txt
oncorag-e-0263,oncorag-e-note-02708,rad_onc_followup,2025-04-01,en,notes/oncorag-e-0263/rad_onc_followup/2025-04-01__oncorag-e-note-02708.txt
oncorag-e-0264,oncorag-e-note-02709,rad_onc_followup,2024-02-21,en,notes/oncorag-e-0264/rad_onc_followup/2024-02-21__oncorag-e-note-02709.txt
oncorag-e-0265,oncorag-e-note-02710,rad_onc_followup,2025-05-25,en,notes/oncorag-e-0265/rad_onc_followup/2025-05-25__oncorag-e-note-02710.txt
oncorag-e-0266,oncorag-e-note-02711,pathology_report,2022-05-02,en,notes/oncorag-e-0266/pathology_report/2022-05-02__oncorag-e-note-02711.txt
oncorag-e-0267,oncorag-e-note-02712,imaging_report,2021-12-08,en,notes/oncorag-e-0267/imaging_report/2021-12-08__oncorag-e-note-02712.txt
oncorag-e-0268,oncorag-e-note-02713,rad_onc_followup,2024-06-16,en,notes/oncorag-e-0268/rad_onc_followup/2024-06-16__oncorag-e-note-02713.txt
oncorag-e-0269,oncorag-e-note-02714,imaging_report,2021-11-24,en,notes/oncorag-e-0269/imaging_report/2021-11-24__oncorag-e-note-02714.txt
oncorag-e-0270,oncorag-e-note-02715,pathology_report,2022-09-19,en,notes/oncorag-e-0270/pathology_report/2022-09-19__oncorag-e-note-02715.txt
oncorag-e-0271,oncorag-e-note-02716,rad_onc_followup,2022-11-23,en,notes/oncorag-e-0271/rad_onc_followup/2022-11-23__oncorag-e-note-02716.txt
oncorag-e-0272,oncorag-e-note-02717,rad_onc_followup,2022-12-06,en,notes/oncorag-e-0272/rad_onc_followup/2022-12-06__oncorag-e-note-02717.txt
oncorag-e-0273,oncorag-e-note-02718,rad_onc_followup,2024-05-20,en,notes/oncorag-e-0273/rad_onc_followup/2024-05-20__oncorag-e-note-02718.txt
oncorag-e-0274,oncorag-e-note-02719,rad_onc_followup,2026-09-15,en,notes/oncorag-e-0274/rad_onc_followup/2026-09-15__oncorag-e-note-02719.txt
oncorag-e-0275,oncorag-e-note-02720,rad_onc_followup,2022-12-10,en,notes/oncorag-e-0275/rad_onc_followup/2022-12-10__oncorag-e-note-02720.txt
oncorag-e-0276,oncorag-e-note-02721,rad_onc_followup,2022-02-20,en,notes/oncorag-e-0276/rad_onc_followup/2022-02-20__oncorag-e-note-02721.txt
oncorag-e-0277,oncorag-e-note-02722,med_onc_note,2024-10-16,en,notes/oncorag-e-0277/med_onc_note/2024-10-16__oncorag-e-note-02722.txt
oncorag-e-0278,oncorag-e-note-02723,imaging_report,2024-08-24,en,notes/oncorag-e-0278/imaging_report/2024-08-24__oncorag-e-note-02723.txt
oncorag-e-0279,oncorag-e-note-02724,med_onc_note,2026-05-07,en,notes/oncorag-e-0279/med_onc_note/2026-05-07__oncorag-e-note-02724.txt
oncorag-e-0280,oncorag-e-note-02725,rad_onc_followup,2023-03-23,en,notes/oncorag-e-0280/rad_onc_followup/2023-03-23__oncorag-e-note-02725.txt
oncorag-e-0281,oncorag-e-note-02726,imaging_report,2025-08-05,en,notes/oncorag-e-0281/imaging_report/2025-08-05__oncorag-e-note-02726.txt
oncorag-e-0282,oncorag-e-note-02727,med_onc_note,2021-04-13,en,notes/oncorag-e-0282/med_onc_note/2021-04-13__oncorag-e-note-02727.txt
oncorag-e-0283,oncorag-e-note-02728,rad_onc_followup,2021-10-12,en,notes/oncorag-e-0283/rad_onc_followup/2021-10-12__oncorag-e-note-02728.txt
oncorag-e-0284,oncorag-e-note-02729,rad_onc_followup,2023-01-22,en,notes/oncorag-e-0284/rad_onc_followup/2023-01-22__oncorag-e-note-02729.txt
oncorag-e-0285,oncorag-e-note-02730,med_onc_note,2021-11-09,en,notes/oncorag-e-0285/med_onc_note/2021-11-09__oncorag-e-note-02730.txt
oncorag-e-0286,oncorag-e-note-02731,rad_onc_followup,2021-04-16,en,notes/oncorag-e-0286/rad_onc_followup/2021-04-16__oncorag-e-note-02731.txt
oncorag-e-0287,oncorag-e-note-02732,med_onc_note,2026-01-03,en,notes/oncorag-e-0287/med_onc_note/2026-01-03__oncorag-e-note-02732.txt
oncorag-e-0288,oncorag-e-note-02733,rad_onc_followup,2022-03-04,en,notes/oncorag-e-0288/rad_onc_followup/2022-03-04__oncorag-e-note-02733.txt
oncorag-e-0289,oncorag-e-note-02734,rad_onc_followup,2021-02-28,en,notes/oncorag-e-0289/rad_onc_followup/2021-02-28__oncorag-e-note-02734.txt
oncorag-e-0290,oncorag-e-note-02735,lab_report,2025-03-02,en,notes/oncorag-e-0290/lab_report/2025-03-02__oncorag-e-note-02735.txt
oncorag-e-0291,oncorag-e-note-02736,rad_onc_followup,2021-09-16,en,notes/oncorag-e-0291/rad_onc_followup/2021-09-16__oncorag-e-note-02736.txt
oncorag-e-0292,oncorag-e-note-02737,imaging_report,2021-04-05,en,notes/oncorag-e-0292/imaging_report/2021-04-05__oncorag-e-note-02737.txt
oncorag-e-0293,oncorag-e-note-02738,rad_onc_followup,2023-10-12,en,notes/oncorag-e-0293/rad_onc_followup/2023-10-12__oncorag-e-note-02738.txt
oncorag-e-0294,oncorag-e-note-02739,rad_onc_followup,2023-07-18,en,notes/oncorag-e-0294/rad_onc_followup/2023-07-18__oncorag-e-note-02739.txt
oncorag-e-0295,oncorag-e-note-02740,med_onc_note,2025-12-25,en,notes/oncorag-e-0295/med_onc_note/2025-12-25__oncorag-e-note-02740.txt
oncorag-e-0296,oncorag-e-note-02741,rad_onc_followup,2020-07-24,en,notes/oncorag-e-0296/rad_onc_followup/2020-07-24__oncorag-e-note-02741.txt
oncorag-e-0297,oncorag-e-note-02742,lab_report,2024-09-14,en,notes/oncorag-e-0297/lab_report/2024-09-14__oncorag-e-note-02742.txt
oncorag-e-0298,oncorag-e-note-02743,rad_onc_followup,2025-01-26,en,notes/oncorag-e-0298/rad_onc_followup/2025-01-26__oncorag-e-note-02743.txt
oncorag-e-0299,oncorag-e-note-02744,rad_onc_followup,2026-07-22,en,notes/oncorag-e-0299/rad_onc_followup/2026-07-22__oncorag-e-note-02744.txt
oncorag-e-0300,oncorag-e-note-02745,rad_onc_followup,2025-02-27,en,notes/oncorag-e-0300/rad_onc_followup/2025-02-27__oncorag-e-note-02745.txt
oncorag-e-0301,oncorag-e-note-02746,rad_onc_followup,2023-03-12,en,notes/oncorag-e-0301/rad_onc_followup/2023-03-12__oncorag-e-note-02746.txt
oncorag-e-0302,oncorag-e-note-02747,med_onc_note,2023-01-25,en,notes/oncorag-e-0302/med_onc_note/2023-01-25__oncorag-e-note-02747.txt
oncorag-e-0303,oncorag-e-note-02748,lab_report,2021-12-30,en,notes/oncorag-e-0303/lab_report/2021-12-30__oncorag-e-note-02748.txt
oncorag-e-0304,oncorag-e-note-02749,med_onc_note,2025-11-26,en,notes/oncorag-e-0304/med_onc_note/2025-11-26__oncorag-e-note-02749.txt
oncorag-e-0305,oncorag-e-note-02750,rad_onc_followup,2022-04-30,en,notes/oncorag-e-0305/rad_onc_followup/2022-04-30__oncorag-e-note-02750.txt
oncorag-e-0306,oncorag-e-note-02751,med_onc_note,2023-01-01,en,notes/oncorag-e-0306/med_onc_note/2023-01-01__oncorag-e-note-02751.txt
oncorag-e-0307,oncorag-e-note-02752,rad_onc_followup,2022-07-14,en,notes/oncorag-e-0307/rad_onc_followup/2022-07-14__oncorag-e-note-02752.txt
oncorag-e-0308,oncorag-e-note-02753,rad_onc_followup,2024-06-25,en,notes/oncorag-e-0308/rad_onc_followup/2024-06-25__oncorag-e-note-02753.txt
oncorag-e-0309,oncorag-e-note-02754,imaging_report,2025-06-23,en,notes/oncorag-e-0309/imaging_report/2025-06-23__oncorag-e-note-02754.txt
oncorag-e-0310,oncorag-e-note-02755,med_onc_note,2023-11-09,en,notes/oncorag-e-0310/med_onc_note/2023-11-09__oncorag-e-note-02755.txt
oncorag-e-0311,oncorag-e-note-02756,imaging_report,2021-11-15,en,notes/oncorag-e-0311/imaging_report/2021-11-15__oncorag-e-note-02756.txt
oncorag-e-0312,oncorag-e-note-02757,rad_onc_followup,2020-08-26,en,notes/oncorag-e-0312/rad_onc_followup/2020-08-26__oncorag-e-note-02757.txt
oncorag-e-0313,oncorag-e-note-02758,med_onc_note,2024-05-15,en,notes/oncorag-e-0313/med_onc_note/2024-05-15__oncorag-e-note-02758.txt
oncorag-e-0314,oncorag-e-note-02759,rad_onc_followup,2023-03-05,en,notes/oncorag-e-0314/rad_onc_followup/2023-03-05__oncorag-e-note-02759.txt
oncorag-e-0315,oncorag-e-note-02760,lab_report,2024-04-23,en,notes/oncorag-e-0315/lab_report/2024-04-23__oncorag-e-note-02760.txt
oncorag-e-0316,oncorag-e-note-02761,med_onc_note,2026-08-18,en,notes/oncorag-e-0316/med_onc_note/2026-08-18__oncorag-e-note-02761.txt
oncorag-e-0317,oncorag-e-note-02762,rad_onc_followup,2024-04-27,en,notes/oncorag-e-0317/rad_onc_followup/2024-04-27__oncorag-e-note-02762.txt
oncorag-e-0318,oncorag-e-note-02763,surgery_followup,2021-10-14,en,notes/oncorag-e-0318/surgery_followup/2021-10-14__oncorag-e-note-02763.txt
oncorag-e-0319,oncorag-e-note-02764,rad_onc_followup,2023-10-03,en,notes/oncorag-e-0319/rad_onc_followup/2023-10-03__oncorag-e-note-02764.txt
oncorag-e-0320,oncorag-e-note-02765,rad_onc_followup,2022-04-04,en,notes/oncorag-e-0320/rad_onc_followup/2022-04-04__oncorag-e-note-02765.txt
oncorag-e-0321,oncorag-e-note-02766,rad_onc_followup,2022-02-09,en,notes/oncorag-e-0321/rad_onc_followup/2022-02-09__oncorag-e-note-02766.txt
oncorag-e-0322,oncorag-e-note-02767,rad_onc_followup,2020-10-06,en,notes/oncorag-e-0322/rad_onc_followup/2020-10-06__oncorag-e-note-02767.txt
oncorag-e-0323,oncorag-e-note-02768,med_onc_note,2020-10-25,en,notes/oncorag-e-0323/med_onc_note/2020-10-25__oncorag-e-note-02768.txt
oncorag-e-0324,oncorag-e-note-02769,rad_onc_followup,2021-05-17,en,notes/oncorag-e-0324/rad_onc_followup/2021-05-17__oncorag-e-note-02769.txt
oncorag-e-0325,oncorag-e-note-02770,rad_onc_followup,2024-02-15,en,notes/oncorag-e-0325/rad_onc_followup/2024-02-15__oncorag-e-note-02770.txt
oncorag-e-0326,oncorag-e-note-02771,rad_onc_followup,2026-04-17,en,notes/oncorag-e-0326/rad_onc_followup/2026-04-17__oncorag-e-note-02771.txt
oncorag-e-0327,oncorag-e-note-02772,rad_onc_followup,2026-06-24,en,notes/oncorag-e-0327/rad_onc_followup/2026-06-24__oncorag-e-note-02772.txt
oncorag-e-0328,oncorag-e-note-02773,rad_onc_followup,2021-10-11,en,notes/oncorag-e-0328/rad_onc_followup/2021-10-11__oncorag-e-note-02773.txt
oncorag-e-0329,oncorag-e-note-02774,rad_onc_followup,2024-11-19,en,notes/oncorag-e-0329/rad_onc_followup/2024-11-19__oncorag-e-note-02774.txt
oncorag-e-0330,oncorag-e-note-02775,imaging_report,2022-11-03,en,notes/oncorag-e-0330/imaging_report/2022-11-03__oncorag-e-note-02775.txt
oncorag-e-0331,oncorag-e-note-02776,rad_onc_followup,2021-12-01,en,notes/oncorag-e-0331/rad_onc_followup/2021-12-01__oncorag-e-note-02776.txt
oncorag-e-0332,oncorag-e-note-02777,med_onc_note,2025-01-04,en,notes/oncorag-e-0332/med_onc_note/2025-01-04__oncorag-e-note-02777.txt
oncorag-e-0333,oncorag-e-note-02778,rad_onc_followup,2021-02-02,en,notes/oncorag-e-0333/rad_onc_followup/2021-02-02__oncorag-e-note-02778.txt
oncorag-e-0334,oncorag-e-note-02779,imaging_report,2021-01-14,en,notes/oncorag-e-0334/imaging_report/2021-01-14__oncorag-e-note-02779.txt
oncorag-e-0335,oncorag-e-note-02780,rad_onc_followup,2024-02-05,en,notes/oncorag-e-0335/rad_onc_followup/2024-02-05__oncorag-e-note-02780.txt
oncorag-e-0336,oncorag-e-note-02781,rad_onc_followup,2022-05-12,en,notes/oncorag-e-0336/rad_onc_followup/2022-05-12__oncorag-e-note-02781.txt
oncorag-e-0337,oncorag-e-note-02782,rad_onc_followup,2022-01-19,en,notes/oncorag-e-0337/rad_onc_followup/2022-01-19__oncorag-e-note-02782.txt
oncorag-e-0338,oncorag-e-note-02783,med_onc_note,2025-01-19,en,notes/oncorag-e-0338/med_onc_note/2025-01-19__oncorag-e-note-02783.txt
oncorag-e-0339,oncorag-e-note-02784,med_onc_note,2021-08-02,en,notes/oncorag-e-0339/med_onc_note/2021-08-02__oncorag-e-note-02784.txt
oncorag-e-0340,oncorag-e-note-02785,rad_onc_followup,2021-07-27,en,notes/oncorag-e-0340/rad_onc_followup/2021-07-27__oncorag-e-note-02785.txt
oncorag-e-0341,oncorag-e-note-02786,rad_onc_followup,2021-06-02,en,notes/oncorag-e-0341/rad_onc_followup/2021-06-02__oncorag-e-note-02786.txt
oncorag-e-0342,oncorag-e-note-02787,rad_onc_followup,2026-08-04,en,notes/oncorag-e-0342/rad_onc_followup/2026-08-04__oncorag-e-note-02787.txt
oncorag-e-0343,oncorag-e-note-02788,pathology_report,2023-03-09,en,notes/oncorag-e-0343/pathology_report/2023-03-09__oncorag-e-note-02788.txt
oncorag-e-0344,oncorag-e-note-02789,med_onc_note,2021-04-10,en,notes/oncorag-e-0344/med_onc_note/2021-04-10__oncorag-e-note-02789.txt
oncorag-e-0345,oncorag-e-note-02790,med_onc_note,2023-11-03,en,notes/oncorag-e-0345/med_onc_note/2023-11-03__oncorag-e-note-02790.txt
oncorag-e-0346,oncorag-e-note-02791,rad_onc_followup,2021-07-05,en,notes/oncorag-e-0346/rad_onc_followup/2021-07-05__oncorag-e-note-02791.txt
oncorag-e-0347,oncorag-e-note-02792,rad_onc_followup,2022-12-02,en,notes/oncorag-e-0347/rad_onc_followup/2022-12-02__oncorag-e-note-02792.txt
oncorag-e-0348,oncorag-e-note-02793,imaging_report,2026-01-24,en,notes/oncorag-e-0348/imaging_report/2026-01-24__oncorag-e-note-02793.txt
oncorag-e-0349,oncorag-e-note-02794,med_onc_note,2026-05-12,en,notes/oncorag-e-0349/med_onc_note/2026-05-12__oncorag-e-note-02794.txt
oncorag-e-0350,oncorag-e-note-02795,med_onc_note,2023-10-05,en,notes/oncorag-e-0350/med_onc_note/2023-10-05__oncorag-e-note-02795.txt
oncorag-e-0351,oncorag-e-note-02796,imaging_report,2023-07-08,en,notes/oncorag-e-0351/imaging_report/2023-07-08__oncorag-e-note-02796.txt
oncorag-e-0352,oncorag-e-note-02797,rad_onc_followup,2021-11-18,en,notes/oncorag-e-0352/rad_onc_followup/2021-11-18__oncorag-e-note-02797.txt
oncorag-e-0353,oncorag-e-note-02798,med_onc_note,2021-04-05,en,notes/oncorag-e-0353/med_onc_note/2021-04-05__oncorag-e-note-02798.txt
oncorag-e-0354,oncorag-e-note-02799,rad_onc_followup,2023-09-07,en,notes/oncorag-e-0354/rad_onc_followup/2023-09-07__oncorag-e-note-02799.txt
oncorag-e-0355,oncorag-e-note-02800,lab_report,2023-11-03,en,notes/oncorag-e-0355/lab_report/2023-11-03__oncorag-e-note-02800.txt
oncorag-e-0356,oncorag-e-note-02801,surgery_followup,2025-12-03,en,notes/oncorag-e-0356/surgery_followup/2025-12-03__oncorag-e-note-02801.txt
oncorag-e-0357,oncorag-e-note-02802,pathology_report,2022-11-02,en,notes/oncorag-e-0357/pathology_report/2022-11-02__oncorag-e-note-02802.txt
oncorag-e-0358,oncorag-e-note-02803,rad_onc_followup,2023-12-20,en,notes/oncorag-e-0358/rad_onc_followup/2023-12-20__oncorag-e-note-02803.txt
oncorag-e-0359,oncorag-e-note-02804,rad_onc_followup,2026-03-11,en,notes/oncorag-e-0359/rad_onc_followup/2026-03-11__oncorag-e-note-02804.txt
oncorag-e-0360,oncorag-e-note-02805,rad_onc_followup,2026-01-14,en,notes/oncorag-e-0360/rad_onc_followup/2026-01-14__oncorag-e-note-02805.txt
oncorag-e-0361,oncorag-e-note-02806,imaging_report,2025-12-26,en,notes/oncorag-e-0361/imaging_report/2025-12-26__oncorag-e-note-02806.txt
oncorag-e-0362,oncorag-e-note-02807,rad_onc_followup,2024-04-06,en,notes/oncorag-e-0362/rad_onc_followup/2024-04-06__oncorag-e-note-02807.txt
oncorag-e-0363,oncorag-e-note-02808,rad_onc_followup,2025-05-27,en,notes/oncorag-e-0363/rad_onc_followup/2025-05-27__oncorag-e-note-02808.txt
oncorag-e-0364,oncorag-e-note-02809,rad_onc_followup,2021-06-16,en,notes/oncorag-e-0364/rad_onc_followup/2021-06-16__oncorag-e-note-02809.txt
oncorag-e-0365,oncorag-e-note-02810,imaging_report,2020-10-03,en,notes/oncorag-e-0365/imaging_report/2020-10-03__oncorag-e-note-02810.txt
oncorag-e-0366,oncorag-e-note-02811,surgery_followup,2026-06-21,en,notes/oncorag-e-0366/surgery_followup/2026-06-21__oncorag-e-note-02811.txt
oncorag-e-0367,oncorag-e-note-02812,surgery_followup,2025-03-22,en,notes/oncorag-e-0367/surgery_followup/2025-03-22__oncorag-e-note-02812.txt
oncorag-e-0368,oncorag-e-note-02813,pathology_report,2025-09-16,en,notes/oncorag-e-0368/pathology_report/2025-09-16__oncorag-e-note-02813.txt
oncorag-e-0369,oncorag-e-note-02814,rad_onc_followup,2023-08-18,en,notes/oncorag-e-0369/rad_onc_followup/2023-08-18__oncorag-e-note-02814.txt
oncorag-e-0370,oncorag-e-note-02815,med_onc_note,2021-05-01,en,notes/oncorag-e-0370/med_onc_note/2021-05-01__oncorag-e-note-02815.txt
oncorag-e-0371,oncorag-e-note-02816,med_onc_note,2025-05-15,en,notes/oncorag-e-0371/med_onc_note/2025-05-15__oncorag-e-note-02816.txt
oncorag-e-0372,oncorag-e-note-02817,rad_onc_followup,2022-11-29,en,notes/oncorag-e-0372/rad_onc_followup/2022-11-29__oncorag-e-note-02817.txt
oncorag-e-0373,oncorag-e-note-02818,med_onc_note,2025-02-04,en,notes/oncorag-e-0373/med_onc_note/2025-02-04__oncorag-e-note-02818.txt
oncorag-e-0374,oncorag-e-note-02819,rad_onc_followup,2022-07-18,en,notes/oncorag-e-0374/rad_onc_followup/2022-07-18__oncorag-e-note-02819.txt
oncorag-e-0375,oncorag-e-note-02820,rad_onc_followup,2020-11-03,en,notes/oncorag-e-0375/rad_onc_followup/2020-11-03__oncorag-e-note-02820.txt
oncorag-e-0376,oncorag-e-note-02821,imaging_report,2026-06-17,en,notes/oncorag-e-0376/imaging_report/2026-06-17__oncorag-e-note-02821.txt
oncorag-e-0377,oncorag-e-note-02822,rad_onc_followup,2024-08-31,en,notes/oncorag-e-0377/rad_onc_followup/2024-08-31__oncorag-e-note-02822.txt
oncorag-e-0378,oncorag-e-note-02823,rad_onc_followup,2020-10-31,en,notes/oncorag-e-0378/rad_onc_followup/2020-10-31__oncorag-e-note-02823.txt
oncorag-e-0379,oncorag-e-note-02824,rad_onc_followup,2026-02-19,en,notes/oncorag-e-0379/rad_onc_followup/2026-02-19__oncorag-e-note-02824.txt
oncorag-e-0380,oncorag-e-note-02825,rad_onc_followup,2023-07-13,en,notes/oncorag-e-0380/rad_onc_followup/2023-07-13__oncorag-e-note-02825.txt
oncorag-e-0381,oncorag-e-note-02826,rad_onc_followup,2022-08-29,en,notes/oncorag-e-0381/rad_onc_followup/2022-08-29__oncorag-e-note-02826.txt
oncorag-e-0382,oncorag-e-note-02827,med_onc_note,2022-09-13,en,notes/oncorag-e-0382/med_onc_note/2022-09-13__oncorag-e-note-02827.txt
oncorag-e-0383,oncorag-e-note-02828,rad_onc_followup,2023-06-14,en,notes/oncorag-e-0383/rad_onc_followup/2023-06-14__oncorag-e-note-02828.txt
oncorag-e-0384,oncorag-e-note-02829,rad_onc_followup,2021-10-13,en,notes/oncorag-e-0384/rad_onc_followup/2021-10-13__oncorag-e-note-02829.txt
oncorag-e-0385,oncorag-e-note-02830,rad_onc_followup,2022-09-17,en,notes/oncorag-e-0385/rad_onc_followup/2022-09-17__oncorag-e-note-02830.txt
oncorag-e-0386,oncorag-e-note-02831,med_onc_note,2025-01-14,en,notes/oncorag-e-0386/med_onc_note/2025-01-14__oncorag-e-note-02831.txt
oncorag-e-0387,oncorag-e-note-02832,rad_onc_followup,2021-02-15,en,notes/oncorag-e-0387/rad_onc_followup/2021-02-15__oncorag-e-note-02832.txt
oncorag-e-0388,oncorag-e-note-02833,rad_onc_followup,2022-05-23,en,notes/oncorag-e-0388/rad_onc_followup/2022-05-23__oncorag-e-note-02833.txt
oncorag-e-0389,oncorag-e-note-02834,imaging_report,2020-09-18,en,notes/oncorag-e-0389/imaging_report/2020-09-18__oncorag-e-note-02834.txt
oncorag-e-0390,oncorag-e-note-02835,rad_onc_followup,2026-07-02,en,notes/oncorag-e-0390/rad_onc_followup/2026-07-02__oncorag-e-note-02835.txt
oncorag-e-0391,oncorag-e-note-02836,med_onc_note,2022-10-23,en,notes/oncorag-e-0391/med_onc_note/2022-10-23__oncorag-e-note-02836.txt
oncorag-e-0392,oncorag-e-note-02837,med_onc_note,2025-01-28,en,notes/oncorag-e-0392/med_onc_note/2025-01-28__oncorag-e-note-02837.txt
oncorag-e-0393,oncorag-e-note-02838,surgery_followup,2025-08-15,en,notes/oncorag-e-0393/surgery_followup/2025-08-15__oncorag-e-note-02838.txt
oncorag-e-0394,oncorag-e-note-02839,rad_onc_followup,2026-05-07,en,notes/oncorag-e-0394/rad_onc_followup/2026-05-07__oncorag-e-note-02839.txt
oncorag-e-0395,oncorag-e-note-02840,med_onc_note,2021-10-12,en,notes/oncorag-e-0395/med_onc_note/2021-10-12__oncorag-e-note-02840.txt
oncorag-e-0396,oncorag-e-note-02841,rad_onc_followup,2021-09-07,en,notes/oncorag-e-0396/rad_onc_followup/2021-09-07__oncorag-e-note-02841.txt
oncorag-e-0397,oncorag-e-note-02842,rad_onc_followup,2022-12-29,en,notes/oncorag-e-0397/rad_onc_followup/2022-12-29__oncorag-e-note-02842.txt
oncorag-e-0398,oncorag-e-note-02843,rad_onc_followup,2024-09-20,en,notes/oncorag-e-0398/rad_onc_followup/2024-09-20__oncorag-e-note-02843.txt
oncorag-e-0399,oncorag-e-note-02844,rad_onc_followup,2025-10-26,en,notes/oncorag-e-0399/rad_onc_followup/2025-10-26__oncorag-e-note-02844.txt
oncorag-e-0400,oncorag-e-note-02845,rad_onc_followup,2026-01-23,en,notes/oncorag-e-0400/rad_onc_followup/2026-01-23__oncorag-e-note-02845.txt
oncorag-e-0401,oncorag-e-note-02846,rad_onc_followup,2020-09-19,en,notes/oncorag-e-0401/rad_onc_followup/2020-09-19__oncorag-e-note-02846.txt
oncorag-e-0402,oncorag-e-note-02847,rad_onc_followup,2025-12-27,en,notes/oncorag-e-0402/rad_onc_followup/2025-12-27__oncorag-e-note-02847.txt
oncorag-e-0403,oncorag-e-note-02848,pathology_report,2023-11-24,en,notes/oncorag-e-0403/pathology_report/2023-11-24__oncorag-e-note-02848.txt
oncorag-e-0404,oncorag-e-note-02849,lab_report,2023-03-17,en,notes/oncorag-e-0404/lab_report/2023-03-17__oncorag-e-note-02849.txt
oncorag-e-0405,oncorag-e-note-02850,rad_onc_followup,2025-10-06,en,notes/oncorag-e-0405/rad_onc_followup/2025-10-06__oncorag-e-note-02850.txt
oncorag-e-0406,oncorag-e-note-02851,rad_onc_followup,2021-01-09,en,notes/oncorag-e-0406/rad_onc_followup/2021-01-09__oncorag-e-note-02851.txt
oncorag-e-0407,oncorag-e-note-02852,rad_onc_followup,2022-08-28,en,notes/oncorag-e-0407/rad_onc_followup/2022-08-28__oncorag-e-note-02852.txt
oncorag-e-0408,oncorag-e-note-02853,rad_onc_followup,2021-09-09,en,notes/oncorag-e-0408/rad_onc_followup/2021-09-09__oncorag-e-note-02853.txt
oncorag-e-0409,oncorag-e-note-02854,rad_onc_followup,2024-11-26,en,notes/oncorag-e-0409/rad_onc_followup/2024-11-26__oncorag-e-note-02854.txt
oncorag-e-0410,oncorag-e-note-02855,med_onc_note,2025-02-04,en,notes/oncorag-e-0410/med_onc_note/2025-02-04__oncorag-e-note-02855.txt
oncorag-e-0411,oncorag-e-note-02856,med_onc_note,2021-01-06,en,notes/oncorag-e-0411/med_onc_note/2021-01-06__oncorag-e-note-02856.txt
oncorag-e-0412,oncorag-e-note-02857,rad_onc_followup,2020-09-12,en,notes/oncorag-e-0412/rad_onc_followup/2020-09-12__oncorag-e-note-02857.txt
oncorag-e-0413,oncorag-e-note-02858,med_onc_note,2021-01-17,en,notes/oncorag-e-0413/med_onc_note/2021-01-17__oncorag-e-note-02858.txt
oncorag-e-0414,oncorag-e-note-02859,med_onc_note,2021-01-19,en,notes/oncorag-e-0414/med_onc_note/2021-01-19__oncorag-e-note-02859.txt
oncorag-e-0415,oncorag-e-note-02860,med_onc_note,2021-12-29,en,notes/oncorag-e-0415/med_onc_note/2021-12-29__oncorag-e-note-02860.txt
oncorag-e-0416,oncorag-e-note-02861,rad_onc_followup,2025-09-08,en,notes/oncorag-e-0416/rad_onc_followup/2025-09-08__oncorag-e-note-02861.txt
oncorag-e-0417,oncorag-e-note-02862,rad_onc_followup,2021-11-19,en,notes/oncorag-e-0417/rad_onc_followup/2021-11-19__oncorag-e-note-02862.txt
oncorag-e-0418,oncorag-e-note-02863,pathology_report,2026-05-31,en,notes/oncorag-e-0418/pathology_report/2026-05-31__oncorag-e-note-02863.txt
oncorag-e-0419,oncorag-e-note-02864,pathology_report,2022-02-14,en,notes/oncorag-e-0419/pathology_report/2022-02-14__oncorag-e-note-02864.txt
oncorag-e-0420,oncorag-e-note-02865,rad_onc_followup,2026-02-09,en,notes/oncorag-e-0420/rad_onc_followup/2026-02-09__oncorag-e-note-02865.txt
oncorag-e-0421,oncorag-e-note-02866,rad_onc_followup,2025-01-20,en,notes/oncorag-e-0421/rad_onc_followup/2025-01-20__oncorag-e-note-02866.txt
oncorag-e-0422,oncorag-e-note-02867,rad_onc_followup,2021-09-17,en,notes/oncorag-e-0422/rad_onc_followup/2021-09-17__oncorag-e-note-02867.txt
oncorag-e-0423,oncorag-e-note-02868,rad_onc_followup,2020-11-30,en,notes/oncorag-e-0423/rad_onc_followup/2020-11-30__oncorag-e-note-02868.txt
oncorag-e-0424,oncorag-e-note-02869,med_onc_note,2024-10-30,en,notes/oncorag-e-0424/med_onc_note/2024-10-30__oncorag-e-note-02869.txt
oncorag-e-0425,oncorag-e-note-02870,rad_onc_followup,2022-06-17,en,notes/oncorag-e-0425/rad_onc_followup/2022-06-17__oncorag-e-note-02870.txt
oncorag-e-0426,oncorag-e-note-02871,rad_onc_followup,2025-07-31,en,notes/oncorag-e-0426/rad_onc_followup/2025-07-31__oncorag-e-note-02871.txt
oncorag-e-0427,oncorag-e-note-02872,pathology_report,2021-06-30,en,notes/oncorag-e-0427/pathology_report/2021-06-30__oncorag-e-note-02872.txt
oncorag-e-0428,oncorag-e-note-02873,rad_onc_followup,2021-03-14,en,notes/oncorag-e-0428/rad_onc_followup/2021-03-14__oncorag-e-note-02873.txt
oncorag-e-0429,oncorag-e-note-02874,med_onc_note,2026-05-10,en,notes/oncorag-e-0429/med_onc_note/2026-05-10__oncorag-e-note-02874.txt
oncorag-e-0430,oncorag-e-note-02875,rad_onc_followup,2024-05-16,en,notes/oncorag-e-0430/rad_onc_followup/2024-05-16__oncorag-e-note-02875.txt
oncorag-e-0431,oncorag-e-note-02876,rad_onc_followup,2022-07-10,en,notes/oncorag-e-0431/rad_onc_followup/2022-07-10__oncorag-e-note-02876.txt
oncorag-e-0432,oncorag-e-note-02877,med_onc_note,2026-05-20,en,notes/oncorag-e-0432/med_onc_note/2026-05-20__oncorag-e-note-02877.txt
oncorag-e-0433,oncorag-e-note-02878,surgery_followup,2020-12-19,en,notes/oncorag-e-0433/surgery_followup/2020-12-19__oncorag-e-note-02878.txt
oncorag-e-0434,oncorag-e-note-02879,rad_onc_followup,2021-10-07,en,notes/oncorag-e-0434/rad_onc_followup/2021-10-07__oncorag-e-note-02879.txt
oncorag-e-0435,oncorag-e-note-02880,imaging_report,2022-12-30,en,notes/oncorag-e-0435/imaging_report/2022-12-30__oncorag-e-note-02880.txt
oncorag-e-0436,oncorag-e-note-02881,imaging_report,2024-03-23,en,notes/oncorag-e-0436/imaging_report/2024-03-23__oncorag-e-note-02881.txt
oncorag-e-0437,oncorag-e-note-02882,surgery_followup,2022-02-02,en,notes/oncorag-e-0437/surgery_followup/2022-02-02__oncorag-e-note-02882.txt
oncorag-e-0438,oncorag-e-note-02883,pathology_report,2022-12-27,en,notes/oncorag-e-0438/pathology_report/2022-12-27__oncorag-e-note-02883.txt
oncorag-e-0439,oncorag-e-note-02884,rad_onc_followup,2022-08-08,en,notes/oncorag-e-0439/rad_onc_followup/2022-08-08__oncorag-e-note-02884.txt
oncorag-e-0440,oncorag-e-note-02885,imaging_report,2025-06-20,en,notes/oncorag-e-0440/imaging_report/2025-06-20__oncorag-e-note-02885.txt
oncorag-e-0441,oncorag-e-note-02886,med_onc_note,2023-08-16,en,notes/oncorag-e-0441/med_onc_note/2023-08-16__oncorag-e-note-02886.txt
oncorag-e-0442,oncorag-e-note-02887,lab_report,2023-05-24,en,notes/oncorag-e-0442/lab_report/2023-05-24__oncorag-e-note-02887.txt
oncorag-e-0443,oncorag-e-note-02888,lab_report,2021-01-05,en,notes/oncorag-e-0443/lab_report/2021-01-05__oncorag-e-note-02888.txt
oncorag-e-0444,oncorag-e-note-02889,med_onc_note,2026-07-15,en,notes/oncorag-e-0444/med_onc_note/2026-07-15__oncorag-e-note-02889.txt
oncorag-e-0445,oncorag-e-note-02890,imaging_report,2022-06-17,en,notes/oncorag-e-0445/imaging_report/2022-06-17__oncorag-e-note-02890.txt
oncorag-e-0446,oncorag-e-note-02891,rad_onc_followup,2023-08-16,en,notes/oncorag-e-0446/rad_onc_followup/2023-08-16__oncorag-e-note-02891.txt
oncorag-e-0447,oncorag-e-note-02892,rad_onc_followup,2023-11-30,en,notes/oncorag-e-0447/rad_onc_followup/2023-11-30__oncorag-e-note-02892.txt
oncorag-e-0448,oncorag-e-note-02893,rad_onc_followup,2023-12-03,en,notes/oncorag-e-0448/rad_onc_followup/2023-12-03__oncorag-e-note-02893.txt
oncorag-e-0449,oncorag-e-note-02894,imaging_report,2026-08-11,en,notes/oncorag-e-0449/imaging_report/2026-08-11__oncorag-e-note-02894.txt
oncorag-e-0450,oncorag-e-note-02895,lab_report,2024-11-18,en,notes/oncorag-e-0450/lab_report/2024-11-18__oncorag-e-note-02895.txt
oncorag-e-0451,oncorag-e-note-02896,rad_onc_followup,2024-02-23,en,notes/oncorag-e-0451/rad_onc_followup/2024-02-23__oncorag-e-note-02896.txt
oncorag-e-0452,oncorag-e-note-02897,rad_onc_followup,2024-10-17,en,notes/oncorag-e-0452/rad_onc_followup/2024-10-17__oncorag-e-note-02897.txt
oncorag-e-0453,oncorag-e-note-02898,rad_onc_followup,2022-02-13,en,notes/oncorag-e-0453/rad_onc_followup/2022-02-13__oncorag-e-note-02898.txt
oncorag-e-0454,oncorag-e-note-02899,rad_onc_followup,2025-11-16,en,notes/oncorag-e-0454/rad_onc_followup/2025-11-16__oncorag-e-note-02899.txt
oncorag-e-0455,oncorag-e-note-02900,med_onc_note,2026-01-11,en,notes/oncorag-e-0455/med_onc_note/2026-01-11__oncorag-e-note-02900.txt
oncorag-e-0456,oncorag-e-note-02901,surgery_followup,2024-12-20,en,notes/oncorag-e-0456/surgery_followup/2024-12-20__oncorag-e-note-02901.txt
oncorag-e-0457,oncorag-e-note-02902,rad_onc_followup,2021-11-12,en,notes/oncorag-e-0457/rad_onc_followup/2021-11-12__oncorag-e-note-02902.txt
oncorag-e-0458,oncorag-e-note-02903,rad_onc_followup,2023-05-28,en,notes/oncorag-e-0458/rad_onc_followup/2023-05-28__oncorag-e-note-02903.txt
oncorag-e-0459,oncorag-e-note-02904,med_onc_note,2024-10-15,en,notes/oncorag-e-0459/med_onc_note/2024-10-15__oncorag-e-note-02904.txt
oncorag-e-0460,oncorag-e-note-02905,rad_onc_followup,2022-01-24,en,notes/oncorag-e-0460/rad_onc_followup/2022-01-24__oncorag-e-note-02905.txt
oncorag-e-0461,oncorag-e-note-02906,rad_onc_followup,2024-11-28,en,notes/oncorag-e-0461/rad_onc_followup/2024-11-28__oncorag-e-note-02906.txt
oncorag-e-0462,oncorag-e-note-02907,rad_onc_followup,2024-09-04,en,notes/oncorag-e-0462/rad_onc_followup/2024-09-04__oncorag-e-note-02907.txt
oncorag-e-0463,oncorag-e-note-02908,rad_onc_followup,2026-08-30,en,notes/oncorag-e-0463/rad_onc_followup/2026-08-30__oncorag-e-note-02908.txt
oncorag-e-0464,oncorag-e-note-02909,surgery_followup,2022-09-13,en,notes/oncorag-e-0464/surgery_followup/2022-09-13__oncorag-e-note-02909.txt
oncorag-e-0465,oncorag-e-note-02910,rad_onc_followup,2022-03-11,en,notes/oncorag-e-0465/rad_onc_followup/2022-03-11__oncorag-e-note-02910.txt
oncorag-e-0466,oncorag-e-note-02911,pathology_report,2021-08-12,en,notes/oncorag-e-0466/pathology_report/2021-08-12__oncorag-e-note-02911.txt
oncorag-e-0467,oncorag-e-note-02912,lab_report,2023-07-20,en,notes/oncorag-e-0467/lab_report/2023-07-20__oncorag-e-note-02912.txt
oncorag-e-0468,oncorag-e-note-02913,pathology_report,2022-03-07,en,notes/oncorag-e-0468/pathology_report/2022-03-07__oncorag-e-note-02913.txt
oncorag-e-0469,oncorag-e-note-02914,pathology_report,2022-08-10,en,notes/oncorag-e-0469/pathology_report/2022-08-10__oncorag-e-note-02914.txt
oncorag-e-0470,oncorag-e-note-02915,rad_onc_followup,2021-09-12,en,notes/oncorag-e-0470/rad_onc_followup/2021-09-12__oncorag-e-note-02915.txt
oncorag-e-0471,oncorag-e-note-02916,rad_onc_followup,2022-04-01,en,notes/oncorag-e-0471/rad_onc_followup/2022-04-01__oncorag-e-note-02916.txt
oncorag-e-0472,oncorag-e-note-02917,rad_onc_followup,2025-08-31,en,notes/oncorag-e-0472/rad_onc_followup/2025-08-31__oncorag-e-note-02917.txt
oncorag-e-0473,oncorag-e-note-02918,imaging_report,2025-07-07,en,notes/oncorag-e-0473/imaging_report/2025-07-07__oncorag-e-note-02918.txt
oncorag-e-0474,oncorag-e-note-02919,rad_onc_followup,2022-06-15,en,notes/oncorag-e-0474/rad_onc_followup/2022-06-15__oncorag-e-note-02919.txt
oncorag-e-0475,oncorag-e-note-02920,med_onc_note,2022-07-11,en,notes/oncorag-e-0475/med_onc_note/2022-07-11__oncorag-e-note-02920.txt
oncorag-e-0476,oncorag-e-note-02921,rad_onc_followup,2025-04-29,en,notes/oncorag-e-0476/rad_onc_followup/2025-04-29__oncorag-e-note-02921.txt
oncorag-e-0477,oncorag-e-note-02922,lab_report,2021-02-23,en,notes/oncorag-e-0477/lab_report/2021-02-23__oncorag-e-note-02922.txt
oncorag-e-0478,oncorag-e-note-02923,imaging_report,2024-03-12,en,notes/oncorag-e-0478/imaging_report/2024-03-12__oncorag-e-note-02923.txt
oncorag-e-0479,oncorag-e-note-02924,rad_onc_followup,2021-04-05,en,notes/oncorag-e-0479/rad_onc_followup/2021-04-05__oncorag-e-note-02924.txt
oncorag-e-0480,oncorag-e-note-02925,lab_report,2021-10-10,en,notes/oncorag-e-0480/lab_report/2021-10-10__oncorag-e-note-02925.txt
oncorag-e-0481,oncorag-e-note-02926,rad_onc_followup,2025-03-09,en,notes/oncorag-e-0481/rad_onc_followup/2025-03-09__oncorag-e-note-02926.txt
oncorag-e-0482,oncorag-e-note-02927,pathology_report,2023-03-25,en,notes/oncorag-e-0482/pathology_report/2023-03-25__oncorag-e-note-02927.txt
oncorag-e-0483,oncorag-e-note-02928,rad_onc_followup,2024-02-08,en,notes/oncorag-e-0483/rad_onc_followup/2024-02-08__oncorag-e-note-02928.txt
oncorag-e-0484,oncorag-e-note-02929,rad_onc_followup,2022-05-06,en,notes/oncorag-e-0484/rad_onc_followup/2022-05-06__oncorag-e-note-02929.txt
oncorag-e-0485,oncorag-e-note-02930,pathology_report,2021-07-18,en,notes/oncorag-e-0485/pathology_report/2021-07-18__oncorag-e-note-02930.txt
