patient_id,note_id,report_type,date,language,path
SYN-TNBC-0001,syn_0001,surgery_followup,2020-07-22,en,notes/SYN-TNBC-0001/surgery_followup/2020-07-22__syn_0001.txt
SYN-TNBC-0002,syn_0002,med_onc_note,2022-07-02,en,notes/SYN-TNBC-0002/med_onc_note/2022-07-02__syn_0002.txt
SYN-TNBC-0003,syn_0003,surgery_followup,2023-12-14,en,notes/SYN-TNBC-0003/surgery_followup/2023-12-14__syn_0003.txt
SYN-TNBC-0004,syn_0004,surgery_followup,2024-06-24,en,notes/SYN-TNBC-0004/surgery_followup/2024-06-24__syn_0004.txt
SYN-TNBC-0005,syn_0005,med_onc_note,2020-03-27,en,notes/SYN-TNBC-0005/med_onc_note/2020-03-27__syn_0005.txt
SYN-TNBC-0006,syn_0006,med_onc_note,2025-07-04,en,notes/SYN-TNBC-0006/med_onc_note/2025-07-04__syn_0006.txt
SYN-TNBC-0007,syn_0007,surgery_followup,2022-10-26,en,notes/SYN-TNBC-0007/surgery_followup/2022-10-26__syn_0007.txt
SYN-TNBC-0008,syn_0008,med_onc_note,2021-02-11,en,notes/SYN-TNBC-0008/med_onc_note/2021-02-11__syn_0008.txt
SYN-TNBC-0009,syn_0009,med_onc_note,2021-10-02,en,notes/SYN-TNBC-0009/med_onc_note/2021-10-02__syn_0009.txt
SYN-TNBC-0010,syn_0010,med_onc_note,2021-10-19,en,notes/SYN-TNBC-0010/med_onc_note/2021-10-19__syn_0010.txt
SYN-TNBC-0011,syn_0011,med_onc_note,2022-02-26,en,notes/SYN-TNBC-0011/med_onc_note/2022-02-26__syn_0011.txt
SYN-TNBC-0012,syn_0012,med_onc_note,2019-12-26,en,notes/SYN-TNBC-0012/med_onc_note/2019-12-26__syn_0012.txt
SYN-TNBC-0013,syn_0013,med_onc_note,2023-09-15,en,notes/SYN-TNBC-0013/med_onc_note/2023-09-15__syn_0013.txt
SYN-TNBC-0014,syn_0014,surgery_followup,2025-04-29,en,notes/SYN-TNBC-0014/surgery_followup/2025-04-29__syn_0014.txt
SYN-TNBC-0015,syn_0015,surgery_followup,2022-04-17,en,notes/SYN-TNBC-0015/surgery_followup/2022-04-17__syn_0015.txt
SYN-TNBC-0016,syn_0016,med_onc_note,2025-05-22,en,notes/SYN-TNBC-0016/med_onc_note/2025-05-22__syn_0016.txt
SYN-TNBC-0017,syn_0017,med_onc_note,2020-09-12,en,notes/SYN-TNBC-0017/med_onc_note/2020-09-12__syn_0017.txt
SYN-TNBC-0018,syn_0018,med_onc_note,2020-02-02,en,notes/SYN-TNBC-0018/med_onc_note/2020-02-02__syn_0018.txt
SYN-TNBC-0019,syn_0019,med_onc_note,2025-10-23,en,notes/SYN-TNBC-0019/med_onc_note/2025-10-23__syn_0019.txt
SYN-TNBC-0020,syn_0020,med_onc_note,2024-04-09,en,notes/SYN-TNBC-0020/med_onc_note/2024-04-09__syn_0020.txt
SYN-TNBC-0021,syn_0021,surgery_followup,2021-01-20,en,notes/SYN-TNBC-0021/surgery_followup/2021-01-20__syn_0021.txt
SYN-TNBC-0022,syn_0022,med_onc_note,2020-06-02,en,notes/SYN-TNBC-0022/med_onc_note/2020-06-02__syn_0022.txt
SYN-TNBC-0023,syn_0023,med_onc_note,2023-01-11,en,notes/SYN-TNBC-0023/med_onc_note/2023-01-11__syn_0023.txt
SYN-TNBC-0024,syn_0024,med_onc_note,2023-11-19,en,notes/SYN-TNBC-0024/med_onc_note/2023-11-19__syn_0024.txt
SYN-TNBC-0025,syn_0025,surgery_followup,2024-03-25,en,notes/SYN-TNBC-0025/surgery_followup/2024-03-25__syn_0025.txt
SYN-TNBC-0026,syn_0026,surgery_followup,2020-01-13,en,notes/SYN-TNBC-0026/surgery_followup/2020-01-13__syn_0026.txt
SYN-TNBC-0027,syn_0027,surgery_followup,2021-10-18,en,notes/SYN-TNBC-0027/surgery_followup/2021-10-18__syn_0027.txt
SYN-TNBC-0028,syn_0028,med_onc_note,2024-01-23,en,notes/SYN-TNBC-0028/med_onc_note/2024-01-23__syn_0028.txt
SYN-TNBC-0029,syn_0029,med_onc_note,2025-06-22,en,notes/SYN-TNBC-0029/med_onc_note/2025-06-22__syn_0029.txt
SYN-TNBC-0030,syn_0030,surgery_followup,2024-03-11,en,notes/SYN-TNBC-0030/surgery_followup/2024-03-11__syn_0030.txt
SYN-TNBC-0031,syn_0031,surgery_followup,2020-02-10,en,notes/SYN-TNBC-0031/surgery_followup/2020-02-10__syn_0031.txt
SYN-TNBC-0032,syn_0032,med_onc_note,2024-11-03,en,notes/SYN-TNBC-0032/med_onc_note/2024-11-03__syn_0032.txt
SYN-TNBC-0033,syn_0033,med_onc_note,2020-10-22,en,notes/SYN-TNBC-0033/med_onc_note/2020-10-22__syn_0033.txt
SYN-TNBC-0034,syn_0034,rad_onc_followup,2023-09-18,en,notes/SYN-TNBC-0034/rad_onc_followup/2023-09-18__syn_0034.txt
SYN-TNBC-0035,syn_0035,med_onc_note,2023-12-03,en,notes/SYN-TNBC-0035/med_onc_note/2023-12-03__syn_0035.txt
SYN-TNBC-0036,syn_0036,rad_onc_followup,2022-10-26,en,notes/SYN-TNBC-0036/rad_onc_followup/2022-10-26__syn_0036.txt
SYN-TNBC-0037,syn_0037,med_onc_note,2025-08-10,en,notes/SYN-TNBC-0037/med_onc_note/2025-08-10__syn_0037.txt
SYN-TNBC-0038,syn_0038,imaging_report,2023-06-23,en,notes/SYN-TNBC-0038/imaging_report/2023-06-23__syn_0038.txt
SYN-TNBC-0039,syn_0039,med_onc_note,2021-04-19,en,notes/SYN-TNBC-0039/med_onc_note/2021-04-19__syn_0039.txt
SYN-TNBC-0040,syn_0040,med_onc_note,2022-01-01,en,notes/SYN-TNBC-0040/med_onc_note/2022-01-01__syn_0040.txt
SYN-TNBC-0041,syn_0041,med_onc_note,2020-07-04,en,notes/SYN-TNBC-0041/med_onc_note/2020-07-04__syn_0041.txt
SYN-TNBC-0042,syn_0042,surgery_followup,2021-09-15,en,notes/SYN-TNBC-0042/surgery_followup/2021-09-15__syn_0042.txt
SYN-TNBC-0043,syn_0043,med_onc_note,2023-07-21,en,notes/SYN-TNBC-0043/med_onc_note/2023-07-21__syn_0043.txt
SYN-TNBC-0044,syn_0044,med_onc_note,2022-05-24,en,notes/SYN-TNBC-0044/med_onc_note/2022-05-24__syn_0044.txt
SYN-TNBC-0045,syn_0045,med_onc_note,2021-03-13,en,notes/SYN-TNBC-0045/med_onc_note/2021-03-13__syn_0045.txt
SYN-TNBC-0046,syn_0046,med_onc_note,2025-11-08,en,notes/SYN-TNBC-0046/med_onc_note/2025-11-08__syn_0046.txt
SYN-TNBC-0047,syn_0047,surgery_followup,2023-04-21,en,notes/SYN-TNBC-0047/surgery_followup/2023-04-21__syn_0047.txt
SYN-TNBC-0048,syn_0048,surgery_followup,2020-08-05,en,notes/SYN-TNBC-0048/surgery_followup/2020-08-05__syn_0048.txt
SYN-TNBC-0049,syn_0049,med_onc_note,2024-05-14,en,notes/SYN-TNBC-0049/med_onc_note/2024-05-14__syn_0049.txt
SYN-TNBC-0050,syn_0050,med_onc_note,2021-10-14,en,notes/SYN-TNBC-0050/med_onc_note/2021-10-14__syn_0050.txt
SYN-TNBC-0051,syn_0051,surgery_followup,2020-10-05,en,notes/SYN-TNBC-0051/surgery_followup/2020-10-05__syn_0051.txt
SYN-TNBC-0052,syn_0052,med_onc_note,2025-10-24,en,notes/SYN-TNBC-0052/med_onc_note/2025-10-24__syn_0052.txt
SYN-TNBC-0053,syn_0053,med_onc_note,2021-01-08,en,notes/SYN-TNBC-0053/med_onc_note/2021-01-08__syn_0053.txt
SYN-TNBC-0054,syn_0054,imaging_report,2021-06-23,en,notes/SYN-TNBC-0054/imaging_report/2021-06-23__syn_0054.txt
SYN-TNBC-0055,syn_0055,med_onc_note,2025-09-21,en,notes/SYN-TNBC-0055/med_onc_note/2025-09-21__syn_0055.txt
SYN-TNBC-0056,syn_0056,rad_onc_followup,2019-12-27,en,notes/SYN-TNBC-0056/rad_onc_followup/2019-12-27__syn_0056.txt
SYN-TNBC-0057,syn_0057,rad_onc_followup,2021-10-19,en,notes/SYN-TNBC-0057/rad_onc_followup/2021-10-19__syn_0057.txt
SYN-TNBC-0058,syn_0058,med_onc_note,2024-04-21,en,notes/SYN-TNBC-0058/med_onc_note/2024-04-21__syn_0058.txt
SYN-TNBC-0059,syn_0059,surgery_followup,2022-03-08,en,notes/SYN-TNBC-0059/surgery_followup/2022-03-08__syn_0059.txt
SYN-TNBC-0060,syn_0060,med_onc_note,2021-06-19,en,notes/SYN-TNBC-0060/med_onc_note/2021-06-19__syn_0060.txt
SYN-TNBC-0061,syn_0061,surgery_followup,2024-08-13,en,notes/SYN-TNBC-0061/surgery_followup/2024-08-13__syn_0061.txt
SYN-TNBC-0062,syn_0062,med_onc_note,2020-12-27,en,notes/SYN-TNBC-0062/med_onc_note/2020-12-27__syn_0062.txt
SYN-TNBC-0063,syn_0063,med_onc_note,2020-02-09,en,notes/SYN-TNBC-0063/med_onc_note/2020-02-09__syn_0063.txt
SYN-TNBC-0064,syn_0064,surgery_followup,2020-10-11,en,notes/SYN-TNBC-0064/surgery_followup/2020-10-11__syn_0064.txt
SYN-TNBC-0065,syn_0065,med_onc_note,2021-05-23,en,notes/SYN-TNBC-0065/med_onc_note/2021-05-23__syn_0065.txt
SYN-TNBC-0066,syn_0066,surgery_followup,2021-12-12,en,notes/SYN-TNBC-0066/surgery_followup/2021-12-12__syn_0066.txt
SYN-TNBC-0067,syn_0067,med_onc_note,2025-05-19,en,notes/SYN-TNBC-0067/med_onc_note/2025-05-19__syn_0067.txt
SYN-TNBC-0068,syn_0068,rad_onc_followup,2025-02-06,en,notes/SYN-TNBC-0068/rad_onc_followup/2025-02-06__syn_0068.txt
SYN-TNBC-0069,syn_0069,surgery_followup,2020-06-08,en,notes/SYN-TNBC-0069/surgery_followup/2020-06-08__syn_0069.txt
SYN-TNBC-0070,syn_0070,med_onc_note,2023-02-17,en,notes/SYN-TNBC-0070/med_onc_note/2023-02-17__syn_0070.txt
SYN-TNBC-0071,syn_0071,med_onc_note,2023-11-03,en,notes/SYN-TNBC-0071/med_onc_note/2023-11-03__syn_0071.txt
SYN-TNBC-0072,syn_0072,med_onc_note,2021-10-26,en,notes/SYN-TNBC-0072/med_onc_note/2021-10-26__syn_0072.txt
SYN-TNBC-0073,syn_0073,med_onc_note,2020-04-27,en,notes/SYN-TNBC-0073/med_onc_note/2020-04-27__syn_0073.txt
SYN-TNBC-0074,syn_0074,surgery_followup,2020-03-11,en,notes/SYN-TNBC-0074/surgery_followup/2020-03-11__syn_0074.txt
SYN-TNBC-0075,syn_0075,med_onc_note,2022-05-15,en,notes/SYN-TNBC-0075/med_onc_note/2022-05-15__syn_0075.txt
SYN-TNBC-0076,syn_0076,imaging_report,2025-05-06,en,notes/SYN-TNBC-0076/imaging_report/2025-05-06__syn_0076.txt
SYN-TNBC-0077,syn_0077,med_onc_note,2023-06-06,en,notes/SYN-TNBC-0077/med_onc_note/2023-06-06__syn_0077.txt
SYN-TNBC-0078,syn_0078,med_onc_note,2022-08-01,en,notes/SYN-TNBC-0078/med_onc_note/2022-08-01__syn_0078.txt
SYN-TNBC-0079,syn_0079,med_onc_note,2023-09-09,en,notes/SYN-TNBC-0079/med_onc_note/2023-09-09__syn_0079.txt
SYN-TNBC-0080,syn_0080,surgery_followup,2020-02-13,en,notes/SYN-TNBC-0080/surgery_followup/2020-02-13__syn_0080.txt
SYN-TNBC-0081,syn_0081,med_onc_note,2020-02-23,en,notes/SYN-TNBC-0081/med_onc_note/2020-02-23__syn_0081.txt
SYN-TNBC-0082,syn_0082,rad_onc_followup,2020-10-24,en,notes/SYN-TNBC-0082/rad_onc_followup/2020-10-24__syn_0082.txt
SYN-TNBC-0083,syn_0083,med_onc_note,2021-09-28,en,notes/SYN-TNBC-0083/med_onc_note/2021-09-28__syn_0083.txt
SYN-TNBC-0084,syn_0084,med_onc_note,2024-12-14,en,notes/SYN-TNBC-0084/med_onc_note/2024-12-14__syn_0084.txt
SYN-TNBC-0085,syn_0085,med_onc_note,2025-01-12,en,notes/SYN-TNBC-0085/med_onc_note/2025-01-12__syn_0085.txt
SYN-TNBC-0086,syn_0086,med_onc_note,2023-10-04,en,notes/SYN-TNBC-0086/med_onc_note/2023-10-04__syn_0086.txt
SYN-TNBC-0087,syn_0087,surgery_followup,2022-10-27,en,notes/SYN-TNBC-0087/surgery_followup/2022-10-27__syn_0087.txt
SYN-TNBC-0088,syn_0088,med_onc_note,2023-09-18,en,notes/SYN-TNBC-0088/med_onc_note/2023-09-18__syn_0088.txt
SYN-TNBC-0089,syn_0089,med_onc_note,2023-12-19,en,notes/SYN-TNBC-0089/med_onc_note/2023-12-19__syn_0089.txt
SYN-TNBC-0090,syn_0090,imaging_report,2021-03-15,en,notes/SYN-TNBC-0090/imaging_report/2021-03-15__syn_0090.txt
SYN-TNBC-0091,syn_0091,rad_onc_followup,2020-12-10,en,notes/SYN-TNBC-0091/rad_onc_followup/2020-12-10__syn_0091.txt
SYN-TNBC-0092,syn_0092,surgery_followup,2021-02-27,en,notes/SYN-TNBC-0092/surgery_followup/2021-02-27__syn_0092.txt
SYN-TNBC-0093,syn_0093,rad_onc_followup,2025-04-17,en,notes/SYN-TNBC-0093/rad_onc_followup/2025-04-17__syn_0093.txt
SYN-TNBC-0094,syn_0094,med_onc_note,2021-06-19,en,notes/SYN-TNBC-0094/med_onc_note/2021-06-19__syn_0094.txt
SYN-TNBC-0095,syn_0095,imaging_report,2019-12-27,en,notes/SYN-TNBC-0095/imaging_report/2019-12-27__syn_0095.txt
SYN-TNBC-0096,syn_0096,med_onc_note,2023-01-31,en,notes/SYN-TNBC-0096/med_onc_note/2023-01-31__syn_0096.txt
SYN-TNBC-0097,syn_0097,rad_onc_followup,2020-04-06,en,notes/SYN-TNBC-0097/rad_onc_followup/2020-04-06__syn_0097.txt
SYN-TNBC-0098,syn_0098,med_onc_note,2020-09-28,en,notes/SYN-TNBC-0098/med_onc_note/2020-09-28__syn_0098.txt
SYN-TNBC-0099,syn_0099,med_onc_note,2023-05-14,en,notes/SYN-TNBC-0099/med_onc_note/2023-05-14__syn_0099.txt
SYN-TNBC-0100,syn_0100,imaging_report,2025-03-26,en,notes/SYN-TNBC-0100/imaging_report/2025-03-26__syn_0100.txt
SYN-TNBC-0101,syn_0101,surgery_followup,2023-08-02,en,notes/SYN-TNBC-0101/surgery_followup/2023-08-02__syn_0101.txt
SYN-TNBC-0102,syn_0102,surgery_followup,2023-07-07,en,notes/SYN-TNBC-0102/surgery_followup/2023-07-07__syn_0102.txt
SYN-TNBC-0103,syn_0103,med_onc_note,2023-06-07,en,notes/SYN-TNBC-0103/med_onc_note/2023-06-07__syn_0103.txt
SYN-TNBC-0104,syn_0104,med_onc_note,2025-03-02,en,notes/SYN-TNBC-0104/med_onc_note/2025-03-02__syn_0104.txt
SYN-TNBC-0105,syn_0105,med_onc_note,2025-01-06,en,notes/SYN-TNBC-0105/med_onc_note/2025-01-06__syn_0105.txt
SYN-TNBC-0106,syn_0106,med_onc_note,2020-05-04,en,notes/SYN-TNBC-0106/med_onc_note/2020-05-04__syn_0106.txt
SYN-TNBC-0107,syn_0107,rad_onc_followup,2023-05-21,en,notes/SYN-TNBC-0107/rad_onc_followup/2023-05-21__syn_0107.txt
SYN-TNBC-0108,syn_0108,imaging_report,2022-03-13,en,notes/SYN-TNBC-0108/imaging_report/2022-03-13__syn_0108.txt
SYN-TNBC-0109,syn_0109,rad_onc_followup,2023-01-12,en,notes/SYN-TNBC-0109/rad_onc_followup/2023-01-12__syn_0109.txt
SYN-TNBC-0110,syn_0110,med_onc_note,2022-11-09,en,notes/SYN-TNBC-0110/med_onc_note/2022-11-09__syn_0110.txt
SYN-TNBC-0111,syn_0111,med_onc_note,2023-02-19,en,notes/SYN-TNBC-0111/med_onc_note/2023-02-19__syn_0111.txt
SYN-TNBC-0112,syn_0112,med_onc_note,2021-06-04,en,notes/SYN-TNBC-0112/med_onc_note/2021-06-04__syn_0112.txt
SYN-TNBC-0113,syn_0113,rad_onc_followup,2020-09-16,en,notes/SYN-TNBC-0113/rad_onc_followup/2020-09-16__syn_0113.txt
SYN-TNBC-0114,syn_0114,med_onc_note,2025-01-25,en,notes/SYN-TNBC-0114/med_onc_note/2025-01-25__syn_0114.txt
SYN-TNBC-0115,syn_0115,med_onc_note,2023-04-28,en,notes/SYN-TNBC-0115/med_onc_note/2023-04-28__syn_0115.txt
SYN-TNBC-0116,syn_0116,med_onc_note,2021-04-22,en,notes/SYN-TNBC-0116/med_onc_note/2021-04-22__syn_0116.txt
SYN-TNBC-0117,syn_0117,rad_onc_followup,2024-05-01,en,notes/SYN-TNBC-0117/rad_onc_followup/2024-05-01__syn_0117.txt
SYN-TNBC-0118,syn_0118,surgery_followup,2025-09-11,en,notes/SYN-TNBC-0118/surgery_followup/2025-09-11__syn_0118.txt
SYN-TNBC-0119,syn_0119,med_onc_note,2021-06-18,en,notes/SYN-TNBC-0119/med_onc_note/2021-06-18__syn_0119.txt
SYN-TNBC-0120,syn_0120,rad_onc_followup,2020-06-25,en,notes/SYN-TNBC-0120/rad_onc_followup/2020-06-25__syn_0120.txt
SYN-TNBC-0121,syn_0121,med_onc_note,2023-06-07,en,notes/SYN-TNBC-0121/med_onc_note/2023-06-07__syn_0121.txt
SYN-TNBC-0122,syn_0122,med_onc_note,2021-04-13,en,notes/SYN-TNBC-0122/med_onc_note/2021-04-13__syn_0122.txt
SYN-TNBC-0123,syn_0123,med_onc_note,2023-02-15,en,notes/SYN-TNBC-0123/med_onc_note/2023-02-15__syn_0123.txt
SYN-TNBC-0124,syn_0124,med_onc_note,2023-08-17,en,notes/SYN-TNBC-0124/med_onc_note/2023-08-17__syn_0124.txt
SYN-TNBC-0125,syn_0125,surgery_followup,2022-10-04,en,notes/SYN-TNBC-0125/surgery_followup/2022-10-04__syn_0125.txt
SYN-TNBC-0126,syn_0126,med_onc_note,2024-08-18,en,notes/SYN-TNBC-0126/med_onc_note/2024-08-18__syn_0126.txt
SYN-TNBC-0127,syn_0127,rad_onc_followup,2021-07-26,en,notes/SYN-TNBC-0127/rad_onc_followup/2021-07-26__syn_0127.txt
SYN-TNBC-0128,syn_0128,rad_onc_followup,2023-12-12,en,notes/SYN-TNBC-0128/rad_onc_followup/2023-12-12__syn_0128.txt
SYN-TNBC-0129,syn_0129,surgery_followup,2021-12-20,en,notes/SYN-TNBC-0129/surgery_followup/2021-12-20__syn_0129.txt
SYN-TNBC-0130,syn_0130,med_onc_note,2021-06-29,en,notes/SYN-TNBC-0130/med_onc_note/2021-06-29__syn_0130.txt
SYN-TNBC-0131,syn_0131,med_onc_note,2021-12-11,en,notes/SYN-TNBC-0131/med_onc_note/2021-12-11__syn_0131.txt
SYN-TNBC-0132,syn_0132,med_onc_note,2023-04-21,en,notes/SYN-TNBC-0132/med_onc_note/2023-04-21__syn_0132.txt
SYN-TNBC-0133,syn_0133,med_onc_note,2020-01-06,en,notes/SYN-TNBC-0133/med_onc_note/2020-01-06__syn_0133.txt
SYN-TNBC-0134,syn_0134,med_onc_note,2022-11-17,en,notes/SYN-TNBC-0134/med_onc_note/2022-11-17__syn_0134.txt
SYN-TNBC-0135,syn_0135,rad_onc_followup,2022-06-24,en,notes/SYN-TNBC-0135/rad_onc_followup/2022-06-24__syn_0135.txt
SYN-TNBC-0136,syn_0136,rad_onc_followup,2025-04-07,en,notes/SYN-TNBC-0136/rad_onc_followup/2025-04-07__syn_0136.txt
SYN-TNBC-0137,syn_0137,med_onc_note,2024-01-07,en,notes/SYN-TNBC-0137/med_onc_note/2024-01-07__syn_0137.txt
SYN-TNBC-0138,syn_0138,med_onc_note,2021-01-27,en,notes/SYN-TNBC-0138/med_onc_note/2021-01-27__syn_0138.txt
SYN-TNBC-0139,syn_0139,rad_onc_followup,2020-04-13,en,notes/SYN-TNBC-0139/rad_onc_followup/2020-04-13__syn_0139.txt
SYN-TNBC-0140,syn_0140,rad_onc_followup,2020-07-23,en,notes/SYN-TNBC-0140/rad_onc_followup/2020-07-23__syn_0140.txt
SYN-TNBC-0141,syn_0141,med_onc_note,2023-11-22,en,notes/SYN-TNBC-0141/med_onc_note/2023-11-22__syn_0141.txt
SYN-TNBC-0142,syn_0142,med_onc_note,2022-12-26,en,notes/SYN-TNBC-0142/med_onc_note/2022-12-26__syn_0142.txt
SYN-TNBC-0143,syn_0143,med_onc_note,2025-07-26,en,notes/SYN-TNBC-0143/med_onc_note/2025-07-26__syn_0143.txt
SYN-TNBC-0144,syn_0144,surgery_followup,2022-12-01,en,notes/SYN-TNBC-0144/surgery_followup/2022-12-01__syn_0144.txt
SYN-TNBC-0145,syn_0145,rad_onc_followup,2021-07-31,en,notes/SYN-TNBC-0145/rad_onc_followup/2021-07-31__syn_0145.txt
SYN-TNBC-0146,syn_0146,med_onc_note,2022-11-23,en,notes/SYN-TNBC-0146/med_onc_note/2022-11-23__syn_0146.txt
SYN-TNBC-0147,syn_0147,med_onc_note,2025-05-14,en,notes/SYN-TNBC-0147/med_onc_note/2025-05-14__syn_0147.txt
SYN-TNBC-0148,syn_0148,med_onc_note,2021-03-17,en,notes/SYN-TNBC-0148/med_onc_note/2021-03-17__syn_0148.txt
SYN-TNBC-0149,syn_0149,med_onc_note,2024-05-25,en,notes/SYN-TNBC-0149/med_onc_note/2024-05-25__syn_0149.txt
SYN-TNBC-0150,syn_0150,med_onc_note,2020-09-13,en,notes/SYN-TNBC-0150/med_onc_note/2020-09-13__syn_0150.txt
SYN-TNBC-0151,syn_0151,surgery_followup,2024-06-08,en,notes/SYN-TNBC-0151/surgery_followup/2024-06-08__syn_0151.txt
SYN-TNBC-0152,syn_0152,med_onc_note,2021-04-27,en,notes/SYN-TNBC-0152/med_onc_note/2021-04-27__syn_0152.txt
SYN-TNBC-0153,syn_0153,med_onc_note,2020-08-05,en,notes/SYN-TNBC-0153/med_onc_note/2020-08-05__syn_0153.txt
SYN-TNBC-0154,syn_0154,rad_onc_followup,2019-11-26,en,notes/SYN-TNBC-0154/rad_onc_followup/2019-11-26__syn_0154.txt
SYN-TNBC-0155,syn_0155,surgery_followup,2021-10-14,en,notes/SYN-TNBC-0155/surgery_followup/2021-10-14__syn_0155.txt
SYN-TNBC-0156,syn_0156,surgery_followup,2024-03-06,en,notes/SYN-TNBC-0156/surgery_followup/2024-03-06__syn_0156.txt
SYN-TNBC-0157,syn_0157,med_onc_note,2024-03-15,en,notes/SYN-TNBC-0157/med_onc_note/2024-03-15__syn_0157.txt
SYN-TNBC-0158,syn_0158,rad_onc_followup,2021-03-28,en,notes/SYN-TNBC-0158/rad_onc_followup/2021-03-28__syn_0158.txt
SYN-TNBC-0159,syn_0159,med_onc_note,2022-07-17,en,notes/SYN-TNBC-0159/med_onc_note/2022-07-17__syn_0159.txt
SYN-TNBC-0160,syn_0160,med_onc_note,2023-08-14,en,notes/SYN-TNBC-0160/med_onc_note/2023-08-14__syn_0160.txt
SYN-TNBC-0161,syn_0161,surgery_followup,2020-12-25,en,notes/SYN-TNBC-0161/surgery_followup/2020-12-25__syn_0161.txt
SYN-TNBC-0162,syn_0162,med_onc_note,2024-01-03,en,notes/SYN-TNBC-0162/med_onc_note/2024-01-03__syn_0162.txt
SYN-TNBC-0163,syn_0163,med_onc_note,2022-06-17,en,notes/SYN-TNBC-0163/med_onc_note/2022-06-17__syn_0163.txt
SYN-TNBC-0164,syn_0164,surgery_followup,2022-04-09,en,notes/SYN-TNBC-0164/surgery_followup/2022-04-09__syn_0164.txt
SYN-TNBC-0165,syn_0165,med_onc_note,2022-01-24,en,notes/SYN-TNBC-0165/med_onc_note/2022-01-24__syn_0165.txt
SYN-TNBC-0166,syn_0166,rad_onc_followup,2020-01-23,en,notes/SYN-TNBC-0166/rad_onc_followup/2020-01-23__syn_0166.txt
SYN-TNBC-0167,syn_0167,surgery_followup,2021-01-06,en,notes/SYN-TNBC-0167/surgery_followup/2021-01-06__syn_0167.txt
SYN-TNBC-0168,syn_0168,surgery_followup,2020-12-23,en,notes/SYN-TNBC-0168/surgery_followup/2020-12-23__syn_0168.txt
SYN-TNBC-0169,syn_0169,imaging_report,2024-10-12,en,notes/SYN-TNBC-0169/imaging_report/2024-10-12__syn_0169.txt
SYN-TNBC-0170,syn_0170,med_onc_note,2023-01-24,en,notes/SYN-TNBC-0170/med_onc_note/2023-01-24__syn_0170.txt
SYN-TNBC-0171,syn_0171,surgery_followup,2022-10-31,en,notes/SYN-TNBC-0171/surgery_followup/2022-10-31__syn_0171.txt
SYN-TNBC-0172,syn_0172,rad_onc_followup,2020-11-22,en,notes/SYN-TNBC-0172/rad_onc_followup/2020-11-22__syn_0172.txt
SYN-TNBC-0173,syn_0173,rad_onc_followup,2022-10-24,en,notes/SYN-TNBC-0173/rad_onc_followup/2022-10-24__syn_0173.txt
SYN-TNBC-0174,syn_0174,med_onc_note,2025-03-21,en,notes/SYN-TNBC-0174/med_onc_note/2025-03-21__syn_0174.txt
SYN-TNBC-0175,syn_0175,med_onc_note,2020-09-16,en,notes/SYN-TNBC-0175/med_onc_note/2020-09-16__syn_0175.txt
SYN-TNBC-0176,syn_0176,surgery_followup,2025-07-01,en,notes/SYN-TNBC-0176/surgery_followup/2025-07-01__syn_0176.txt
SYN-TNBC-0177,syn_0177,med_onc_note,2022-04-23,en,notes/SYN-TNBC-0177/med_onc_note/2022-04-23__syn_0177.txt
SYN-TNBC-0178,syn_0178,med_onc_note,2024-02-18,en,notes/SYN-TNBC-0178/med_onc_note/2024-02-18__syn_0178.txt
SYN-TNBC-0179,syn_0179,rad_onc_followup,2022-10-08,en,notes/SYN-TNBC-0179/rad_onc_followup/2022-10-08__syn_0179.txt
SYN-TNBC-0180,syn_0180,imaging_report,2022-07-09,en,notes/SYN-TNBC-0180/imaging_report/2022-07-09__syn_0180.txt
SYN-TNBC-0181,syn_0181,med_onc_note,2023-10-15,en,notes/SYN-TNBC-0181/med_onc_note/2023-10-15__syn_0181.txt
SYN-TNBC-0182,syn_0182,med_onc_note,2024-03-28,en,notes/SYN-TNBC-0182/med_onc_note/2024-03-28__syn_0182.txt
SYN-TNBC-0183,syn_0183,surgery_followup,2023-08-31,en,notes/SYN-TNBC-0183/surgery_followup/2023-08-31__syn_0183.txt
SYN-TNBC-0184,syn_0184,med_onc_note,2025-01-14,en,notes/SYN-TNBC-0184/med_onc_note/2025-01-14__syn_0184.txt
SYN-TNBC-0185,syn_0185,med_onc_note,2021-09-18,en,notes/SYN-TNBC-0185/med_onc_note/2021-09-18__syn_0185.txt
SYN-TNBC-0186,syn_0186,imaging_report,2023-02-05,en,notes/SYN-TNBC-0186/imaging_report/2023-02-05__syn_0186.txt
SYN-TNBC-0187,syn_0187,med_onc_note,2020-03-09,en,notes/SYN-TNBC-0187/med_onc_note/2020-03-09__syn_0187.txt
SYN-TNBC-0188,syn_0188,med_onc_note,2022-07-10,en,notes/SYN-TNBC-0188/med_onc_note/2022-07-10__syn_0188.txt
SYN-TNBC-0189,syn_0189,imaging_report,2024-05-15,en,notes/SYN-TNBC-0189/imaging_report/2024-05-15__syn_0189.txt
SYN-TNBC-0190,syn_0190,surgery_followup,2023-12-12,en,notes/SYN-TNBC-0190/surgery_followup/2023-12-12__syn_0190.txt
SYN-TNBC-0191,syn_0191,surgery_followup,2021-11-23,en,notes/SYN-TNBC-0191/surgery_followup/2021-11-23__syn_0191.txt
SYN-TNBC-0192,syn_0192,surgery_followup,2023-12-29,en,notes/SYN-TNBC-0192/surgery_followup/2023-12-29__syn_0192.txt
SYN-TNBC-0193,syn_0193,med_onc_note,2022-03-17,en,notes/SYN-TNBC-0193/med_onc_note/2022-03-17__syn_0193.txt
SYN-TNBC-0194,syn_0194,med_onc_note,2025-01-20,en,notes/SYN-TNBC-0194/med_onc_note/2025-01-20__syn_0194.txt
SYN-TNBC-0195,syn_0195,surgery_followup,2020-02-10,en,notes/SYN-TNBC-0195/surgery_followup/2020-02-10__syn_0195.txt
SYN-TNBC-0196,syn_0196,surgery_followup,2020-06-15,en,notes/SYN-TNBC-0196/surgery_followup/2020-06-15__syn_0196.txt
SYN-TNBC-0197,syn_0197,rad_onc_followup,2022-06-30,en,notes/SYN-TNBC-0197/rad_onc_followup/2022-06-30__syn_0197.txt
SYN-TNBC-0198,syn_0198,rad_onc_followup,2023-10-05,en,notes/SYN-TNBC-0198/rad_onc_followup/2023-10-05__syn_0198.txt
SYN-TNBC-0199,syn_0199,imaging_report,2020-06-18,en,notes/SYN-TNBC-0199/imaging_report/2020-06-18__syn_0199.txt
SYN-TNBC-0200,syn_0200,imaging_report,2023-08-31,en,notes/SYN-TNBC-0200/imaging_report/2023-08-31__syn_0200.txt
SYN-TNBC-0201,syn_0201,med_onc_note,2022-09-12,en,notes/SYN-TNBC-0201/med_onc_note/2022-09-12__syn_0201.txt
SYN-TNBC-0202,syn_0202,med_onc_note,2020-07-12,en,notes/SYN-TNBC-0202/med_onc_note/2020-07-12__syn_0202.txt
SYN-TNBC-0203,syn_0203,med_onc_note,2025-09-10,en,notes/SYN-TNBC-0203/med_onc_note/2025-09-10__syn_0203.txt
SYN-TNBC-0204,syn_0204,med_onc_note,2024-07-05,en,notes/SYN-TNBC-0204/med_onc_note/2024-07-05__syn_0204.txt
SYN-TNBC-0205,syn_0205,med_onc_note,2023-03-07,en,notes/SYN-TNBC-0205/med_onc_note/2023-03-07__syn_0205.txt
SYN-TNBC-0206,syn_0206,surgery_followup,2024-09-28,en,notes/SYN-TNBC-0206/surgery_followup/2024-09-28__syn_0206.txt
SYN-TNBC-0207,syn_0207,med_onc_note,2024-01-21,en,notes/SYN-TNBC-0207/med_onc_note/2024-01-21__syn_0207.txt
SYN-TNBC-0208,syn_0208,rad_onc_followup,2024-11-05,en,notes/SYN-TNBC-0208/rad_onc_followup/2024-11-05__syn_0208.txt
SYN-TNBC-0209,syn_0209,med_onc_note,2024-06-30,en,notes/SYN-TNBC-0209/med_onc_note/2024-06-30__syn_0209.txt
SYN-TNBC-0210,syn_0210,rad_onc_followup,2022-08-01,en,notes/SYN-TNBC-0210/rad_onc_followup/2022-08-01__syn_0210.txt
SYN-TNBC-0211,syn_0211,surgery_followup,2020-03-25,en,notes/SYN-TNBC-0211/surgery_followup/2020-03-25__syn_0211.txt
SYN-TNBC-0212,syn_0212,surgery_followup,2025-10-09,en,notes/SYN-TNBC-0212/surgery_followup/2025-10-09__syn_0212.txt
SYN-TNBC-0213,syn_0213,surgery_followup,2022-09-30,en,notes/SYN-TNBC-0213/surgery_followup/2022-09-30__syn_0213.txt
SYN-TNBC-0214,syn_0214,med_onc_note,2025-01-10,en,notes/SYN-TNBC-0214/med_onc_note/2025-01-10__syn_0214.txt
SYN-TNBC-0215,syn_0215,surgery_followup,2024-08-28,en,notes/SYN-TNBC-0215/surgery_followup/2024-08-28__syn_0215.txt
SYN-TNBC-0216,syn_0216,med_onc_note,2022-11-23,en,notes/SYN-TNBC-0216/med_onc_note/2022-11-23__syn_0216.txt
SYN-TNBC-0217,syn_0217,surgery_followup,2024-01-05,en,notes/SYN-TNBC-0217/surgery_followup/2024-01-05__syn_0217.txt
SYN-TNBC-0218,syn_0218,rad_onc_followup,2025-05-15,en,notes/SYN-TNBC-0218/rad_onc_followup/2025-05-15__syn_0218.txt
SYN-TNBC-0219,syn_0219,surgery_followup,2025-05-03,en,notes/SYN-TNBC-0219/surgery_followup/2025-05-03__syn_0219.txt
SYN-TNBC-0220,syn_0220,rad_onc_followup,2021-01-17,en,notes/SYN-TNBC-0220/rad_onc_followup/2021-01-17__syn_0220.txt
SYN-TNBC-0221,syn_0221,med_onc_note,2021-07-22,en,notes/SYN-TNBC-0221/med_onc_note/2021-07-22__syn_0221.txt
SYN-TNBC-0222,syn_0222,med_onc_note,2020-09-29,en,notes/SYN-TNBC-0222/med_onc_note/2020-09-29__syn_0222.txt
SYN-TNBC-0223,syn_0223,med_onc_note,2021-01-20,en,notes/SYN-TNBC-0223/med_onc_note/2021-01-20__syn_0223.txt
SYN-TNBC-0224,syn_0224,rad_onc_followup,2020-04-03,en,notes/SYN-TNBC-0224/rad_onc_followup/2020-04-03__syn_0224.txt
SYN-TNBC-0225,syn_0225,med_onc_note,2025-03-21,en,notes/SYN-TNBC-0225/med_onc_note/2025-03-21__syn_0225.txt
SYN-TNBC-0226,syn_0226,med_onc_note,2021-05-22,en,notes/SYN-TNBC-0226/med_onc_note/2021-05-22__syn_0226.txt
SYN-TNBC-0227,syn_0227,med_onc_note,2023-06-18,en,notes/SYN-TNBC-0227/med_onc_note/2023-06-18__syn_0227.txt
SYN-TNBC-0228,syn_0228,med_onc_note,2025-10-30,en,notes/SYN-TNBC-0228/med_onc_note/2025-10-30__syn_0228.txt
SYN-TNBC-0229,syn_0229,rad_onc_followup,2024-02-23,en,notes/SYN-TNBC-0229/rad_onc_followup/2024-02-23__syn_0229.txt
SYN-TNBC-0230,syn_0230,rad_onc_followup,2020-08-15,en,notes/SYN-TNBC-0230/rad_onc_followup/2020-08-15__syn_0230.txt
SYN-TNBC-0231,syn_0231,med_onc_note,2025-05-26,en,notes/SYN-TNBC-0231/med_onc_note/2025-05-26__syn_0231.txt
SYN-TNBC-0232,syn_0232,med_onc_note,2020-06-07,en,notes/SYN-TNBC-0232/med_onc_note/2020-06-07__syn_0232.txt
SYN-TNBC-0233,syn_0233,surgery_followup,2022-06-28,en,notes/SYN-TNBC-0233/surgery_followup/2022-06-28__syn_0233.txt
SYN-TNBC-0234,syn_0234,med_onc_note,2021-07-06,en,notes/SYN-TNBC-0234/med_onc_note/2021-07-06__syn_0234.txt
SYN-TNBC-0235,syn_0235,rad_onc_followup,2025-02-17,en,notes/SYN-TNBC-0235/rad_onc_followup/2025-02-17__syn_0235.txt
SYN-TNBC-0236,syn_0236,med_onc_note,2020-05-30,en,notes/SYN-TNBC-0236/med_onc_note/2020-05-30__syn_0236.txt
SYN-TNBC-0237,syn_0237,surgery_followup,2025-01-22,en,notes/SYN-TNBC-0237/surgery_followup/2025-01-22__syn_0237.txt
SYN-TNBC-0238,syn_0238,rad_onc_followup,2023-10-22,en,notes/SYN-TNBC-0238/rad_onc_followup/2023-10-22__syn_0238.txt
SYN-TNBC-0239,syn_0239,surgery_followup,2022-03-23,en,notes/SYN-TNBC-0239/surgery_followup/2022-03-23__syn_0239.txt
SYN-TNBC-0240,syn_0240,med_onc_note,2025-09-25,en,notes/SYN-TNBC-0240/med_onc_note/2025-09-25__syn_0240.txt
SYN-TNBC-0241,syn_0241,med_onc_note,2025-08-09,en,notes/SYN-TNBC-0241/med_onc_note/2025-08-09__syn_0241.txt
SYN-TNBC-0242,syn_0242,med_onc_note,2022-08-03,en,notes/SYN-TNBC-0242/med_onc_note/2022-08-03__syn_0242.txt
SYN-TNBC-0243,syn_0243,med_onc_note,2022-03-16,en,notes/SYN-TNBC-0243/med_onc_note/2022-03-16__syn_0243.txt
SYN-TNBC-0244,syn_0244,med_onc_note,2022-03-04,en,notes/SYN-TNBC-0244/med_onc_note/2022-03-04__syn_0244.txt
SYN-TNBC-0245,syn_0245,surgery_followup,2022-09-05,en,notes/SYN-TNBC-0245/surgery_followup/2022-09-05__syn_0245.txt
SYN-TNBC-0246,syn_0246,rad_onc_followup,2025-09-01,en,notes/SYN-TNBC-0246/rad_onc_followup/2025-09-01__syn_0246.txt
SYN-TNBC-0247,syn_0247,surgery_followup,2025-03-07,en,notes/SYN-TNBC-0247/surgery_followup/2025-03-07__syn_0247.txt
SYN-TNBC-0248,syn_0248,surgery_followup,2021-06-18,en,notes/SYN-TNBC-0248/surgery_followup/2021-06-18__syn_0248.txt
SYN-TNBC-0249,syn_0249,med_onc_note,2022-10-12,en,notes/SYN-TNBC-0249/med_onc_note/2022-10-12__syn_0249.txt
SYN-TNBC-0250,syn_0250,surgery_followup,2022-02-28,en,notes/SYN-TNBC-0250/surgery_followup/2022-02-28__syn_0250.txt
SYN-TNBC-0251,syn_0251,surgery_followup,2025-03-08,en,notes/SYN-TNBC-0251/surgery_followup/2025-03-08__syn_0251.txt
SYN-TNBC-0252,syn_0252,rad_onc_followup,2023-12-01,en,notes/SYN-TNBC-0252/rad_onc_followup/2023-12-01__syn_0252.txt
SYN-TNBC-0253,syn_0253,imaging_report,2022-12-18,en,notes/SYN-TNBC-0253/imaging_report/2022-12-18__syn_0253.txt
SYN-TNBC-0254,syn_0254,surgery_followup,2023-07-31,en,notes/SYN-TNBC-0254/surgery_followup/2023-07-31__syn_0254.txt
SYN-TNBC-0255,syn_0255,med_onc_note,2023-02-25,en,notes/SYN-TNBC-0255/med_onc_note/2023-02-25__syn_0255.txt
SYN-TNBC-0256,syn_0256,med_onc_note,2023-08-22,en,notes/SYN-TNBC-0256/med_onc_note/2023-08-22__syn_0256.txt
SYN-TNBC-0257,syn_0257,med_onc_note,2021-01-29,en,notes/SYN-TNBC-0257/med_onc_note/2021-01-29__syn_0257.txt
SYN-TNBC-0258,syn_0258,med_onc_note,2019-12-03,en,notes/SYN-TNBC-0258/med_onc_note/2019-12-03__syn_0258.txt
SYN-TNBC-0259,syn_0259,imaging_report,2020-11-26,en,notes/SYN-TNBC-0259/imaging_report/2020-11-26__syn_0259.txt
SYN-TNBC-0260,syn_0260,med_onc_note,2023-11-12,en,notes/SYN-TNBC-0260/med_onc_note/2023-11-12__syn_0260.txt
SYN-TNBC-0261,syn_0261,med_onc_note,2022-04-13,en,notes/SYN-TNBC-0261/med_onc_note/2022-04-13__syn_0261.txt
SYN-TNBC-0262,syn_0262,med_onc_note,2024-03-18,en,notes/SYN-TNBC-0262/med_onc_note/2024-03-18__syn_0262.txt
SYN-TNBC-0263,syn_0263,med_onc_note,2024-09-21,en,notes/SYN-TNBC-0263/med_onc_note/2024-09-21__syn_0263.txt
SYN-TNBC-0264,syn_0264,rad_onc_followup,2023-03-13,en,notes/SYN-TNBC-0264/rad_onc_followup/2023-03-13__syn_0264.txt
SYN-TNBC-0265,syn_0265,surgery_followup,2024-11-19,en,notes/SYN-TNBC-0265/surgery_followup/2024-11-19__syn_0265.txt
SYN-TNBC-0266,syn_0266,surgery_followup,2021-06-18,en,notes/SYN-TNBC-0266/surgery_followup/2021-06-18__syn_0266.txt
SYN-TNBC-0267,syn_0267,med_onc_note,2021-03-30,en,notes/SYN-TNBC-0267/med_onc_note/2021-03-30__syn_0267.txt
SYN-TNBC-0268,syn_0268,surgery_followup,2023-09-20,en,notes/SYN-TNBC-0268/surgery_followup/2023-09-20__syn_0268.txt
SYN-TNBC-0269,syn_0269,rad_onc_followup,2021-01-19,en,notes/SYN-TNBC-0269/rad_onc_followup/2021-01-19__syn_0269.txt
SYN-TNBC-0270,syn_0270,med_onc_note,2021-10-24,en,notes/SYN-TNBC-0270/med_onc_note/2021-10-24__syn_0270.txt
SYN-TNBC-0271,syn_0271,med_onc_note,2022-02-08,en,notes/SYN-TNBC-0271/med_onc_note/2022-02-08__syn_0271.txt
SYN-TNBC-0272,syn_0272,med_onc_note,2022-04-08,en,notes/SYN-TNBC-0272/med_onc_note/2022-04-08__syn_0272.txt
SYN-TNBC-0273,syn_0273,med_onc_note,2023-09-03,en,notes/SYN-TNBC-0273/med_onc_note/2023-09-03__syn_0273.txt
SYN-TNBC-0274,syn_0274,rad_onc_followup,2025-10-25,en,notes/SYN-TNBC-0274/rad_onc_followup/2025-10-25__syn_0274.txt
SYN-TNBC-0275,syn_0275,med_onc_note,2022-04-27,en,notes/SYN-TNBC-0275/med_onc_note/2022-04-27__syn_0275.txt
SYN-TNBC-0276,syn_0276,surgery_followup,2021-07-04,en,notes/SYN-TNBC-0276/surgery_followup/2021-07-04__syn_0276.txt
SYN-TNBC-0277,syn_0277,rad_onc_followup,2024-03-21,en,notes/SYN-TNBC-0277/rad_onc_followup/2024-03-21__syn_0277.txt
SYN-TNBC-0278,syn_0278,med_onc_note,2023-08-22,en,notes/SYN-TNBC-0278/med_onc_note/2023-08-22__syn_0278.txt
SYN-TNBC-0279,syn_0279,med_onc_note,2025-06-15,en,notes/SYN-TNBC-0279/med_onc_note/2025-06-15__syn_0279.txt
SYN-TNBC-0280,syn_0280,imaging_report,2022-05-25,en,notes/SYN-TNBC-0280/imaging_report/2022-05-25__syn_0280.txt
SYN-TNBC-0281,syn_0281,med_onc_note,2024-10-26,en,notes/SYN-TNBC-0281/med_onc_note/2024-10-26__syn_0281.txt
SYN-TNBC-0282,syn_0282,imaging_report,2020-05-27,en,notes/SYN-TNBC-0282/imaging_report/2020-05-27__syn_0282.txt
SYN-TNBC-0283,syn_0283,med_onc_note,2021-01-11,en,notes/SYN-TNBC-0283/med_onc_note/2021-01-11__syn_0283.txt
SYN-TNBC-0284,syn_0284,rad_onc_followup,2022-06-24,en,notes/SYN-TNBC-0284/rad_onc_followup/2022-06-24__syn_0284.txt
SYN-TNBC-0285,syn_0285,med_onc_note,2021-02-13,en,notes/SYN-TNBC-0285/med_onc_note/2021-02-13__syn_0285.txt
SYN-TNBC-0286,syn_0286,rad_onc_followup,2020-09-09,en,notes/SYN-TNBC-0286/rad_onc_followup/2020-09-09__syn_0286.txt
SYN-TNBC-0287,syn_0287,surgery_followup,2024-12-31,en,notes/SYN-TNBC-0287/surgery_followup/2024-12-31__syn_0287.txt
SYN-TNBC-0288,syn_0288,surgery_followup,2021-01-18,en,notes/SYN-TNBC-0288/surgery_followup/2021-01-18__syn_0288.txt
SYN-TNBC-0289,syn_0289,rad_onc_followup,2020-04-26,en,notes/SYN-TNBC-0289/rad_onc_followup/2020-04-26__syn_0289.txt
SYN-TNBC-0290,syn_0290,med_onc_note,2024-06-05,en,notes/SYN-TNBC-0290/med_onc_note/2024-06-05__syn_0290.txt
SYN-TNBC-0291,syn_0291,surgery_followup,2020-12-12,en,notes/SYN-TNBC-0291/surgery_followup/2020-12-12__syn_0291.txt
SYN-TNBC-0292,syn_0292,rad_onc_followup,2020-07-07,en,notes/SYN-TNBC-0292/rad_onc_followup/2020-07-07__syn_0292.txt
SYN-TNBC-0293,syn_0293,med_onc_note,2023-02-23,en,notes/SYN-TNBC-0293/med_onc_note/2023-02-23__syn_0293.txt
SYN-TNBC-0294,syn_0294,med_onc_note,2022-09-22,en,notes/SYN-TNBC-0294/med_onc_note/2022-09-22__syn_0294.txt
SYN-TNBC-0295,syn_0295,med_onc_note,2024-12-22,en,notes/SYN-TNBC-0295/med_onc_note/2024-12-22__syn_0295.txt
SYN-TNBC-0296,syn_0296,surgery_followup,2019-12-22,en,notes/SYN-TNBC-0296/surgery_followup/2019-12-22__syn_0296.txt
SYN-TNBC-0297,syn_0297,surgery_followup,2023-09-14,en,notes/SYN-TNBC-0297/surgery_followup/2023-09-14__syn_0297.txt
SYN-TNBC-0298,syn_0298,med_onc_note,2024-06-16,en,notes/SYN-TNBC-0298/med_onc_note/2024-06-16__syn_0298.txt
SYN-TNBC-0299,syn_0299,rad_onc_followup,2025-10-10,en,notes/SYN-TNBC-0299/rad_onc_followup/2025-10-10__syn_0299.txt
SYN-TNBC-0300,syn_0300,rad_onc_followup,2024-06-27,en,notes/SYN-TNBC-0300/rad_onc_followup/2024-06-27__syn_0300.txt
SYN-TNBC-0301,syn_0301,rad_onc_followup,2022-03-24,en,notes/SYN-TNBC-0301/rad_onc_followup/2022-03-24__syn_0301.txt
SYN-TNBC-0302,syn_0302,med_onc_note,2022-03-18,en,notes/SYN-TNBC-0302/med_onc_note/2022-03-18__syn_0302.txt
SYN-TNBC-0303,syn_0303,med_onc_note,2021-06-05,en,notes/SYN-TNBC-0303/med_onc_note/2021-06-05__syn_0303.txt
SYN-TNBC-0304,syn_0304,med_onc_note,2025-01-27,en,notes/SYN-TNBC-0304/med_onc_note/2025-01-27__syn_0304.txt
SYN-TNBC-0305,syn_0305,imaging_report,2021-06-03,en,notes/SYN-TNBC-0305/imaging_report/2021-06-03__syn_0305.txt
SYN-TNBC-0306,syn_0306,med_onc_note,2022-04-03,en,notes/SYN-TNBC-0306/med_onc_note/2022-04-03__syn_0306.txt
SYN-TNBC-0307,syn_0307,med_onc_note,2021-09-01,en,notes/SYN-TNBC-0307/med_onc_note/2021-09-01__syn_0307.txt
SYN-TNBC-0308,syn_0308,med_onc_note,2023-11-03,en,notes/SYN-TNBC-0308/med_onc_note/2023-11-03__syn_0308.txt
SYN-TNBC-0309,syn_0309,med_onc_note,2024-08-30,en,notes/SYN-TNBC-0309/med_onc_note/2024-08-30__syn_0309.txt
SYN-TNBC-0310,syn_0310,med_onc_note,2022-12-01,en,notes/SYN-TNBC-0310/med_onc_note/2022-12-01__syn_0310.txt
SYN-TNBC-0311,syn_0311,med_onc_note,2020-11-04,en,notes/SYN-TNBC-0311/med_onc_note/2020-11-04__syn_0311.txt
SYN-TNBC-0312,syn_0312,rad_onc_followup,2019-12-20,en,notes/SYN-TNBC-0312/rad_onc_followup/2019-12-20__syn_0312.txt
SYN-TNBC-0313,syn_0313,med_onc_note,2023-06-30,en,notes/SYN-TNBC-0313/med_onc_note/2023-06-30__syn_0313.txt
SYN-TNBC-0314,syn_0314,med_onc_note,2022-05-23,en,notes/SYN-TNBC-0314/med_onc_note/2022-05-23__syn_0314.txt
SYN-TNBC-0315,syn_0315,med_onc_note,2023-06-27,en,notes/SYN-TNBC-0315/med_onc_note/2023-06-27__syn_0315.txt
SYN-TNBC-0316,syn_0316,med_onc_note,2025-11-18,en,notes/SYN-TNBC-0316/med_onc_note/2025-11-18__syn_0316.txt
SYN-TNBC-0317,syn_0317,med_onc_note,2023-04-29,en,notes/SYN-TNBC-0317/med_onc_note/2023-04-29__syn_0317.txt
SYN-TNBC-0318,syn_0318,med_onc_note,2021-02-23,en,notes/SYN-TNBC-0318/med_onc_note/2021-02-23__syn_0318.txt
SYN-TNBC-0319,syn_0319,surgery_followup,2023-02-01,en,notes/SYN-TNBC-0319/surgery_followup/2023-02-01__syn_0319.txt
SYN-TNBC-0320,syn_0320,med_onc_note,2021-05-24,en,notes/SYN-TNBC-0320/med_onc_note/2021-05-24__syn_0320.txt
SYN-TNBC-0321,syn_0321,med_onc_note,2021-05-27,en,notes/SYN-TNBC-0321/med_onc_note/2021-05-27__syn_0321.txt
SYN-TNBC-0322,syn_0322,rad_onc_followup,2019-12-01,en,notes/SYN-TNBC-0322/rad_onc_followup/2019-12-01__syn_0322.txt
SYN-TNBC-0323,syn_0323,med_onc_note,2020-03-03,en,notes/SYN-TNBC-0323/med_onc_note/2020-03-03__syn_0323.txt
SYN-TNBC-0324,syn_0324,surgery_followup,2020-10-17,en,notes/SYN-TNBC-0324/surgery_followup/2020-10-17__syn_0324.txt
SYN-TNBC-0325,syn_0325,med_onc_note,2023-04-17,en,notes/SYN-TNBC-0325/med_onc_note/2023-04-17__syn_0325.txt
SYN-TNBC-0326,syn_0326,med_onc_note,2025-05-25,en,notes/SYN-TNBC-0326/med_onc_note/2025-05-25__syn_0326.txt
SYN-TNBC-0327,syn_0327,imaging_report,2025-08-18,en,notes/SYN-TNBC-0327/imaging_report/2025-08-18__syn_0327.txt
SYN-TNBC-0328,syn_0328,surgery_followup,2021-04-12,en,notes/SYN-TNBC-0328/surgery_followup/2021-04-12__syn_0328.txt
SYN-TNBC-0329,syn_0329,med_onc_note,2024-04-02,en,notes/SYN-TNBC-0329/med_onc_note/2024-04-02__syn_0329.txt
SYN-TNBC-0330,syn_0330,surgery_followup,2022-01-12,en,notes/SYN-TNBC-0330/surgery_followup/2022-01-12__syn_0330.txt
SYN-TNBC-0331,syn_0331,imaging_report,2021-04-03,en,notes/SYN-TNBC-0331/imaging_report/2021-04-03__syn_0331.txt
SYN-TNBC-0332,syn_0332,rad_onc_followup,2024-05-19,en,notes/SYN-TNBC-0332/rad_onc_followup/2024-05-19__syn_0332.txt
SYN-TNBC-0333,syn_0333,rad_onc_followup,2020-03-23,en,notes/SYN-TNBC-0333/rad_onc_followup/2020-03-23__syn_0333.txt
SYN-TNBC-0334,syn_0334,imaging_report,2020-05-19,en,notes/SYN-TNBC-0334/imaging_report/2020-05-19__syn_0334.txt
SYN-TNBC-0335,syn_0335,surgery_followup,2023-06-23,en,notes/SYN-TNBC-0335/surgery_followup/2023-06-23__syn_0335.txt
SYN-TNBC-0336,syn_0336,imaging_report,2021-06-12,en,notes/SYN-TNBC-0336/imaging_report/2021-06-12__syn_0336.txt
SYN-TNBC-0337,syn_0337,med_onc_note,2021-03-27,en,notes/SYN-TNBC-0337/med_onc_note/2021-03-27__syn_0337.txt
SYN-TNBC-0338,syn_0338,surgery_followup,2024-05-03,en,notes/SYN-TNBC-0338/surgery_followup/2024-05-03__syn_0338.txt
SYN-TNBC-0339,syn_0339,rad_onc_followup,2020-10-14,en,notes/SYN-TNBC-0339/rad_onc_followup/2020-10-14__syn_0339.txt
SYN-TNBC-0340,syn_0340,rad_onc_followup,2020-10-29,en,notes/SYN-TNBC-0340/rad_onc_followup/2020-10-29__syn_0340.txt
SYN-TNBC-0341,syn_0341,surgery_followup,2020-10-22,en,notes/SYN-TNBC-0341/surgery_followup/2020-10-22__syn_0341.txt
SYN-TNBC-0342,syn_0342,surgery_followup,2025-11-24,en,notes/SYN-TNBC-0342/surgery_followup/2025-11-24__syn_0342.txt
SYN-TNBC-0343,syn_0343,med_onc_note,2022-04-19,en,notes/SYN-TNBC-0343/med_onc_note/2022-04-19__syn_0343.txt
SYN-TNBC-0344,syn_0344,med_onc_note,2020-07-19,en,notes/SYN-TNBC-0344/med_onc_note/2020-07-19__syn_0344.txt
SYN-TNBC-0345,syn_0345,surgery_followup,2023-01-26,en,notes/SYN-TNBC-0345/surgery_followup/2023-01-26__syn_0345.txt
SYN-TNBC-0346,syn_0346,med_onc_note,2020-08-05,en,notes/SYN-TNBC-0346/med_onc_note/2020-08-05__syn_0346.txt
SYN-TNBC-0347,syn_0347,med_onc_note,2022-02-17,en,notes/SYN-TNBC-0347/med_onc_note/2022-02-17__syn_0347.txt
SYN-TNBC-0348,syn_0348,med_onc_note,2025-03-02,en,notes/SYN-TNBC-0348/med_onc_note/2025-03-02__syn_0348.txt
SYN-TNBC-0349,syn_0349,med_onc_note,2025-06-16,en,notes/SYN-TNBC-0349/med_onc_note/2025-06-16__syn_0349.txt
SYN-TNBC-0350,syn_0350,med_onc_note,2022-10-21,en,notes/SYN-TNBC-0350/med_onc_note/2022-10-21__syn_0350.txt
SYN-TNBC-0351,syn_0351,med_onc_note,2022-09-05,en,notes/SYN-TNBC-0351/med_onc_note/2022-09-05__syn_0351.txt
SYN-TNBC-0352,syn_0352,imaging_report,2020-12-15,en,notes/SYN-TNBC-0352/imaging_report/2020-12-15__syn_0352.txt
SYN-TNBC-0353,syn_0353,surgery_followup,2020-07-18,en,notes/SYN-TNBC-0353/surgery_followup/2020-07-18__syn_0353.txt
SYN-TNBC-0354,syn_0354,med_onc_note,2022-10-03,en,notes/SYN-TNBC-0354/med_onc_note/2022-10-03__syn_0354.txt
SYN-TNBC-0355,syn_0355,med_onc_note,2022-12-10,en,notes/SYN-TNBC-0355/med_onc_note/2022-12-10__syn_0355.txt
SYN-TNBC-0356,syn_0356,rad_onc_followup,2025-03-18,en,notes/SYN-TNBC-0356/rad_onc_followup/2025-03-18__syn_0356.txt
SYN-TNBC-0357,syn_0357,med_onc_note,2021-11-29,en,notes/SYN-TNBC-0357/med_onc_note/2021-11-29__syn_0357.txt
SYN-TNBC-0358,syn_0358,rad_onc_followup,2023-02-26,en,notes/SYN-TNBC-0358/rad_onc_followup/2023-02-26__syn_0358.txt
SYN-TNBC-0359,syn_0359,med_onc_note,2025-05-20,en,notes/SYN-TNBC-0359/med_onc_note/2025-05-20__syn_0359.txt
SYN-TNBC-0360,syn_0360,med_onc_note,2025-06-17,en,notes/SYN-TNBC-0360/med_onc_note/2025-06-17__syn_0360.txt
SYN-TNBC-0361,syn_0361,surgery_followup,2025-02-15,en,notes/SYN-TNBC-0361/surgery_followup/2025-02-15__syn_0361.txt
SYN-TNBC-0362,syn_0362,surgery_followup,2023-04-16,en,notes/SYN-TNBC-0362/surgery_followup/2023-04-16__syn_0362.txt
SYN-TNBC-0363,syn_0363,med_onc_note,2024-07-30,en,notes/SYN-TNBC-0363/med_onc_note/2024-07-30__syn_0363.txt
SYN-TNBC-0364,syn_0364,surgery_followup,2020-10-10,en,notes/SYN-TNBC-0364/surgery_followup/2020-10-10__syn_0364.txt
SYN-TNBC-0365,syn_0365,med_onc_note,2020-01-07,en,notes/SYN-TNBC-0365/med_onc_note/2020-01-07__syn_0365.txt
SYN-TNBC-0366,syn_0366,rad_onc_followup,2025-10-15,en,notes/SYN-TNBC-0366/rad_onc_followup/2025-10-15__syn_0366.txt
SYN-TNBC-0367,syn_0367,surgery_followup,2024-08-25,en,notes/SYN-TNBC-0367/surgery_followup/2024-08-25__syn_0367.txt
SYN-TNBC-0368,syn_0368,med_onc_note,2024-11-17,en,notes/SYN-TNBC-0368/med_onc_note/2024-11-17__syn_0368.txt
SYN-TNBC-0369,syn_0369,surgery_followup,2022-11-19,en,notes/SYN-TNBC-0369/surgery_followup/2022-11-19__syn_0369.txt
SYN-TNBC-0370,syn_0370,med_onc_note,2020-08-13,en,notes/SYN-TNBC-0370/med_onc_note/2020-08-13__syn_0370.txt
SYN-TNBC-0371,syn_0371,med_onc_note,2024-09-13,en,notes/SYN-TNBC-0371/med_onc_note/2024-09-13__syn_0371.txt
SYN-TNBC-0372,syn_0372,surgery_followup,2022-04-19,en,notes/SYN-TNBC-0372/surgery_followup/2022-04-19__syn_0372.txt
SYN-TNBC-0373,syn_0373,rad_onc_followup,2024-03-21,en,notes/SYN-TNBC-0373/rad_onc_followup/2024-03-21__syn_0373.txt
SYN-TNBC-0374,syn_0374,med_onc_note,2021-06-25,en,notes/SYN-TNBC-0374/med_onc_note/2021-06-25__syn_0374.txt
SYN-TNBC-0375,syn_0375,med_onc_note,2020-03-19,en,notes/SYN-TNBC-0375/med_onc_note/2020-03-19__syn_0375.txt
SYN-TNBC-0376,syn_0376,med_onc_note,2025-09-27,en,notes/SYN-TNBC-0376/med_onc_note/2025-09-27__syn_0376.txt
SYN-TNBC-0377,syn_0377,rad_onc_followup,2023-08-13,en,notes/SYN-TNBC-0377/rad_onc_followup/2023-08-13__syn_0377.txt
SYN-TNBC-0378,syn_0378,med_onc_note,2020-02-26,en,notes/SYN-TNBC-0378/med_onc_note/2020-02-26__syn_0378.txt
SYN-TNBC-0379,syn_0379,surgery_followup,2025-02-19,en,notes/SYN-TNBC-0379/surgery_followup/2025-02-19__syn_0379.txt
SYN-TNBC-0380,syn_0380,surgery_followup,2022-12-08,en,notes/SYN-TNBC-0380/surgery_followup/2022-12-08__syn_0380.txt
SYN-TNBC-0381,syn_0381,surgery_followup,2021-09-27,en,notes/SYN-TNBC-0381/surgery_followup/2021-09-27__syn_0381.txt
SYN-TNBC-0382,syn_0382,rad_onc_followup,2021-10-29,en,notes/SYN-TNBC-0382/rad_onc_followup/2021-10-29__syn_0382.txt
SYN-TNBC-0383,syn_0383,med_onc_note,2022-08-20,en,notes/SYN-TNBC-0383/med_onc_note/2022-08-20__syn_0383.txt
SYN-TNBC-0384,syn_0384,med_onc_note,2021-02-05,en,notes/SYN-TNBC-0384/med_onc_note/2021-02-05__syn_0384.txt
SYN-TNBC-0385,syn_0385,med_onc_note,2022-02-01,en,notes/SYN-TNBC-0385/med_onc_note/2022-02-01__syn_0385.txt
SYN-TNBC-0386,syn_0386,med_onc_note,2024-06-27,en,notes/SYN-TNBC-0386/med_onc_note/2024-06-27__syn_0386.txt
SYN-TNBC-0387,syn_0387,surgery_followup,2020-05-04,en,notes/SYN-TNBC-0387/surgery_followup/2020-05-04__syn_0387.txt
SYN-TNBC-0388,syn_0388,med_onc_note,2021-06-30,en,notes/SYN-TNBC-0388/med_onc_note/2021-06-30__syn_0388.txt
SYN-TNBC-0389,syn_0389,med_onc_note,2019-12-15,en,notes/SYN-TNBC-0389/med_onc_note/2019-12-15__syn_0389.txt
SYN-TNBC-0390,syn_0390,med_onc_note,2025-08-07,en,notes/SYN-TNBC-0390/med_onc_note/2025-08-07__syn_0390.txt
SYN-TNBC-0391,syn_0391,rad_onc_followup,2021-12-04,en,notes/SYN-TNBC-0391/rad_onc_followup/2021-12-04__syn_0391.txt
SYN-TNBC-0392,syn_0392,med_onc_note,2024-05-30,en,notes/SYN-TNBC-0392/med_onc_note/2024-05-30__syn_0392.txt
SYN-TNBC-0393,syn_0393,med_onc_note,2024-10-27,en,notes/SYN-TNBC-0393/med_onc_note/2024-10-27__syn_0393.txt
SYN-TNBC-0394,syn_0394,med_onc_note,2025-06-05,en,notes/SYN-TNBC-0394/med_onc_note/2025-06-05__syn_0394.txt
SYN-TNBC-0395,syn_0395,med_onc_note,2020-11-03,en,notes/SYN-TNBC-0395/med_onc_note/2020-11-03__syn_0395.txt
SYN-TNBC-0396,syn_0396,imaging_report,2020-10-30,en,notes/SYN-TNBC-0396/imaging_report/2020-10-30__syn_0396.txt
SYN-TNBC-0397,syn_0397,med_onc_note,2022-05-23,en,notes/SYN-TNBC-0397/med_onc_note/2022-05-23__syn_0397.txt
SYN-TNBC-0398,syn_0398,rad_onc_followup,2023-12-22,en,notes/SYN-TNBC-0398/rad_onc_followup/2023-12-22__syn_0398.txt
SYN-TNBC-0399,syn_0399,med_onc_note,2024-11-04,en,notes/SYN-TNBC-0399/med_onc_note/2024-11-04__syn_0399.txt
SYN-TNBC-0400,syn_0400,surgery_followup,2025-04-18,en,notes/SYN-TNBC-0400/surgery_followup/2025-04-18__syn_0400.txt
SYN-TNBC-0401,syn_0401,rad_onc_followup,2019-12-18,en,notes/SYN-TNBC-0401/rad_onc_followup/2019-12-18__syn_0401.txt
SYN-TNBC-0402,syn_0402,med_onc_note,2025-04-19,en,notes/SYN-TNBC-0402/med_onc_note/2025-04-19__syn_0402.txt
SYN-TNBC-0403,syn_0403,surgery_followup,2022-12-30,en,notes/SYN-TNBC-0403/surgery_followup/2022-12-30__syn_0403.txt
SYN-TNBC-0404,syn_0404,rad_onc_followup,2022-06-06,en,notes/SYN-TNBC-0404/rad_onc_followup/2022-06-06__syn_0404.txt
SYN-TNBC-0405,syn_0405,rad_onc_followup,2024-12-15,en,notes/SYN-TNBC-0405/rad_onc_followup/2024-12-15__syn_0405.txt
SYN-TNBC-0406,syn_0406,rad_onc_followup,2020-05-16,en,notes/SYN-TNBC-0406/rad_onc_followup/2020-05-16__syn_0406.txt
SYN-TNBC-0407,syn_0407,rad_onc_followup,2022-01-13,en,notes/SYN-TNBC-0407/rad_onc_followup/2022-01-13__syn_0407.txt
SYN-TNBC-0408,syn_0408,med_onc_note,2020-10-30,en,notes/SYN-TNBC-0408/med_onc_note/2020-10-30__syn_0408.txt
SYN-TNBC-0409,syn_0409,med_onc_note,2024-01-22,en,notes/SYN-TNBC-0409/med_onc_note/2024-01-22__syn_0409.txt
SYN-TNBC-0410,syn_0410,surgery_followup,2024-03-27,en,notes/SYN-TNBC-0410/surgery_followup/2024-03-27__syn_0410.txt
SYN-TNBC-0411,syn_0411,surgery_followup,2020-03-31,en,notes/SYN-TNBC-0411/surgery_followup/2020-03-31__syn_0411.txt
SYN-TNBC-0412,syn_0412,rad_onc_followup,2020-02-11,en,notes/SYN-TNBC-0412/rad_onc_followup/2020-02-11__syn_0412.txt
SYN-TNBC-0413,syn_0413,med_onc_note,2020-06-27,en,notes/SYN-TNBC-0413/med_onc_note/2020-06-27__syn_0413.txt
SYN-TNBC-0414,syn_0414,med_onc_note,2020-04-15,en,notes/SYN-TNBC-0414/med_onc_note/2020-04-15__syn_0414.txt
SYN-TNBC-0415,syn_0415,med_onc_note,2020-12-05,en,notes/SYN-TNBC-0415/med_onc_note/2020-12-05__syn_0415.txt
SYN-TNBC-0416,syn_0416,med_onc_note,2025-01-01,en,notes/SYN-TNBC-0416/med_onc_note/2025-01-01__syn_0416.txt
SYN-TNBC-0417,syn_0417,surgery_followup,2021-02-15,en,notes/SYN-TNBC-0417/surgery_followup/2021-02-15__syn_0417.txt
SYN-TNBC-0418,syn_0418,surgery_followup,2025-07-15,en,notes/SYN-TNBC-0418/surgery_followup/2025-07-15__syn_0418.txt
SYN-TNBC-0419,syn_0419,rad_onc_followup,2021-07-12,en,notes/SYN-TNBC-0419/rad_onc_followup/2021-07-12__syn_0419.txt
SYN-TNBC-0420,syn_0420,surgery_followup,2025-04-28,en,notes/SYN-TNBC-0420/surgery_followup/2025-04-28__syn_0420.txt
SYN-TNBC-0421,syn_0421,med_onc_note,2024-06-27,en,notes/SYN-TNBC-0421/med_onc_note/2024-06-27__syn_0421.txt
SYN-TNBC-0422,syn_0422,med_onc_note,2020-10-11,en,notes/SYN-TNBC-0422/med_onc_note/2020-10-11__syn_0422.txt
SYN-TNBC-0423,syn_0423,med_onc_note,2020-05-30,en,notes/SYN-TNBC-0423/med_onc_note/2020-05-30__syn_0423.txt
SYN-TNBC-0424,syn_0424,imaging_report,2024-02-12,en,notes/SYN-TNBC-0424/imaging_report/2024-02-12__syn_0424.txt
SYN-TNBC-0425,syn_0425,surgery_followup,2021-11-03,en,notes/SYN-TNBC-0425/surgery_followup/2021-11-03__syn_0425.txt
SYN-TNBC-0426,syn_0426,med_onc_note,2025-01-30,en,notes/SYN-TNBC-0426/med_onc_note/2025-01-30__syn_0426.txt
SYN-TNBC-0427,syn_0427,med_onc_note,2020-09-10,en,notes/SYN-TNBC-0427/med_onc_note/2020-09-10__syn_0427.txt
SYN-TNBC-0428,syn_0428,med_onc_note,2020-05-10,en,notes/SYN-TNBC-0428/med_onc_note/2020-05-10__syn_0428.txt
SYN-TNBC-0429,syn_0429,surgery_followup,2025-09-28,en,notes/SYN-TNBC-0429/surgery_followup/2025-09-28__syn_0429.txt
SYN-TNBC-0430,syn_0430,surgery_followup,2023-06-27,en,notes/SYN-TNBC-0430/surgery_followup/2023-06-27__syn_0430.txt
SYN-TNBC-0431,syn_0431,surgery_followup,2021-08-27,en,notes/SYN-TNBC-0431/surgery_followup/2021-08-27__syn_0431.txt
SYN-TNBC-0432,syn_0432,surgery_followup,2025-10-13,en,notes/SYN-TNBC-0432/surgery_followup/2025-10-13__syn_0432.txt
SYN-TNBC-0433,syn_0433,med_onc_note,2020-04-21,en,notes/SYN-TNBC-0433/med_onc_note/2020-04-21__syn_0433.txt
SYN-TNBC-0434,syn_0434,med_onc_note,2020-11-19,en,notes/SYN-TNBC-0434/med_onc_note/2020-11-19__syn_0434.txt
SYN-TNBC-0435,syn_0435,med_onc_note,2021-12-25,en,notes/SYN-TNBC-0435/med_onc_note/2021-12-25__syn_0435.txt
SYN-TNBC-0436,syn_0436,med_onc_note,2023-07-11,en,notes/SYN-TNBC-0436/med_onc_note/2023-07-11__syn_0436.txt
SYN-TNBC-0437,syn_0437,rad_onc_followup,2021-07-11,en,notes/SYN-TNBC-0437/rad_onc_followup/2021-07-11__syn_0437.txt
SYN-TNBC-0438,syn_0438,med_onc_note,2022-01-11,en,notes/SYN-TNBC-0438/med_onc_note/2022-01-11__syn_0438.txt
SYN-TNBC-0439,syn_0439,rad_onc_followup,2021-09-26,en,notes/SYN-TNBC-0439/rad_onc_followup/2021-09-26__syn_0439.txt
SYN-TNBC-0440,syn_0440,med_onc_note,2024-08-23,en,notes/SYN-TNBC-0440/med_onc_note/2024-08-23__syn_0440.txt
SYN-TNBC-0441,syn_0441,med_onc_note,2022-09-28,en,notes/SYN-TNBC-0441/med_onc_note/2022-09-28__syn_0441.txt
SYN-TNBC-0442,syn_0442,med_onc_note,2022-10-29,en,notes/SYN-TNBC-0442/med_onc_note/2022-10-29__syn_0442.txt
SYN-TNBC-0443,syn_0443,med_onc_note,2020-03-10,en,notes/SYN-TNBC-0443/med_onc_note/2020-03-10__syn_0443.txt
SYN-TNBC-0444,syn_0444,med_onc_note,2025-08-06,en,notes/SYN-TNBC-0444/med_onc_note/2025-08-06__syn_0444.txt
SYN-TNBC-0445,syn_0445,med_onc_note,2021-10-02,en,notes/SYN-TNBC-0445/med_onc_note/2021-10-02__syn_0445.txt
SYN-TNBC-0446,syn_0446,surgery_followup,2022-11-02,en,notes/SYN-TNBC-0446/surgery_followup/2022-11-02__syn_0446.txt
SYN-TNBC-0447,syn_0447,imaging_report,2023-02-01,en,notes/SYN-TNBC-0447/imaging_report/2023-02-01__syn_0447.txt
SYN-TNBC-0448,syn_0448,surgery_followup,2023-04-03,en,notes/SYN-TNBC-0448/surgery_followup/2023-04-03__syn_0448.txt
SYN-TNBC-0449,syn_0449,med_onc_note,2025-09-03,en,notes/SYN-TNBC-0449/med_onc_note/2025-09-03__syn_0449.txt
SYN-TNBC-0450,syn_0450,med_onc_note,2024-03-13,en,notes/SYN-TNBC-0450/med_onc_note/2024-03-13__syn_0450.txt
SYN-TNBC-0451,syn_0451,imaging_report,2023-03-24,en,notes/SYN-TNBC-0451/imaging_report/2023-03-24__syn_0451.txt
SYN-TNBC-0452,syn_0452,imaging_report,2023-11-20,en,notes/SYN-TNBC-0452/imaging_report/2023-11-20__syn_0452.txt
SYN-TNBC-0453,syn_0453,med_onc_note,2021-07-15,en,notes/SYN-TNBC-0453/med_onc_note/2021-07-15__syn_0453.txt
SYN-TNBC-0454,syn_0454,rad_onc_followup,2025-01-25,en,notes/SYN-TNBC-0454/rad_onc_followup/2025-01-25__syn_0454.txt
SYN-TNBC-0455,syn_0455,med_onc_note,2025-03-23,en,notes/SYN-TNBC-0455/med_onc_note/2025-03-23__syn_0455.txt
SYN-TNBC-0456,syn_0456,med_onc_note,2024-05-16,en,notes/SYN-TNBC-0456/med_onc_note/2024-05-16__syn_0456.txt
SYN-TNBC-0457,syn_0457,surgery_followup,2021-01-03,en,notes/SYN-TNBC-0457/surgery_followup/2021-01-03__syn_0457.txt
SYN-TNBC-0458,syn_0458,med_onc_note,2022-09-09,en,notes/SYN-TNBC-0458/med_onc_note/2022-09-09__syn_0458.txt
SYN-TNBC-0459,syn_0459,med_onc_note,2024-02-11,en,notes/SYN-TNBC-0459/med_onc_note/2024-02-11__syn_0459.txt
SYN-TNBC-0460,syn_0460,surgery_followup,2021-06-17,en,notes/SYN-TNBC-0460/surgery_followup/2021-06-17__syn_0460.txt
SYN-TNBC-0461,syn_0461,med_onc_note,2024-03-12,en,notes/SYN-TNBC-0461/med_onc_note/2024-03-12__syn_0461.txt
SYN-TNBC-0462,syn_0462,med_onc_note,2023-09-13,en,notes/SYN-TNBC-0462/med_onc_note/2023-09-13__syn_0462.txt
SYN-TNBC-0463,syn_0463,med_onc_note,2025-07-22,en,notes/SYN-TNBC-0463/med_onc_note/2025-07-22__syn_0463.txt
SYN-TNBC-0464,syn_0464,surgery_followup,2021-10-27,en,notes/SYN-TNBC-0464/surgery_followup/2021-10-27__syn_0464.txt
SYN-TNBC-0465,syn_0465,surgery_followup,2021-03-12,en,notes/SYN-TNBC-0465/surgery_followup/2021-03-12__syn_0465.txt
SYN-TNBC-0466,syn_0466,surgery_followup,2020-12-02,en,notes/SYN-TNBC-0466/surgery_followup/2020-12-02__syn_0466.txt
SYN-TNBC-0467,syn_0467,med_onc_note,2022-09-29,en,notes/SYN-TNBC-0467/med_onc_note/2022-09-29__syn_0467.txt
SYN-TNBC-0468,syn_0468,med_onc_note,2021-06-15,en,notes/SYN-TNBC-0468/med_onc_note/2021-06-15__syn_0468.txt
SYN-TNBC-0469,syn_0469,med_onc_note,2021-09-16,en,notes/SYN-TNBC-0469/med_onc_note/2021-09-16__syn_0469.txt
SYN-TNBC-0470,syn_0470,med_onc_note,2020-12-29,en,notes/SYN-TNBC-0470/med_onc_note/2020-12-29__syn_0470.txt
SYN-TNBC-0471,syn_0471,surgery_followup,2021-03-18,en,notes/SYN-TNBC-0471/surgery_followup/2021-03-18__syn_0471.txt
SYN-TNBC-0472,syn_0472,surgery_followup,2024-09-02,en,notes/SYN-TNBC-0472/surgery_followup/2024-09-02__syn_0472.txt
SYN-TNBC-0473,syn_0473,surgery_followup,2024-08-24,en,notes/SYN-TNBC-0473/surgery_followup/2024-08-24__syn_0473.txt
SYN-TNBC-0474,syn_0474,med_onc_note,2021-10-01,en,notes/SYN-TNBC-0474/med_onc_note/2021-10-01__syn_0474.txt
SYN-TNBC-0475,syn_0475,imaging_report,2021-10-12,en,notes/SYN-TNBC-0475/imaging_report/2021-10-12__syn_0475.txt
SYN-TNBC-0476,syn_0476,rad_onc_followup,2024-07-03,en,notes/SYN-TNBC-0476/rad_onc_followup/2024-07-03__syn_0476.txt
SYN-TNBC-0477,syn_0477,med_onc_note,2020-03-09,en,notes/SYN-TNBC-0477/med_onc_note/2020-03-09__syn_0477.txt
SYN-TNBC-0478,syn_0478,med_onc_note,2023-07-03,en,notes/SYN-TNBC-0478/med_onc_note/2023-07-03__syn_0478.txt
SYN-TNBC-0479,syn_0479,surgery_followup,2020-08-05,en,notes/SYN-TNBC-0479/surgery_followup/2020-08-05__syn_0479.txt
SYN-TNBC-0480,syn_0480,surgery_followup,2020-12-25,en,notes/SYN-TNBC-0480/surgery_followup/2020-12-25__syn_0480.txt
SYN-TNBC-0481,syn_0481,rad_onc_followup,2024-07-31,en,notes/SYN-TNBC-0481/rad_onc_followup/2024-07-31__syn_0481.txt
SYN-TNBC-0482,syn_0482,med_onc_note,2022-05-23,en,notes/SYN-TNBC-0482/med_onc_note/2022-05-23__syn_0482.txt
SYN-TNBC-0483,syn_0483,rad_onc_followup,2023-03-08,en,notes/SYN-TNBC-0483/rad_onc_followup/2023-03-08__syn_0483.txt
SYN-TNBC-0484,syn_0484,surgery_followup,2021-10-05,en,notes/SYN-TNBC-0484/surgery_followup/2021-10-05__syn_0484.txt
SYN-TNBC-0485,syn_0485,med_onc_note,2020-12-04,en,notes/SYN-TNBC-0485/med_onc_note/2020-12-04__syn_0485.txt
SYN-TNBC-0486,syn_0486,rad_onc_followup,2021-12-22,en,notes/SYN-TNBC-0486/rad_onc_followup/2021-12-22__syn_0486.txt
SYN-TNBC-0487,syn_0487,med_onc_note,2024-12-18,en,notes/SYN-TNBC-0487/med_onc_note/2024-12-18__syn_0487.txt
SYN-TNBC-0488,syn_0488,med_onc_note,2025-09-08,en,notes/SYN-TNBC-0488/med_onc_note/2025-09-08__syn_0488.txt
SYN-TNBC-0489,syn_0489,med_onc_note,2020-06-18,en,notes/SYN-TNBC-0489/med_onc_note/2020-06-18__syn_0489.txt
SYN-TNBC-0001,syn_0490,rad_onc_followup,2020-08-21,en,notes/SYN-TNBC-0001/rad_onc_followup/2020-08-21__syn_0490.txt
SYN-TNBC-0002,syn_0491,rad_onc_followup,2022-09-10,en,notes/SYN-TNBC-0002/rad_onc_followup/2022-09-10__syn_0491.txt
SYN-TNBC-0003,syn_0492,rad_onc_followup,2024-01-09,en,notes/SYN-TNBC-0003/rad_onc_followup/2024-01-09__syn_0492.txt
SYN-TNBC-0004,syn_0493,med_onc_note,2024-09-11,en,notes/SYN-TNBC-0004/med_onc_note/2024-09-11__syn_0493.txt
SYN-TNBC-0005,syn_0494,rad_onc_followup,2020-05-24,en,notes/SYN-TNBC-0005/rad_onc_followup/2020-05-24__syn_0494.txt
SYN-TNBC-0006,syn_0495,rad_onc_followup,2025-08-03,en,notes/SYN-TNBC-0006/rad_onc_followup/2025-08-03__syn_0495.txt
SYN-TNBC-0007,syn_0496,rad_onc_followup,2022-12-04,en,notes/SYN-TNBC-0007/rad_onc_followup/2022-12-04__syn_0496.txt
SYN-TNBC-0008,syn_0497,rad_onc_followup,2021-05-01,en,notes/SYN-TNBC-0008/rad_onc_followup/2021-05-01__syn_0497.txt
SYN-TNBC-0009,syn_0498,rad_onc_followup,2021-11-02,en,notes/SYN-TNBC-0009/rad_onc_followup/2021-11-02__syn_0498.txt
SYN-TNBC-0010,syn_0499,lab_report,2021-12-22,en,notes/SYN-TNBC-0010/lab_report/2021-12-22__syn_0499.txt
SYN-TNBC-0011,syn_0500,rad_onc_followup,2022-03-23,en,notes/SYN-TNBC-0011/rad_onc_followup/2022-03-23__syn_0500.txt
SYN-TNBC-0012,syn_0501,rad_onc_followup,2020-03-07,en,notes/SYN-TNBC-0012/rad_onc_followup/2020-03-07__syn_0501.txt
SYN-TNBC-0013,syn_0502,rad_onc_followup,2023-12-03,en,notes/SYN-TNBC-0013/rad_onc_followup/2023-12-03__syn_0502.txt
SYN-TNBC-0014,syn_0503,rad_onc_followup,2025-05-21,en,notes/SYN-TNBC-0014/rad_onc_followup/2025-05-21__syn_0503.txt
SYN-TNBC-0015,syn_0504,rad_onc_followup,2022-05-09,en,notes/SYN-TNBC-0015/rad_onc_followup/2022-05-09__syn_0504.txt
SYN-TNBC-0016,syn_0505,rad_onc_followup,2025-07-07,en,notes/SYN-TNBC-0016/rad_onc_followup/2025-07-07__syn_0505.txt
SYN-TNBC-0017,syn_0506,rad_onc_followup,2020-11-07,en,notes/SYN-TNBC-0017/rad_onc_followup/2020-11-07__syn_0506.txt
SYN-TNBC-0018,syn_0507,rad_onc_followup,2020-03-23,en,notes/SYN-TNBC-0018/rad_onc_followup/2020-03-23__syn_0507.txt
SYN-TNBC-0019,syn_0508,rad_onc_followup,2026-01-13,en,notes/SYN-TNBC-0019/rad_onc_followup/2026-01-13__syn_0508.txt
SYN-TNBC-0020,syn_0509,med_onc_note,2024-05-18,en,notes/SYN-TNBC-0020/med_onc_note/2024-05-18__syn_0509.txt
SYN-TNBC-0021,syn_0510,med_onc_note,2021-02-24,en,notes/SYN-TNBC-0021/med_onc_note/2021-02-24__syn_0510.txt
SYN-TNBC-0022,syn_0511,lab_report,2020-08-21,en,notes/SYN-TNBC-0022/lab_report/2020-08-21__syn_0511.txt
SYN-TNBC-0023,syn_0512,rad_onc_followup,2023-03-03,en,notes/SYN-TNBC-0023/rad_onc_followup/2023-03-03__syn_0512.txt
SYN-TNBC-0024,syn_0513,rad_onc_followup,2023-12-10,en,notes/SYN-TNBC-0024/rad_onc_followup/2023-12-10__syn_0513.txt
SYN-TNBC-0025,syn_0514,med_onc_note,2024-05-13,en,notes/SYN-TNBC-0025/med_onc_note/2024-05-13__syn_0514.txt
SYN-TNBC-0026,syn_0515,rad_onc_followup,2020-03-17,en,notes/SYN-TNBC-0026/rad_onc_followup/2020-03-17__syn_0515.txt
SYN-TNBC-0027,syn_0516,lab_report,2021-11-07,en,notes/SYN-TNBC-0027/lab_report/2021-11-07__syn_0516.txt
SYN-TNBC-0028,syn_0517,med_onc_note,2024-02-21,en,notes/SYN-TNBC-0028/med_onc_note/2024-02-21__syn_0517.txt
SYN-TNBC-0029,syn_0518,med_onc_note,2025-08-22,en,notes/SYN-TNBC-0029/med_onc_note/2025-08-22__syn_0518.txt
SYN-TNBC-0030,syn_0519,rad_onc_followup,2024-05-20,en,notes/SYN-TNBC-0030/rad_onc_followup/2024-05-20__syn_0519.txt
SYN-TNBC-0031,syn_0520,rad_onc_followup,2020-02-29,en,notes/SYN-TNBC-0031/rad_onc_followup/2020-02-29__syn_0520.txt
SYN-TNBC-0032,syn_0521,rad_onc_followup,2024-12-10,en,notes/SYN-TNBC-0032/rad_onc_followup/2024-12-10__syn_0521.txt
SYN-TNBC-0033,syn_0522,rad_onc_followup,2020-11-13,en,notes/SYN-TNBC-0033/rad_onc_followup/2020-11-13__syn_0522.txt
SYN-TNBC-0034,syn_0523,rad_onc_followup,2023-10-15,en,notes/SYN-TNBC-0034/rad_onc_followup/2023-10-15__syn_0523.txt
SYN-TNBC-0035,syn_0524,med_onc_note,2024-02-08,en,notes/SYN-TNBC-0035/med_onc_note/2024-02-08__syn_0524.txt
SYN-TNBC-0036,syn_0525,rad_onc_followup,2022-12-07,en,notes/SYN-TNBC-0036/rad_onc_followup/2022-12-07__syn_0525.txt
SYN-TNBC-0037,syn_0526,lab_report,2025-09-06,en,notes/SYN-TNBC-0037/lab_report/2025-09-06__syn_0526.txt
SYN-TNBC-0038,syn_0527,rad_onc_followup,2023-08-13,en,notes/SYN-TNBC-0038/rad_onc_followup/2023-08-13__syn_0527.txt
SYN-TNBC-0039,syn_0528,rad_onc_followup,2021-06-05,en,notes/SYN-TNBC-0039/rad_onc_followup/2021-06-05__syn_0528.txt
SYN-TNBC-0040,syn_0529,rad_onc_followup,2022-03-26,en,notes/SYN-TNBC-0040/rad_onc_followup/2022-03-26__syn_0529.txt
SYN-TNBC-0041,syn_0530,rad_onc_followup,2020-08-29,en,notes/SYN-TNBC-0041/rad_onc_followup/2020-08-29__syn_0530.txt
SYN-TNBC-0042,syn_0531,rad_onc_followup,2021-11-24,en,notes/SYN-TNBC-0042/rad_onc_followup/2021-11-24__syn_0531.txt
SYN-TNBC-0043,syn_0532,rad_onc_followup,2023-08-24,en,notes/SYN-TNBC-0043/rad_onc_followup/2023-08-24__syn_0532.txt
SYN-TNBC-0044,syn_0533,med_onc_note,2022-06-19,en,notes/SYN-TNBC-0044/med_onc_note/2022-06-19__syn_0533.txt
SYN-TNBC-0045,syn_0534,med_onc_note,2021-05-11,en,notes/SYN-TNBC-0045/med_onc_note/2021-05-11__syn_0534.txt
SYN-TNBC-0046,syn_0535,rad_onc_followup,2025-12-20,en,notes/SYN-TNBC-0046/rad_onc_followup/2025-12-20__syn_0535.txt
SYN-TNBC-0047,syn_0536,rad_onc_followup,2023-06-24,en,notes/SYN-TNBC-0047/rad_onc_followup/2023-06-24__syn_0536.txt
SYN-TNBC-0048,syn_0537,rad_onc_followup,2020-10-05,en,notes/SYN-TNBC-0048/rad_onc_followup/2020-10-05__syn_0537.txt
SYN-TNBC-0049,syn_0538,rad_onc_followup,2024-07-20,en,notes/SYN-TNBC-0049/rad_onc_followup/2024-07-20__syn_0538.txt
SYN-TNBC-0050,syn_0539,rad_onc_followup,2021-11-18,en,notes/SYN-TNBC-0050/rad_onc_followup/2021-11-18__syn_0539.txt
SYN-TNBC-0051,syn_0540,rad_onc_followup,2020-12-21,en,notes/SYN-TNBC-0051/rad_onc_followup/2020-12-21__syn_0540.txt
SYN-TNBC-0052,syn_0541,rad_onc_followup,2025-11-20,en,notes/SYN-TNBC-0052/rad_onc_followup/2025-11-20__syn_0541.txt
SYN-TNBC-0053,syn_0542,rad_onc_followup,2021-04-02,en,notes/SYN-TNBC-0053/rad_onc_followup/2021-04-02__syn_0542.txt
SYN-TNBC-0054,syn_0543,med_onc_note,2021-08-27,en,notes/SYN-TNBC-0054/med_onc_note/2021-08-27__syn_0543.txt
SYN-TNBC-0055,syn_0544,rad_onc_followup,2025-11-05,en,notes/SYN-TNBC-0055/rad_onc_followup/2025-11-05__syn_0544.txt
SYN-TNBC-0056,syn_0545,rad_onc_followup,2020-01-21,en,notes/SYN-TNBC-0056/rad_onc_followup/2020-01-21__syn_0545.txt
SYN-TNBC-0057,syn_0546,lab_report,2021-12-22,en,notes/SYN-TNBC-0057/lab_report/2021-12-22__syn_0546.txt
SYN-TNBC-0058,syn_0547,rad_onc_followup,2024-07-05,en,notes/SYN-TNBC-0058/rad_onc_followup/2024-07-05__syn_0547.txt
SYN-TNBC-0059,syn_0548,rad_onc_followup,2022-05-08,en,notes/SYN-TNBC-0059/rad_onc_followup/2022-05-08__syn_0548.txt
SYN-TNBC-0060,syn_0549,rad_onc_followup,2021-07-25,en,notes/SYN-TNBC-0060/rad_onc_followup/2021-07-25__syn_0549.txt
SYN-TNBC-0061,syn_0550,rad_onc_followup,2024-09-24,en,notes/SYN-TNBC-0061/rad_onc_followup/2024-09-24__syn_0550.txt
SYN-TNBC-0062,syn_0551,rad_onc_followup,2021-03-05,en,notes/SYN-TNBC-0062/rad_onc_followup/2021-03-05__syn_0551.txt
SYN-TNBC-0063,syn_0552,rad_onc_followup,2020-03-14,en,notes/SYN-TNBC-0063/rad_onc_followup/2020-03-14__syn_0552.txt
SYN-TNBC-0064,syn_0553,rad_onc_followup,2020-10-28,en,notes/SYN-TNBC-0064/rad_onc_followup/2020-10-28__syn_0553.txt
SYN-TNBC-0065,syn_0554,rad_onc_followup,2021-08-02,en,notes/SYN-TNBC-0065/rad_onc_followup/2021-08-02__syn_0554.txt
SYN-TNBC-0066,syn_0555,rad_onc_followup,2022-02-27,en,notes/SYN-TNBC-0066/rad_onc_followup/2022-02-27__syn_0555.txt
SYN-TNBC-0067,syn_0556,rad_onc_followup,2025-07-19,en,notes/SYN-TNBC-0067/rad_onc_followup/2025-07-19__syn_0556.txt
SYN-TNBC-0068,syn_0557,med_onc_note,2025-05-07,en,notes/SYN-TNBC-0068/med_onc_note/2025-05-07__syn_0557.txt
SYN-TNBC-0069,syn_0558,rad_onc_followup,2020-07-04,en,notes/SYN-TNBC-0069/rad_onc_followup/2020-07-04__syn_0558.txt
SYN-TNBC-0070,syn_0559,rad_onc_followup,2023-03-18,en,notes/SYN-TNBC-0070/rad_onc_followup/2023-03-18__syn_0559.txt
SYN-TNBC-0071,syn_0560,rad_onc_followup,2024-01-27,en,notes/SYN-TNBC-0071/rad_onc_followup/2024-01-27__syn_0560.txt
SYN-TNBC-0072,syn_0561,rad_onc_followup,2021-12-21,en,notes/SYN-TNBC-0072/rad_onc_followup/2021-12-21__syn_0561.txt
SYN-TNBC-0073,syn_0562,rad_onc_followup,2020-06-13,en,notes/SYN-TNBC-0073/rad_onc_followup/2020-06-13__syn_0562.txt
SYN-TNBC-0074,syn_0563,med_onc_note,2020-03-29,en,notes/SYN-TNBC-0074/med_onc_note/2020-03-29__syn_0563.txt
SYN-TNBC-0075,syn_0564,rad_onc_followup,2022-07-08,en,notes/SYN-TNBC-0075/rad_onc_followup/2022-07-08__syn_0564.txt
SYN-TNBC-0076,syn_0565,lab_report,2025-05-31,en,notes/SYN-TNBC-0076/lab_report/2025-05-31__syn_0565.txt
SYN-TNBC-0077,syn_0566,med_onc_note,2023-07-30,en,notes/SYN-TNBC-0077/med_onc_note/2023-07-30__syn_0566.txt
SYN-TNBC-0078,syn_0567,rad_onc_followup,2022-09-27,en,notes/SYN-TNBC-0078/rad_onc_followup/2022-09-27__syn_0567.txt
SYN-TNBC-0079,syn_0568,med_onc_note,2023-11-21,en,notes/SYN-TNBC-0079/med_onc_note/2023-11-21__syn_0568.txt
SYN-TNBC-0080,syn_0569,rad_onc_followup,2020-04-05,en,notes/SYN-TNBC-0080/rad_onc_followup/2020-04-05__syn_0569.txt
SYN-TNBC-0081,syn_0570,rad_onc_followup,2020-03-21,en,notes/SYN-TNBC-0081/rad_onc_followup/2020-03-21__syn_0570.txt
SYN-TNBC-0082,syn_0571,lab_report,2020-12-06,en,notes/SYN-TNBC-0082/lab_report/2020-12-06__syn_0571.txt
SYN-TNBC-0083,syn_0572,med_onc_note,2021-11-08,en,notes/SYN-TNBC-0083/med_onc_note/2021-11-08__syn_0572.txt
SYN-TNBC-0084,syn_0573,rad_onc_followup,2025-02-22,en,notes/SYN-TNBC-0084/rad_onc_followup/2025-02-22__syn_0573.txt
SYN-TNBC-0085,syn_0574,rad_onc_followup,2025-02-10,en,notes/SYN-TNBC-0085/rad_onc_followup/2025-02-10__syn_0574.txt
SYN-TNBC-0086,syn_0575,rad_onc_followup,2023-11-13,en,notes/SYN-TNBC-0086/rad_onc_followup/2023-11-13__syn_0575.txt
SYN-TNBC-0087,syn_0576,rad_onc_followup,2022-12-05,en,notes/SYN-TNBC-0087/rad_onc_followup/2022-12-05__syn_0576.txt
SYN-TNBC-0088,syn_0577,rad_onc_followup,2023-10-23,en,notes/SYN-TNBC-0088/rad_onc_followup/2023-10-23__syn_0577.txt
SYN-TNBC-0089,syn_0578,rad_onc_followup,2024-01-21,en,notes/SYN-TNBC-0089/rad_onc_followup/2024-01-21__syn_0578.txt
SYN-TNBC-0090,syn_0579,med_onc_note,2021-05-25,en,notes/SYN-TNBC-0090/med_onc_note/2021-05-25__syn_0579.txt
SYN-TNBC-0091,syn_0580,rad_onc_followup,2021-01-10,en,notes/SYN-TNBC-0091/rad_onc_followup/2021-01-10__syn_0580.txt
SYN-TNBC-0092,syn_0581,med_onc_note,2021-04-01,en,notes/SYN-TNBC-0092/med_onc_note/2021-04-01__syn_0581.txt
SYN-TNBC-0093,syn_0582,rad_onc_followup,2025-05-07,en,notes/SYN-TNBC-0093/rad_onc_followup/2025-05-07__syn_0582.txt
SYN-TNBC-0094,syn_0583,rad_onc_followup,2021-09-16,en,notes/SYN-TNBC-0094/rad_onc_followup/2021-09-16__syn_0583.txt
SYN-TNBC-0095,syn_0584,rad_onc_followup,2020-03-05,en,notes/SYN-TNBC-0095/rad_onc_followup/2020-03-05__syn_0584.txt
SYN-TNBC-0096,syn_0585,lab_report,2023-03-13,en,notes/SYN-TNBC-0096/lab_report/2023-03-13__syn_0585.txt
SYN-TNBC-0097,syn_0586,rad_onc_followup,2020-06-23,en,notes/SYN-TNBC-0097/rad_onc_followup/2020-06-23__syn_0586.txt
SYN-TNBC-0098,syn_0587,rad_onc_followup,2020-10-29,en,notes/SYN-TNBC-0098/rad_onc_followup/2020-10-29__syn_0587.txt
SYN-TNBC-0099,syn_0588,rad_onc_followup,2023-06-20,en,notes/SYN-TNBC-0099/rad_onc_followup/2023-06-20__syn_0588.txt
SYN-TNBC-0100,syn_0589,rad_onc_followup,2025-04-13,en,notes/SYN-TNBC-0100/rad_onc_followup/2025-04-13__syn_0589.txt
SYN-TNBC-0101,syn_0590,rad_onc_followup,2023-08-29,en,notes/SYN-TNBC-0101/rad_onc_followup/2023-08-29__syn_0590.txt
SYN-TNBC-0102,syn_0591,rad_onc_followup,2023-09-18,en,notes/SYN-TNBC-0102/rad_onc_followup/2023-09-18__syn_0591.txt
SYN-TNBC-0103,syn_0592,rad_onc_followup,2023-07-04,en,notes/SYN-TNBC-0103/rad_onc_followup/2023-07-04__syn_0592.txt
SYN-TNBC-0104,syn_0593,rad_onc_followup,2025-03-15,en,notes/SYN-TNBC-0104/rad_onc_followup/2025-03-15__syn_0593.txt
SYN-TNBC-0105,syn_0594,rad_onc_followup,2025-03-17,en,notes/SYN-TNBC-0105/rad_onc_followup/2025-03-17__syn_0594.txt
SYN-TNBC-0106,syn_0595,med_onc_note,2020-07-20,en,notes/SYN-TNBC-0106/med_onc_note/2020-07-20__syn_0595.txt
SYN-TNBC-0107,syn_0596,rad_onc_followup,2023-07-07,en,notes/SYN-TNBC-0107/rad_onc_followup/2023-07-07__syn_0596.txt
SYN-TNBC-0108,syn_0597,rad_onc_followup,2022-04-08,en,notes/SYN-TNBC-0108/rad_onc_followup/2022-04-08__syn_0597.txt
SYN-TNBC-0109,syn_0598,rad_onc_followup,2023-03-26,en,notes/SYN-TNBC-0109/rad_onc_followup/2023-03-26__syn_0598.txt
SYN-TNBC-0110,syn_0599,rad_onc_followup,2023-01-01,en,notes/SYN-TNBC-0110/rad_onc_followup/2023-01-01__syn_0599.txt
SYN-TNBC-0111,syn_0600,rad_onc_followup,2023-04-21,en,notes/SYN-TNBC-0111/rad_onc_followup/2023-04-21__syn_0600.txt
SYN-TNBC-0112,syn_0601,rad_onc_followup,2021-07-10,en,notes/SYN-TNBC-0112/rad_onc_followup/2021-07-10__syn_0601.txt
SYN-TNBC-0113,syn_0602,rad_onc_followup,2020-10-11,en,notes/SYN-TNBC-0113/rad_onc_followup/2020-10-11__syn_0602.txt
SYN-TNBC-0114,syn_0603,rad_onc_followup,2025-03-30,en,notes/SYN-TNBC-0114/rad_onc_followup/2025-03-30__syn_0603.txt
SYN-TNBC-0115,syn_0604,rad_onc_followup,2023-06-26,en,notes/SYN-TNBC-0115/rad_onc_followup/2023-06-26__syn_0604.txt
SYN-TNBC-0116,syn_0605,rad_onc_followup,2021-07-08,en,notes/SYN-TNBC-0116/rad_onc_followup/2021-07-08__syn_0605.txt
SYN-TNBC-0117,syn_0606,rad_onc_followup,2024-06-28,en,notes/SYN-TNBC-0117/rad_onc_followup/2024-06-28__syn_0606.txt
SYN-TNBC-0118,syn_0607,med_onc_note,2025-10-29,en,notes/SYN-TNBC-0118/med_onc_note/2025-10-29__syn_0607.txt
SYN-TNBC-0119,syn_0608,rad_onc_followup,2021-09-04,en,notes/SYN-TNBC-0119/rad_onc_followup/2021-09-04__syn_0608.txt
SYN-TNBC-0120,syn_0609,rad_onc_followup,2020-08-03,en,notes/SYN-TNBC-0120/rad_onc_followup/2020-08-03__syn_0609.txt
SYN-TNBC-0121,syn_0610,rad_onc_followup,2023-08-22,en,notes/SYN-TNBC-0121/rad_onc_followup/2023-08-22__syn_0610.txt
SYN-TNBC-0122,syn_0611,rad_onc_followup,2021-06-09,en,notes/SYN-TNBC-0122/rad_onc_followup/2021-06-09__syn_0611.txt
SYN-TNBC-0123,syn_0612,med_onc_note,2023-04-12,en,notes/SYN-TNBC-0123/med_onc_note/2023-04-12__syn_0612.txt
SYN-TNBC-0124,syn_0613,rad_onc_followup,2023-09-05,en,notes/SYN-TNBC-0124/rad_onc_followup/2023-09-05__syn_0613.txt
SYN-TNBC-0125,syn_0614,imaging_report,2022-10-28,en,notes/SYN-TNBC-0125/imaging_report/2022-10-28__syn_0614.txt
SYN-TNBC-0126,syn_0615,rad_onc_followup,2024-10-08,en,notes/SYN-TNBC-0126/rad_onc_followup/2024-10-08__syn_0615.txt
SYN-TNBC-0127,syn_0616,rad_onc_followup,2021-10-08,en,notes/SYN-TNBC-0127/rad_onc_followup/2021-10-08__syn_0616.txt
SYN-TNBC-0128,syn_0617,rad_onc_followup,2024-01-02,en,notes/SYN-TNBC-0128/rad_onc_followup/2024-01-02__syn_0617.txt
SYN-TNBC-0129,syn_0618,imaging_report,2022-01-12,en,notes/SYN-TNBC-0129/imaging_report/2022-01-12__syn_0618.txt
SYN-TNBC-0130,syn_0619,rad_onc_followup,2021-09-01,en,notes/SYN-TNBC-0130/rad_onc_followup/2021-09-01__syn_0619.txt
SYN-TNBC-0131,syn_0620,med_onc_note,2022-02-11,en,notes/SYN-TNBC-0131/med_onc_note/2022-02-11__syn_0620.txt
SYN-TNBC-0132,syn_0621,rad_onc_followup,2023-05-29,en,notes/SYN-TNBC-0132/rad_onc_followup/2023-05-29__syn_0621.txt
SYN-TNBC-0133,syn_0622,rad_onc_followup,2020-02-03,en,notes/SYN-TNBC-0133/rad_onc_followup/2020-02-03__syn_0622.txt
SYN-TNBC-0134,syn_0623,rad_onc_followup,2022-12-31,en,notes/SYN-TNBC-0134/rad_onc_followup/2022-12-31__syn_0623.txt
SYN-TNBC-0135,syn_0624,rad_onc_followup,2022-07-10,en,notes/SYN-TNBC-0135/rad_onc_followup/2022-07-10__syn_0624.txt
SYN-TNBC-0136,syn_0625,rad_onc_followup,2025-05-29,en,notes/SYN-TNBC-0136/rad_onc_followup/2025-05-29__syn_0625.txt
SYN-TNBC-0137,syn_0626,rad_onc_followup,2024-01-24,en,notes/SYN-TNBC-0137/rad_onc_followup/2024-01-24__syn_0626.txt
SYN-TNBC-0138,syn_0627,lab_report,2021-03-11,en,notes/SYN-TNBC-0138/lab_report/2021-03-11__syn_0627.txt
SYN-TNBC-0139,syn_0628,rad_onc_followup,2020-06-15,en,notes/SYN-TNBC-0139/rad_onc_followup/2020-06-15__syn_0628.txt
SYN-TNBC-0140,syn_0629,rad_onc_followup,2020-08-19,en,notes/SYN-TNBC-0140/rad_onc_followup/2020-08-19__syn_0629.txt
SYN-TNBC-0141,syn_0630,rad_onc_followup,2023-12-16,en,notes/SYN-TNBC-0141/rad_onc_followup/2023-12-16__syn_0630.txt
SYN-TNBC-0142,syn_0631,rad_onc_followup,2023-03-21,en,notes/SYN-TNBC-0142/rad_onc_followup/2023-03-21__syn_0631.txt
SYN-TNBC-0143,syn_0632,rad_onc_followup,2025-09-10,en,notes/SYN-TNBC-0143/rad_onc_followup/2025-09-10__syn_0632.txt
SYN-TNBC-0144,syn_0633,rad_onc_followup,2023-01-06,en,notes/SYN-TNBC-0144/rad_onc_followup/2023-01-06__syn_0633.txt
SYN-TNBC-0145,syn_0634,rad_onc_followup,2021-09-11,en,notes/SYN-TNBC-0145/rad_onc_followup/2021-09-11__syn_0634.txt
SYN-TNBC-0146,syn_0635,med_onc_note,2023-01-19,en,notes/SYN-TNBC-0146/med_onc_note/2023-01-19__syn_0635.txt
SYN-TNBC-0147,syn_0636,rad_onc_followup,2025-07-22,en,notes/SYN-TNBC-0147/rad_onc_followup/2025-07-22__syn_0636.txt
SYN-TNBC-0148,syn_0637,lab_report,2021-05-04,en,notes/SYN-TNBC-0148/lab_report/2021-05-04__syn_0637.txt
SYN-TNBC-0149,syn_0638,rad_onc_followup,2024-06-30,en,notes/SYN-TNBC-0149/rad_onc_followup/2024-06-30__syn_0638.txt
SYN-TNBC-0150,syn_0639,rad_onc_followup,2020-12-13,en,notes/SYN-TNBC-0150/rad_onc_followup/2020-12-13__syn_0639.txt
SYN-TNBC-0151,syn_0640,rad_onc_followup,2024-07-13,en,notes/SYN-TNBC-0151/rad_onc_followup/2024-07-13__syn_0640.txt
SYN-TNBC-0152,syn_0641,rad_onc_followup,2021-06-17,en,notes/SYN-TNBC-0152/rad_onc_followup/2021-06-17__syn_0641.txt
SYN-TNBC-0153,syn_0642,rad_onc_followup,2020-09-08,en,notes/SYN-TNBC-0153/rad_onc_followup/2020-09-08__syn_0642.txt
SYN-TNBC-0154,syn_0643,rad_onc_followup,2020-01-27,en,notes/SYN-TNBC-0154/rad_onc_followup/2020-01-27__syn_0643.txt
SYN-TNBC-0155,syn_0644,rad_onc_followup,2021-10-26,en,notes/SYN-TNBC-0155/rad_onc_followup/2021-10-26__syn_0644.txt
SYN-TNBC-0156,syn_0645,rad_onc_followup,2024-05-30,en,notes/SYN-TNBC-0156/rad_onc_followup/2024-05-30__syn_0645.txt
SYN-TNBC-0157,syn_0646,rad_onc_followup,2024-05-14,en,notes/SYN-TNBC-0157/rad_onc_followup/2024-05-14__syn_0646.txt
SYN-TNBC-0158,syn_0647,rad_onc_followup,2021-06-16,en,notes/SYN-TNBC-0158/rad_onc_followup/2021-06-16__syn_0647.txt
SYN-TNBC-0159,syn_0648,rad_onc_followup,2022-08-16,en,notes/SYN-TNBC-0159/rad_onc_followup/2022-08-16__syn_0648.txt
SYN-TNBC-0160,syn_0649,lab_report,2023-09-28,en,notes/SYN-TNBC-0160/lab_report/2023-09-28__syn_0649.txt
SYN-TNBC-0161,syn_0650,med_onc_note,2021-02-25,en,notes/SYN-TNBC-0161/med_onc_note/2021-02-25__syn_0650.txt
SYN-TNBC-0162,syn_0651,rad_onc_followup,2024-01-28,en,notes/SYN-TNBC-0162/rad_onc_followup/2024-01-28__syn_0651.txt
SYN-TNBC-0163,syn_0652,med_onc_note,2022-09-04,en,notes/SYN-TNBC-0163/med_onc_note/2022-09-04__syn_0652.txt
SYN-TNBC-0164,syn_0653,rad_onc_followup,2022-04-22,en,notes/SYN-TNBC-0164/rad_onc_followup/2022-04-22__syn_0653.txt
SYN-TNBC-0165,syn_0654,rad_onc_followup,2022-02-12,en,notes/SYN-TNBC-0165/rad_onc_followup/2022-02-12__syn_0654.txt
SYN-TNBC-0166,syn_0655,med_onc_note,2020-02-21,en,notes/SYN-TNBC-0166/med_onc_note/2020-02-21__syn_0655.txt
SYN-TNBC-0167,syn_0656,lab_report,2021-03-05,en,notes/SYN-TNBC-0167/lab_report/2021-03-05__syn_0656.txt
SYN-TNBC-0168,syn_0657,rad_onc_followup,2021-01-18,en,notes/SYN-TNBC-0168/rad_onc_followup/2021-01-18__syn_0657.txt
SYN-TNBC-0169,syn_0658,rad_onc_followup,2024-12-27,en,notes/SYN-TNBC-0169/rad_onc_followup/2024-12-27__syn_0658.txt
SYN-TNBC-0170,syn_0659,rad_onc_followup,2023-03-07,en,notes/SYN-TNBC-0170/rad_onc_followup/2023-03-07__syn_0659.txt
SYN-TNBC-0171,syn_0660,rad_onc_followup,2023-01-23,en,notes/SYN-TNBC-0171/rad_onc_followup/2023-01-23__syn_0660.txt
SYN-TNBC-0172,syn_0661,rad_onc_followup,2021-01-30,en,notes/SYN-TNBC-0172/rad_onc_followup/2021-01-30__syn_0661.txt
SYN-TNBC-0173,syn_0662,med_onc_note,2022-12-23,en,notes/SYN-TNBC-0173/med_onc_note/2022-12-23__syn_0662.txt
SYN-TNBC-0174,syn_0663,rad_onc_followup,2025-06-04,en,notes/SYN-TNBC-0174/rad_onc_followup/2025-06-04__syn_0663.txt
SYN-TNBC-0175,syn_0664,rad_onc_followup,2020-11-05,en,notes/SYN-TNBC-0175/rad_onc_followup/2020-11-05__syn_0664.txt
SYN-TNBC-0176,syn_0665,rad_onc_followup,2025-09-03,en,notes/SYN-TNBC-0176/rad_onc_followup/2025-09-03__syn_0665.txt
SYN-TNBC-0177,syn_0666,rad_onc_followup,2022-06-03,en,notes/SYN-TNBC-0177/rad_onc_followup/2022-06-03__syn_0666.txt
SYN-TNBC-0178,syn_0667,rad_onc_followup,2024-03-29,en,notes/SYN-TNBC-0178/rad_onc_followup/2024-03-29__syn_0667.txt
SYN-TNBC-0179,syn_0668,med_onc_note,2022-12-24,en,notes/SYN-TNBC-0179/med_onc_note/2022-12-24__syn_0668.txt
SYN-TNBC-0180,syn_0669,rad_onc_followup,2022-08-28,en,notes/SYN-TNBC-0180/rad_onc_followup/2022-08-28__syn_0669.txt
SYN-TNBC-0181,syn_0670,rad_onc_followup,2023-11-24,en,notes/SYN-TNBC-0181/rad_onc_followup/2023-11-24__syn_0670.txt
SYN-TNBC-0182,syn_0671,rad_onc_followup,2024-05-18,en,notes/SYN-TNBC-0182/rad_onc_followup/2024-05-18__syn_0671.txt
SYN-TNBC-0183,syn_0672,rad_onc_followup,2023-10-01,en,notes/SYN-TNBC-0183/rad_onc_followup/2023-10-01__syn_0672.txt
SYN-TNBC-0184,syn_0673,rad_onc_followup,2025-03-28,en,notes/SYN-TNBC-0184/rad_onc_followup/2025-03-28__syn_0673.txt
SYN-TNBC-0185,syn_0674,rad_onc_followup,2021-10-07,en,notes/SYN-TNBC-0185/rad_onc_followup/2021-10-07__syn_0674.txt
SYN-TNBC-0186,syn_0675,rad_onc_followup,2023-03-02,en,notes/SYN-TNBC-0186/rad_onc_followup/2023-03-02__syn_0675.txt
SYN-TNBC-0187,syn_0676,rad_onc_followup,2020-06-04,en,notes/SYN-TNBC-0187/rad_onc_followup/2020-06-04__syn_0676.txt
SYN-TNBC-0188,syn_0677,med_onc_note,2022-08-07,en,notes/SYN-TNBC-0188/med_onc_note/2022-08-07__syn_0677.txt
SYN-TNBC-0189,syn_0678,rad_onc_followup,2024-08-07,en,notes/SYN-TNBC-0189/rad_onc_followup/2024-08-07__syn_0678.txt
SYN-TNBC-0190,syn_0679,rad_onc_followup,2023-12-28,en,notes/SYN-TNBC-0190/rad_onc_followup/2023-12-28__syn_0679.txt
SYN-TNBC-0191,syn_0680,med_onc_note,2021-12-25,en,notes/SYN-TNBC-0191/med_onc_note/2021-12-25__syn_0680.txt
SYN-TNBC-0192,syn_0681,lab_report,2024-02-19,en,notes/SYN-TNBC-0192/lab_report/2024-02-19__syn_0681.txt
SYN-TNBC-0193,syn_0682,rad_onc_followup,2022-04-26,en,notes/SYN-TNBC-0193/rad_onc_followup/2022-04-26__syn_0682.txt
SYN-TNBC-0194,syn_0683,rad_onc_followup,2025-03-05,en,notes/SYN-TNBC-0194/rad_onc_followup/2025-03-05__syn_0683.txt
SYN-TNBC-0195,syn_0684,rad_onc_followup,2020-04-19,en,notes/SYN-TNBC-0195/rad_onc_followup/2020-04-19__syn_0684.txt
SYN-TNBC-0196,syn_0685,rad_onc_followup,2020-07-19,en,notes/SYN-TNBC-0196/rad_onc_followup/2020-07-19__syn_0685.txt
SYN-TNBC-0197,syn_0686,rad_onc_followup,2022-07-19,en,notes/SYN-TNBC-0197/rad_onc_followup/2022-07-19__syn_0686.txt
SYN-TNBC-0198,syn_0687,med_onc_note,2023-11-21,en,notes/SYN-TNBC-0198/med_onc_note/2023-11-21__syn_0687.txt
SYN-TNBC-0199,syn_0688,rad_onc_followup,2020-08-20,en,notes/SYN-TNBC-0199/rad_onc_followup/2020-08-20__syn_0688.txt
SYN-TNBC-0200,syn_0689,lab_report,2023-10-11,en,notes/SYN-TNBC-0200/lab_report/2023-10-11__syn_0689.txt
SYN-TNBC-0201,syn_0690,rad_onc_followup,2022-12-01,en,notes/SYN-TNBC-0201/rad_onc_followup/2022-12-01__syn_0690.txt
SYN-TNBC-0202,syn_0691,rad_onc_followup,2020-08-21,en,notes/SYN-TNBC-0202/rad_onc_followup/2020-08-21__syn_0691.txt
SYN-TNBC-0203,syn_0692,rad_onc_followup,2025-11-26,en,notes/SYN-TNBC-0203/rad_onc_followup/2025-11-26__syn_0692.txt
SYN-TNBC-0204,syn_0693,rad_onc_followup,2024-08-02,en,notes/SYN-TNBC-0204/rad_onc_followup/2024-08-02__syn_0693.txt
SYN-TNBC-0205,syn_0694,rad_onc_followup,2023-04-25,en,notes/SYN-TNBC-0205/rad_onc_followup/2023-04-25__syn_0694.txt
SYN-TNBC-0206,syn_0695,rad_onc_followup,2024-12-06,en,notes/SYN-TNBC-0206/rad_onc_followup/2024-12-06__syn_0695.txt
SYN-TNBC-0207,syn_0696,rad_onc_followup,2024-03-28,en,notes/SYN-TNBC-0207/rad_onc_followup/2024-03-28__syn_0696.txt
SYN-TNBC-0208,syn_0697,rad_onc_followup,2024-12-09,en,notes/SYN-TNBC-0208/rad_onc_followup/2024-12-09__syn_0697.txt
SYN-TNBC-0209,syn_0698,rad_onc_followup,2024-08-09,en,notes/SYN-TNBC-0209/rad_onc_followup/2024-08-09__syn_0698.txt
SYN-TNBC-0210,syn_0699,rad_onc_followup,2022-10-21,en,notes/SYN-TNBC-0210/rad_onc_followup/2022-10-21__syn_0699.txt
SYN-TNBC-0211,syn_0700,med_onc_note,2020-05-07,en,notes/SYN-TNBC-0211/med_onc_note/2020-05-07__syn_0700.txt
SYN-TNBC-0212,syn_0701,rad_onc_followup,2025-11-12,en,notes/SYN-TNBC-0212/rad_onc_followup/2025-11-12__syn_0701.txt
SYN-TNBC-0213,syn_0702,med_onc_note,2022-11-24,en,notes/SYN-TNBC-0213/med_onc_note/2022-11-24__syn_0702.txt
SYN-TNBC-0214,syn_0703,med_onc_note,2025-02-18,en,notes/SYN-TNBC-0214/med_onc_note/2025-02-18__syn_0703.txt
SYN-TNBC-0215,syn_0704,med_onc_note,2024-10-14,en,notes/SYN-TNBC-0215/med_onc_note/2024-10-14__syn_0704.txt
SYN-TNBC-0216,syn_0705,med_onc_note,2023-02-05,en,notes/SYN-TNBC-0216/med_onc_note/2023-02-05__syn_0705.txt
SYN-TNBC-0217,syn_0706,rad_onc_followup,2024-02-16,en,notes/SYN-TNBC-0217/rad_onc_followup/2024-02-16__syn_0706.txt
SYN-TNBC-0218,syn_0707,rad_onc_followup,2025-07-05,en,notes/SYN-TNBC-0218/rad_onc_followup/2025-07-05__syn_0707.txt
SYN-TNBC-0219,syn_0708,rad_onc_followup,2025-06-20,en,notes/SYN-TNBC-0219/rad_onc_followup/2025-06-20__syn_0708.txt
SYN-TNBC-0220,syn_0709,rad_onc_followup,2021-02-16,en,notes/SYN-TNBC-0220/rad_onc_followup/2021-02-16__syn_0709.txt
SYN-TNBC-0221,syn_0710,lab_report,2021-08-23,en,notes/SYN-TNBC-0221/lab_report/2021-08-23__syn_0710.txt
SYN-TNBC-0222,syn_0711,rad_onc_followup,2020-11-18,en,notes/SYN-TNBC-0222/rad_onc_followup/2020-11-18__syn_0711.txt
SYN-TNBC-0223,syn_0712,rad_onc_followup,2021-04-08,en,notes/SYN-TNBC-0223/rad_onc_followup/2021-04-08__syn_0712.txt
SYN-TNBC-0224,syn_0713,rad_onc_followup,2020-06-12,en,notes/SYN-TNBC-0224/rad_onc_followup/2020-06-12__syn_0713.txt
SYN-TNBC-0225,syn_0714,rad_onc_followup,2025-05-19,en,notes/SYN-TNBC-0225/rad_onc_followup/2025-05-19__syn_0714.txt
SYN-TNBC-0226,syn_0715,rad_onc_followup,2021-06-11,en,notes/SYN-TNBC-0226/rad_onc_followup/2021-06-11__syn_0715.txt
SYN-TNBC-0227,syn_0716,rad_onc_followup,2023-09-03,en,notes/SYN-TNBC-0227/rad_onc_followup/2023-09-03__syn_0716.txt
SYN-TNBC-0228,syn_0717,rad_onc_followup,2025-12-02,en,notes/SYN-TNBC-0228/rad_onc_followup/2025-12-02__syn_0717.txt
SYN-TNBC-0229,syn_0718,rad_onc_followup,2024-04-05,en,notes/SYN-TNBC-0229/rad_onc_followup/2024-04-05__syn_0718.txt
SYN-TNBC-0230,syn_0719,rad_onc_followup,2020-10-14,en,notes/SYN-TNBC-0230/rad_onc_followup/2020-10-14__syn_0719.txt
SYN-TNBC-0231,syn_0720,rad_onc_followup,2025-06-25,en,notes/SYN-TNBC-0231/rad_onc_followup/2025-06-25__syn_0720.txt
SYN-TNBC-0232,syn_0721,rad_onc_followup,2020-07-12,en,notes/SYN-TNBC-0232/rad_onc_followup/2020-07-12__syn_0721.txt
SYN-TNBC-0233,syn_0722,rad_onc_followup,2022-08-06,en,notes/SYN-TNBC-0233/rad_onc_followup/2022-08-06__syn_0722.txt
SYN-TNBC-0234,syn_0723,med_onc_note,2021-09-11,en,notes/SYN-TNBC-0234/med_onc_note/2021-09-11__syn_0723.txt
SYN-TNBC-0235,syn_0724,rad_onc_followup,2025-03-28,en,notes/SYN-TNBC-0235/rad_onc_followup/2025-03-28__syn_0724.txt
SYN-TNBC-0236,syn_0725,rad_onc_followup,2020-07-20,en,notes/SYN-TNBC-0236/rad_onc_followup/2020-07-20__syn_0725.txt
SYN-TNBC-0237,syn_0726,rad_onc_followup,2025-03-27,en,notes/SYN-TNBC-0237/rad_onc_followup/2025-03-27__syn_0726.txt
SYN-TNBC-0238,syn_0727,rad_onc_followup,2023-12-01,en,notes/SYN-TNBC-0238/rad_onc_followup/2023-12-01__syn_0727.txt
SYN-TNBC-0239,syn_0728,rad_onc_followup,2022-06-16,en,notes/SYN-TNBC-0239/rad_onc_followup/2022-06-16__syn_0728.txt
SYN-TNBC-0240,syn_0729,med_onc_note,2025-10-24,en,notes/SYN-TNBC-0240/med_onc_note/2025-10-24__syn_0729.txt
SYN-TNBC-0241,syn_0730,rad_onc_followup,2025-10-14,en,notes/SYN-TNBC-0241/rad_onc_followup/2025-10-14__syn_0730.txt
SYN-TNBC-0242,syn_0731,med_onc_note,2022-10-06,en,notes/SYN-TNBC-0242/med_onc_note/2022-10-06__syn_0731.txt
SYN-TNBC-0243,syn_0732,med_onc_note,2022-06-09,en,notes/SYN-TNBC-0243/med_onc_note/2022-06-09__syn_0732.txt
SYN-TNBC-0244,syn_0733,imaging_report,2022-05-05,en,notes/SYN-TNBC-0244/imaging_report/2022-05-05__syn_0733.txt
SYN-TNBC-0245,syn_0734,rad_onc_followup,2022-10-12,en,notes/SYN-TNBC-0245/rad_onc_followup/2022-10-12__syn_0734.txt
SYN-TNBC-0246,syn_0735,rad_onc_followup,2025-11-09,en,notes/SYN-TNBC-0246/rad_onc_followup/2025-11-09__syn_0735.txt
SYN-TNBC-0247,syn_0736,rad_onc_followup,2025-05-25,en,notes/SYN-TNBC-0247/rad_onc_followup/2025-05-25__syn_0736.txt
SYN-TNBC-0248,syn_0737,med_onc_note,2021-08-22,en,notes/SYN-TNBC-0248/med_onc_note/2021-08-22__syn_0737.txt
SYN-TNBC-0249,syn_0738,rad_onc_followup,2022-11-20,en,notes/SYN-TNBC-0249/rad_onc_followup/2022-11-20__syn_0738.txt
SYN-TNBC-0250,syn_0739,rad_onc_followup,2022-03-30,en,notes/SYN-TNBC-0250/rad_onc_followup/2022-03-30__syn_0739.txt
SYN-TNBC-0251,syn_0740,lab_report,2025-05-31,en,notes/SYN-TNBC-0251/lab_report/2025-05-31__syn_0740.txt
SYN-TNBC-0252,syn_0741,rad_onc_followup,2024-02-13,en,notes/SYN-TNBC-0252/rad_onc_followup/2024-02-13__syn_0741.txt
SYN-TNBC-0253,syn_0742,lab_report,2023-01-12,en,notes/SYN-TNBC-0253/lab_report/2023-01-12__syn_0742.txt
SYN-TNBC-0254,syn_0743,rad_onc_followup,2023-09-02,en,notes/SYN-TNBC-0254/rad_onc_followup/2023-09-02__syn_0743.txt
SYN-TNBC-0255,syn_0744,rad_onc_followup,2023-04-17,en,notes/SYN-TNBC-0255/rad_onc_followup/2023-04-17__syn_0744.txt
SYN-TNBC-0256,syn_0745,rad_onc_followup,2023-10-09,en,notes/SYN-TNBC-0256/rad_onc_followup/2023-10-09__syn_0745.txt
SYN-TNBC-0257,syn_0746,rad_onc_followup,2021-03-17,en,notes/SYN-TNBC-0257/rad_onc_followup/2021-03-17__syn_0746.txt
SYN-TNBC-0258,syn_0747,rad_onc_followup,2020-02-25,en,notes/SYN-TNBC-0258/rad_onc_followup/2020-02-25__syn_0747.txt
SYN-TNBC-0259,syn_0748,rad_onc_followup,2021-01-10,en,notes/SYN-TNBC-0259/rad_onc_followup/2021-01-10__syn_0748.txt
SYN-TNBC-0260,syn_0749,imaging_report,2024-01-04,en,notes/SYN-TNBC-0260/imaging_report/2024-01-04__syn_0749.txt
SYN-TNBC-0261,syn_0750,med_onc_note,2022-05-28,en,notes/SYN-TNBC-0261/med_onc_note/2022-05-28__syn_0750.txt
SYN-TNBC-0262,syn_0751,rad_onc_followup,2024-05-20,en,notes/SYN-TNBC-0262/rad_onc_followup/2024-05-20__syn_0751.txt
SYN-TNBC-0263,syn_0752,rad_onc_followup,2024-10-19,en,notes/SYN-TNBC-0263/rad_onc_followup/2024-10-19__syn_0752.txt
SYN-TNBC-0264,syn_0753,med_onc_note,2023-05-01,en,notes/SYN-TNBC-0264/med_onc_note/2023-05-01__syn_0753.txt
SYN-TNBC-0265,syn_0754,rad_onc_followup,2024-12-24,en,notes/SYN-TNBC-0265/rad_onc_followup/2024-12-24__syn_0754.txt
SYN-TNBC-0266,syn_0755,rad_onc_followup,2021-07-22,en,notes/SYN-TNBC-0266/rad_onc_followup/2021-07-22__syn_0755.txt
SYN-TNBC-0267,syn_0756,med_onc_note,2021-04-23,en,notes/SYN-TNBC-0267/med_onc_note/2021-04-23__syn_0756.txt
SYN-TNBC-0268,syn_0757,med_onc_note,2023-11-14,en,notes/SYN-TNBC-0268/med_onc_note/2023-11-14__syn_0757.txt
SYN-TNBC-0269,syn_0758,rad_onc_followup,2021-03-03,en,notes/SYN-TNBC-0269/rad_onc_followup/2021-03-03__syn_0758.txt
SYN-TNBC-0270,syn_0759,med_onc_note,2021-12-14,en,notes/SYN-TNBC-0270/med_onc_note/2021-12-14__syn_0759.txt
SYN-TNBC-0271,syn_0760,rad_onc_followup,2022-05-13,en,notes/SYN-TNBC-0271/rad_onc_followup/2022-05-13__syn_0760.txt
SYN-TNBC-0272,syn_0761,rad_onc_followup,2022-06-01,en,notes/SYN-TNBC-0272/rad_onc_followup/2022-06-01__syn_0761.txt
SYN-TNBC-0273,syn_0762,rad_onc_followup,2023-10-27,en,notes/SYN-TNBC-0273/rad_onc_followup/2023-10-27__syn_0762.txt
SYN-TNBC-0274,syn_0763,lab_report,2025-11-30,en,notes/SYN-TNBC-0274/lab_report/2025-11-30__syn_0763.txt
SYN-TNBC-0275,syn_0764,rad_onc_followup,2022-06-15,en,notes/SYN-TNBC-0275/rad_onc_followup/2022-06-15__syn_0764.txt
SYN-TNBC-0276,syn_0765,rad_onc_followup,2021-08-10,en,notes/SYN-TNBC-0276/rad_onc_followup/2021-08-10__syn_0765.txt
SYN-TNBC-0277,syn_0766,rad_onc_followup,2024-05-07,en,notes/SYN-TNBC-0277/rad_onc_followup/2024-05-07__syn_0766.txt
SYN-TNBC-0278,syn_0767,rad_onc_followup,2023-10-30,en,notes/SYN-TNBC-0278/rad_onc_followup/2023-10-30__syn_0767.txt
SYN-TNBC-0279,syn_0768,med_onc_note,2025-08-18,en,notes/SYN-TNBC-0279/med_onc_note/2025-08-18__syn_0768.txt
SYN-TNBC-0280,syn_0769,lab_report,2022-06-11,en,notes/SYN-TNBC-0280/lab_report/2022-06-11__syn_0769.txt
SYN-TNBC-0281,syn_0770,rad_onc_followup,2024-11-17,en,notes/SYN-TNBC-0281/rad_onc_followup/2024-11-17__syn_0770.txt
SYN-TNBC-0282,syn_0771,med_onc_note,2020-07-21,en,notes/SYN-TNBC-0282/med_onc_note/2020-07-21__syn_0771.txt
SYN-TNBC-0283,syn_0772,rad_onc_followup,2021-03-08,en,notes/SYN-TNBC-0283/rad_onc_followup/2021-03-08__syn_0772.txt
SYN-TNBC-0284,syn_0773,lab_report,2022-08-07,en,notes/SYN-TNBC-0284/lab_report/2022-08-07__syn_0773.txt
SYN-TNBC-0285,syn_0774,med_onc_note,2021-04-26,en,notes/SYN-TNBC-0285/med_onc_note/2021-04-26__syn_0774.txt
SYN-TNBC-0286,syn_0775,rad_onc_followup,2020-10-11,en,notes/SYN-TNBC-0286/rad_onc_followup/2020-10-11__syn_0775.txt
SYN-TNBC-0287,syn_0776,rad_onc_followup,2025-03-15,en,notes/SYN-TNBC-0287/rad_onc_followup/2025-03-15__syn_0776.txt
SYN-TNBC-0288,syn_0777,lab_report,2021-04-15,en,notes/SYN-TNBC-0288/lab_report/2021-04-15__syn_0777.txt
SYN-TNBC-0289,syn_0778,rad_onc_followup,2020-06-07,en,notes/SYN-TNBC-0289/rad_onc_followup/2020-06-07__syn_0778.txt
SYN-TNBC-0290,syn_0779,rad_onc_followup,2024-07-01,en,notes/SYN-TNBC-0290/rad_onc_followup/2024-07-01__syn_0779.txt
SYN-TNBC-0291,syn_0780,lab_report,2021-01-25,en,notes/SYN-TNBC-0291/lab_report/2021-01-25__syn_0780.txt
SYN-TNBC-0292,syn_0781,rad_onc_followup,2020-09-28,en,notes/SYN-TNBC-0292/rad_onc_followup/2020-09-28__syn_0781.txt
SYN-TNBC-0293,syn_0782,rad_onc_followup,2023-03-28,en,notes/SYN-TNBC-0293/rad_onc_followup/2023-03-28__syn_0782.txt
SYN-TNBC-0294,syn_0783,med_onc_note,2022-10-27,en,notes/SYN-TNBC-0294/med_onc_note/2022-10-27__syn_0783.txt
SYN-TNBC-0295,syn_0784,rad_onc_followup,2025-03-03,en,notes/SYN-TNBC-0295/rad_onc_followup/2025-03-03__syn_0784.txt
SYN-TNBC-0296,syn_0785,rad_onc_followup,2020-02-26,en,notes/SYN-TNBC-0296/rad_onc_followup/2020-02-26__syn_0785.txt
SYN-TNBC-0297,syn_0786,rad_onc_followup,2023-12-10,en,notes/SYN-TNBC-0297/rad_onc_followup/2023-12-10__syn_0786.txt
SYN-TNBC-0298,syn_0787,med_onc_note,2024-08-26,en,notes/SYN-TNBC-0298/med_onc_note/2024-08-26__syn_0787.txt
SYN-TNBC-0299,syn_0788,rad_onc_followup,2025-12-25,en,notes/SYN-TNBC-0299/rad_onc_followup/2025-12-25__syn_0788.txt
SYN-TNBC-0300,syn_0789,rad_onc_followup,2024-08-14,en,notes/SYN-TNBC-0300/rad_onc_followup/2024-08-14__syn_0789.txt
SYN-TNBC-0301,syn_0790,rad_onc_followup,2022-05-06,en,notes/SYN-TNBC-0301/rad_onc_followup/2022-05-06__syn_0790.txt
SYN-TNBC-0302,syn_0791,lab_report,2022-06-03,en,notes/SYN-TNBC-0302/lab_report/2022-06-03__syn_0791.txt
SYN-TNBC-0303,syn_0792,med_onc_note,2021-08-10,en,notes/SYN-TNBC-0303/med_onc_note/2021-08-10__syn_0792.txt
SYN-TNBC-0304,syn_0793,rad_onc_followup,2025-04-08,en,notes/SYN-TNBC-0304/rad_onc_followup/2025-04-08__syn_0793.txt
SYN-TNBC-0305,syn_0794,rad_onc_followup,2021-08-14,en,notes/SYN-TNBC-0305/rad_onc_followup/2021-08-14__syn_0794.txt
SYN-TNBC-0306,syn_0795,rad_onc_followup,2022-04-28,en,notes/SYN-TNBC-0306/rad_onc_followup/2022-04-28__syn_0795.txt
SYN-TNBC-0307,syn_0796,rad_onc_followup,2021-11-20,en,notes/SYN-TNBC-0307/rad_onc_followup/2021-11-20__syn_0796.txt
SYN-TNBC-0308,syn_0797,rad_onc_followup,2023-12-10,en,notes/SYN-TNBC-0308/rad_onc_followup/2023-12-10__syn_0797.txt
SYN-TNBC-0309,syn_0798,rad_onc_followup,2024-10-01,en,notes/SYN-TNBC-0309/rad_onc_followup/2024-10-01__syn_0798.txt
SYN-TNBC-0310,syn_0799,rad_onc_followup,2023-02-13,en,notes/SYN-TNBC-0310/rad_onc_followup/2023-02-13__syn_0799.txt
SYN-TNBC-0311,syn_0800,rad_onc_followup,2021-01-15,en,notes/SYN-TNBC-0311/rad_onc_followup/2021-01-15__syn_0800.txt
SYN-TNBC-0312,syn_0801,rad_onc_followup,2020-01-20,en,notes/SYN-TNBC-0312/rad_onc_followup/2020-01-20__syn_0801.txt
SYN-TNBC-0313,syn_0802,med_onc_note,2023-07-13,en,notes/SYN-TNBC-0313/med_onc_note/2023-07-13__syn_0802.txt
SYN-TNBC-0314,syn_0803,rad_onc_followup,2022-06-15,en,notes/SYN-TNBC-0314/rad_onc_followup/2022-06-15__syn_0803.txt
SYN-TNBC-0315,syn_0804,rad_onc_followup,2023-08-07,en,notes/SYN-TNBC-0315/rad_onc_followup/2023-08-07__syn_0804.txt
SYN-TNBC-0316,syn_0805,rad_onc_followup,2026-01-05,en,notes/SYN-TNBC-0316/rad_onc_followup/2026-01-05__syn_0805.txt
SYN-TNBC-0317,syn_0806,rad_onc_followup,2023-06-27,en,notes/SYN-TNBC-0317/rad_onc_followup/2023-06-27__syn_0806.txt
SYN-TNBC-0318,syn_0807,rad_onc_followup,2021-04-11,en,notes/SYN-TNBC-0318/rad_onc_followup/2021-04-11__syn_0807.txt
SYN-TNBC-0319,syn_0808,rad_onc_followup,2023-04-12,en,notes/SYN-TNBC-0319/rad_onc_followup/2023-04-12__syn_0808.txt
SYN-TNBC-0320,syn_0809,rad_onc_followup,2021-07-30,en,notes/SYN-TNBC-0320/rad_onc_followup/2021-07-30__syn_0809.txt
SYN-TNBC-0321,syn_0810,rad_onc_followup,2021-08-01,en,notes/SYN-TNBC-0321/rad_onc_followup/2021-08-01__syn_0810.txt
SYN-TNBC-0322,syn_0811,rad_onc_followup,2020-02-18,en,notes/SYN-TNBC-0322/rad_onc_followup/2020-02-18__syn_0811.txt
SYN-TNBC-0323,syn_0812,med_onc_note,2020-04-16,en,notes/SYN-TNBC-0323/med_onc_note/2020-04-16__syn_0812.txt
SYN-TNBC-0324,syn_0813,rad_onc_followup,2020-11-28,en,notes/SYN-TNBC-0324/rad_onc_followup/2020-11-28__syn_0813.txt
SYN-TNBC-0325,syn_0814,med_onc_note,2023-05-28,en,notes/SYN-TNBC-0325/med_onc_note/2023-05-28__syn_0814.txt
SYN-TNBC-0326,syn_0815,rad_onc_followup,2025-07-03,en,notes/SYN-TNBC-0326/rad_onc_followup/2025-07-03__syn_0815.txt
SYN-TNBC-0327,syn_0816,rad_onc_followup,2025-10-24,en,notes/SYN-TNBC-0327/rad_onc_followup/2025-10-24__syn_0816.txt
SYN-TNBC-0328,syn_0817,rad_onc_followup,2021-05-10,en,notes/SYN-TNBC-0328/rad_onc_followup/2021-05-10__syn_0817.txt
SYN-TNBC-0329,syn_0818,rad_onc_followup,2024-05-30,en,notes/SYN-TNBC-0329/rad_onc_followup/2024-05-30__syn_0818.txt
SYN-TNBC-0330,syn_0819,rad_onc_followup,2022-03-03,en,notes/SYN-TNBC-0330/rad_onc_followup/2022-03-03__syn_0819.txt
SYN-TNBC-0331,syn_0820,rad_onc_followup,2021-04-15,en,notes/SYN-TNBC-0331/rad_onc_followup/2021-04-15__syn_0820.txt
SYN-TNBC-0332,syn_0821,rad_onc_followup,2024-06-24,en,notes/SYN-TNBC-0332/rad_onc_followup/2024-06-24__syn_0821.txt
SYN-TNBC-0333,syn_0822,rad_onc_followup,2020-04-10,en,notes/SYN-TNBC-0333/rad_onc_followup/2020-04-10__syn_0822.txt
SYN-TNBC-0334,syn_0823,rad_onc_followup,2020-06-13,en,notes/SYN-TNBC-0334/rad_onc_followup/2020-06-13__syn_0823.txt
SYN-TNBC-0335,syn_0824,med_onc_note,2023-08-08,en,notes/SYN-TNBC-0335/med_onc_note/2023-08-08__syn_0824.txt
SYN-TNBC-0336,syn_0825,rad_onc_followup,2021-08-29,en,notes/SYN-TNBC-0336/rad_onc_followup/2021-08-29__syn_0825.txt
SYN-TNBC-0337,syn_0826,rad_onc_followup,2021-05-25,en,notes/SYN-TNBC-0337/rad_onc_followup/2021-05-25__syn_0826.txt
SYN-TNBC-0338,syn_0827,lab_report,2024-07-05,en,notes/SYN-TNBC-0338/lab_report/2024-07-05__syn_0827.txt
SYN-TNBC-0339,syn_0828,rad_onc_followup,2020-12-08,en,notes/SYN-TNBC-0339/rad_onc_followup/2020-12-08__syn_0828.txt
SYN-TNBC-0340,syn_0829,rad_onc_followup,2021-01-02,en,notes/SYN-TNBC-0340/rad_onc_followup/2021-01-02__syn_0829.txt
SYN-TNBC-0341,syn_0830,rad_onc_followup,2021-01-21,en,notes/SYN-TNBC-0341/rad_onc_followup/2021-01-21__syn_0830.txt
SYN-TNBC-0342,syn_0831,med_onc_note,2025-12-13,en,notes/SYN-TNBC-0342/med_onc_note/2025-12-13__syn_0831.txt
SYN-TNBC-0343,syn_0832,imaging_report,2022-06-08,en,notes/SYN-TNBC-0343/imaging_report/2022-06-08__syn_0832.txt
SYN-TNBC-0344,syn_0833,rad_onc_followup,2020-10-13,en,notes/SYN-TNBC-0344/rad_onc_followup/2020-10-13__syn_0833.txt
SYN-TNBC-0345,syn_0834,rad_onc_followup,2023-03-05,en,notes/SYN-TNBC-0345/rad_onc_followup/2023-03-05__syn_0834.txt
SYN-TNBC-0346,syn_0835,rad_onc_followup,2020-10-12,en,notes/SYN-TNBC-0346/rad_onc_followup/2020-10-12__syn_0835.txt
SYN-TNBC-0347,syn_0836,med_onc_note,2022-04-09,en,notes/SYN-TNBC-0347/med_onc_note/2022-04-09__syn_0836.txt
SYN-TNBC-0348,syn_0837,rad_onc_followup,2025-05-04,en,notes/SYN-TNBC-0348/rad_onc_followup/2025-05-04__syn_0837.txt
SYN-TNBC-0349,syn_0838,imaging_report,2025-09-01,en,notes/SYN-TNBC-0349/imaging_report/2025-09-01__syn_0838.txt
SYN-TNBC-0350,syn_0839,rad_onc_followup,2022-11-26,en,notes/SYN-TNBC-0350/rad_onc_followup/2022-11-26__syn_0839.txt
SYN-TNBC-0351,syn_0840,rad_onc_followup,2022-11-18,en,notes/SYN-TNBC-0351/rad_onc_followup/2022-11-18__syn_0840.txt
SYN-TNBC-0352,syn_0841,imaging_report,2021-01-08,en,notes/SYN-TNBC-0352/imaging_report/2021-01-08__syn_0841.txt
SYN-TNBC-0353,syn_0842,rad_onc_followup,2020-08-11,en,notes/SYN-TNBC-0353/rad_onc_followup/2020-08-11__syn_0842.txt
SYN-TNBC-0354,syn_0843,rad_onc_followup,2022-12-14,en,notes/SYN-TNBC-0354/rad_onc_followup/2022-12-14__syn_0843.txt
SYN-TNBC-0355,syn_0844,rad_onc_followup,2023-03-08,en,notes/SYN-TNBC-0355/rad_onc_followup/2023-03-08__syn_0844.txt
SYN-TNBC-0356,syn_0845,rad_onc_followup,2025-04-16,en,notes/SYN-TNBC-0356/rad_onc_followup/2025-04-16__syn_0845.txt
SYN-TNBC-0357,syn_0846,rad_onc_followup,2022-02-09,en,notes/SYN-TNBC-0357/rad_onc_followup/2022-02-09__syn_0846.txt
SYN-TNBC-0358,syn_0847,rad_onc_followup,2023-04-04,en,notes/SYN-TNBC-0358/rad_onc_followup/2023-04-04__syn_0847.txt
SYN-TNBC-0359,syn_0848,rad_onc_followup,2025-07-01,en,notes/SYN-TNBC-0359/rad_onc_followup/2025-07-01__syn_0848.txt
SYN-TNBC-0360,syn_0849,rad_onc_followup,2025-08-01,en,notes/SYN-TNBC-0360/rad_onc_followup/2025-08-01__syn_0849.txt
SYN-TNBC-0361,syn_0850,med_onc_note,2025-03-01,en,notes/SYN-TNBC-0361/med_onc_note/2025-03-01__syn_0850.txt
SYN-TNBC-0362,syn_0851,med_onc_note,2023-06-16,en,notes/SYN-TNBC-0362/med_onc_note/2023-06-16__syn_0851.txt
SYN-TNBC-0363,syn_0852,rad_onc_followup,2024-08-17,en,notes/SYN-TNBC-0363/rad_onc_followup/2024-08-17__syn_0852.txt
SYN-TNBC-0364,syn_0853,rad_onc_followup,2020-11-27,en,notes/SYN-TNBC-0364/rad_onc_followup/2020-11-27__syn_0853.txt
SYN-TNBC-0365,syn_0854,rad_onc_followup,2020-02-19,en,notes/SYN-TNBC-0365/rad_onc_followup/2020-02-19__syn_0854.txt
SYN-TNBC-0366,syn_0855,rad_onc_followup,2025-12-11,en,notes/SYN-TNBC-0366/rad_onc_followup/2025-12-11__syn_0855.txt
SYN-TNBC-0367,syn_0856,med_onc_note,2024-10-21,en,notes/SYN-TNBC-0367/med_onc_note/2024-10-21__syn_0856.txt
SYN-TNBC-0368,syn_0857,rad_onc_followup,2025-02-06,en,notes/SYN-TNBC-0368/rad_onc_followup/2025-02-06__syn_0857.txt
SYN-TNBC-0369,syn_0858,med_onc_note,2023-01-10,en,notes/SYN-TNBC-0369/med_onc_note/2023-01-10__syn_0858.txt
SYN-TNBC-0370,syn_0859,rad_onc_followup,2020-09-09,en,notes/SYN-TNBC-0370/rad_onc_followup/2020-09-09__syn_0859.txt
SYN-TNBC-0371,syn_0860,rad_onc_followup,2024-10-10,en,notes/SYN-TNBC-0371/rad_onc_followup/2024-10-10__syn_0860.txt
SYN-TNBC-0372,syn_0861,med_onc_note,2022-06-05,en,notes/SYN-TNBC-0372/med_onc_note/2022-06-05__syn_0861.txt
SYN-TNBC-0373,syn_0862,rad_onc_followup,2024-05-15,en,notes/SYN-TNBC-0373/rad_onc_followup/2024-05-15__syn_0862.txt
SYN-TNBC-0374,syn_0863,rad_onc_followup,2021-08-12,en,notes/SYN-TNBC-0374/rad_onc_followup/2021-08-12__syn_0863.txt
SYN-TNBC-0375,syn_0864,rad_onc_followup,2020-06-06,en,notes/SYN-TNBC-0375/rad_onc_followup/2020-06-06__syn_0864.txt
SYN-TNBC-0376,syn_0865,rad_onc_followup,2025-12-13,en,notes/SYN-TNBC-0376/rad_onc_followup/2025-12-13__syn_0865.txt
SYN-TNBC-0377,syn_0866,rad_onc_followup,2023-10-24,en,notes/SYN-TNBC-0377/rad_onc_followup/2023-10-24__syn_0866.txt
SYN-TNBC-0378,syn_0867,rad_onc_followup,2020-05-06,en,notes/SYN-TNBC-0378/rad_onc_followup/2020-05-06__syn_0867.txt
SYN-TNBC-0379,syn_0868,rad_onc_followup,2025-04-13,en,notes/SYN-TNBC-0379/rad_onc_followup/2025-04-13__syn_0868.txt
SYN-TNBC-0380,syn_0869,rad_onc_followup,2023-01-21,en,notes/SYN-TNBC-0380/rad_onc_followup/2023-01-21__syn_0869.txt
SYN-TNBC-0381,syn_0870,rad_onc_followup,2021-11-18,en,notes/SYN-TNBC-0381/rad_onc_followup/2021-11-18__syn_0870.txt
SYN-TNBC-0382,syn_0871,rad_onc_followup,2021-12-14,en,notes/SYN-TNBC-0382/rad_onc_followup/2021-12-14__syn_0871.txt
SYN-TNBC-0383,syn_0872,med_onc_note,2022-09-26,en,notes/SYN-TNBC-0383/med_onc_note/2022-09-26__syn_0872.txt
SYN-TNBC-0384,syn_0873,rad_onc_followup,2021-03-10,en,notes/SYN-TNBC-0384/rad_onc_followup/2021-03-10__syn_0873.txt
SYN-TNBC-0385,syn_0874,rad_onc_followup,2022-03-16,en,notes/SYN-TNBC-0385/rad_onc_followup/2022-03-16__syn_0874.txt
SYN-TNBC-0386,syn_0875,rad_onc_followup,2024-08-25,en,notes/SYN-TNBC-0386/rad_onc_followup/2024-08-25__syn_0875.txt
SYN-TNBC-0387,syn_0876,rad_onc_followup,2020-07-03,en,notes/SYN-TNBC-0387/rad_onc_followup/2020-07-03__syn_0876.txt
SYN-TNBC-0388,syn_0877,rad_onc_followup,2021-09-21,en,notes/SYN-TNBC-0388/rad_onc_followup/2021-09-21__syn_0877.txt
SYN-TNBC-0389,syn_0878,rad_onc_followup,2020-02-23,en,notes/SYN-TNBC-0389/rad_onc_followup/2020-02-23__syn_0878.txt
SYN-TNBC-0390,syn_0879,rad_onc_followup,2025-09-23,en,notes/SYN-TNBC-0390/rad_onc_followup/2025-09-23__syn_0879.txt
SYN-TNBC-0391,syn_0880,rad_onc_followup,2022-01-20,en,notes/SYN-TNBC-0391/rad_onc_followup/2022-01-20__syn_0880.txt
SYN-TNBC-0392,syn_0881,rad_onc_followup,2024-07-09,en,notes/SYN-TNBC-0392/rad_onc_followup/2024-07-09__syn_0881.txt
SYN-TNBC-0393,syn_0882,lab_report,2024-12-31,en,notes/SYN-TNBC-0393/lab_report/2024-12-31__syn_0882.txt
SYN-TNBC-0394,syn_0883,rad_onc_followup,2025-09-08,en,notes/SYN-TNBC-0394/rad_onc_followup/2025-09-08__syn_0883.txt
SYN-TNBC-0395,syn_0884,rad_onc_followup,2021-01-05,en,notes/SYN-TNBC-0395/rad_onc_followup/2021-01-05__syn_0884.txt
SYN-TNBC-0396,syn_0885,rad_onc_followup,2020-12-01,en,notes/SYN-TNBC-0396/rad_onc_followup/2020-12-01__syn_0885.txt
SYN-TNBC-0397,syn_0886,med_onc_note,2022-08-04,en,notes/SYN-TNBC-0397/med_onc_note/2022-08-04__syn_0886.txt
SYN-TNBC-0398,syn_0887,imaging_report,2024-03-05,en,notes/SYN-TNBC-0398/imaging_report/2024-03-05__syn_0887.txt
SYN-TNBC-0399,syn_0888,rad_onc_followup,2025-01-01,en,notes/SYN-TNBC-0399/rad_onc_followup/2025-01-01__syn_0888.txt
SYN-TNBC-0400,syn_0889,med_onc_note,2025-06-20,en,notes/SYN-TNBC-0400/med_onc_note/2025-06-20__syn_0889.txt
SYN-TNBC-0401,syn_0890,rad_onc_followup,2020-02-03,en,notes/SYN-TNBC-0401/rad_onc_followup/2020-02-03__syn_0890.txt
SYN-TNBC-0402,syn_0891,rad_onc_followup,2025-05-29,en,notes/SYN-TNBC-0402/rad_onc_followup/2025-05-29__syn_0891.txt
SYN-TNBC-0403,syn_0892,rad_onc_followup,2023-03-02,en,notes/SYN-TNBC-0403/rad_onc_followup/2023-03-02__syn_0892.txt
SYN-TNBC-0404,syn_0893,rad_onc_followup,2022-07-02,en,notes/SYN-TNBC-0404/rad_onc_followup/2022-07-02__syn_0893.txt
SYN-TNBC-0405,syn_0894,rad_onc_followup,2025-03-17,en,notes/SYN-TNBC-0405/rad_onc_followup/2025-03-17__syn_0894.txt
SYN-TNBC-0406,syn_0895,rad_onc_followup,2020-06-16,en,notes/SYN-TNBC-0406/rad_onc_followup/2020-06-16__syn_0895.txt
SYN-TNBC-0407,syn_0896,rad_onc_followup,2022-02-16,en,notes/SYN-TNBC-0407/rad_onc_followup/2022-02-16__syn_0896.txt
SYN-TNBC-0408,syn_0897,rad_onc_followup,2021-01-13,en,notes/SYN-TNBC-0408/rad_onc_followup/2021-01-13__syn_0897.txt
SYN-TNBC-0409,syn_0898,rad_onc_followup,2024-03-15,en,notes/SYN-TNBC-0409/rad_onc_followup/2024-03-15__syn_0898.txt
SYN-TNBC-0410,syn_0899,rad_onc_followup,2024-05-29,en,notes/SYN-TNBC-0410/rad_onc_followup/2024-05-29__syn_0899.txt
SYN-TNBC-0411,syn_0900,rad_onc_followup,2020-05-26,en,notes/SYN-TNBC-0411/rad_onc_followup/2020-05-26__syn_0900.txt
SYN-TNBC-0412,syn_0901,rad_onc_followup,2020-03-04,en,notes/SYN-TNBC-0412/rad_onc_followup/2020-03-04__syn_0901.txt
SYN-TNBC-0413,syn_0902,rad_onc_followup,2020-08-22,en,notes/SYN-TNBC-0413/rad_onc_followup/2020-08-22__syn_0902.txt
SYN-TNBC-0414,syn_0903,med_onc_note,2020-05-15,en,notes/SYN-TNBC-0414/med_onc_note/2020-05-15__syn_0903.txt
SYN-TNBC-0415,syn_0904,rad_onc_followup,2021-02-20,en,notes/SYN-TNBC-0415/rad_onc_followup/2021-02-20__syn_0904.txt
SYN-TNBC-0416,syn_0905,rad_onc_followup,2025-03-01,en,notes/SYN-TNBC-0416/rad_onc_followup/2025-03-01__syn_0905.txt
SYN-TNBC-0417,syn_0906,med_onc_note,2021-04-02,en,notes/SYN-TNBC-0417/med_onc_note/2021-04-02__syn_0906.txt
SYN-TNBC-0418,syn_0907,rad_onc_followup,2025-09-21,en,notes/SYN-TNBC-0418/rad_onc_followup/2025-09-21__syn_0907.txt
SYN-TNBC-0419,syn_0908,med_onc_note,2021-08-26,en,notes/SYN-TNBC-0419/med_onc_note/2021-08-26__syn_0908.txt
SYN-TNBC-0420,syn_0909,med_onc_note,2025-07-30,en,notes/SYN-TNBC-0420/med_onc_note/2025-07-30__syn_0909.txt
SYN-TNBC-0421,syn_0910,rad_onc_followup,2024-08-07,en,notes/SYN-TNBC-0421/rad_onc_followup/2024-08-07__syn_0910.txt
SYN-TNBC-0422,syn_0911,rad_onc_followup,2020-12-29,en,notes/SYN-TNBC-0422/rad_onc_followup/2020-12-29__syn_0911.txt
SYN-TNBC-0423,syn_0912,med_onc_note,2020-07-29,en,notes/SYN-TNBC-0423/med_onc_note/2020-07-29__syn_0912.txt
SYN-TNBC-0424,syn_0913,rad_onc_followup,2024-04-04,en,notes/SYN-TNBC-0424/rad_onc_followup/2024-04-04__syn_0913.txt
SYN-TNBC-0425,syn_0914,rad_onc_followup,2021-12-11,en,notes/SYN-TNBC-0425/rad_onc_followup/2021-12-11__syn_0914.txt
SYN-TNBC-0426,syn_0915,rad_onc_followup,2025-03-05,en,notes/SYN-TNBC-0426/rad_onc_followup/2025-03-05__syn_0915.txt
SYN-TNBC-0427,syn_0916,rad_onc_followup,2020-10-15,en,notes/SYN-TNBC-0427/rad_onc_followup/2020-10-15__syn_0916.txt
SYN-TNBC-0428,syn_0917,rad_onc_followup,2020-07-04,en,notes/SYN-TNBC-0428/rad_onc_followup/2020-07-04__syn_0917.txt
SYN-TNBC-0429,syn_0918,rad_onc_followup,2025-12-05,en,notes/SYN-TNBC-0429/rad_onc_followup/2025-12-05__syn_0918.txt
SYN-TNBC-0430,syn_0919,rad_onc_followup,2023-07-29,en,notes/SYN-TNBC-0430/rad_onc_followup/2023-07-29__syn_0919.txt
SYN-TNBC-0431,syn_0920,med_onc_note,2021-11-21,en,notes/SYN-TNBC-0431/med_onc_note/2021-11-21__syn_0920.txt
SYN-TNBC-0432,syn_0921,rad_onc_followup,2025-11-08,en,notes/SYN-TNBC-0432/rad_onc_followup/2025-11-08__syn_0921.txt
SYN-TNBC-0433,syn_0922,med_onc_note,2020-05-08,en,notes/SYN-TNBC-0433/med_onc_note/2020-05-08__syn_0922.txt
SYN-TNBC-0434,syn_0923,rad_onc_followup,2020-12-26,en,notes/SYN-TNBC-0434/rad_onc_followup/2020-12-26__syn_0923.txt
SYN-TNBC-0435,syn_0924,med_onc_note,2022-03-22,en,notes/SYN-TNBC-0435/med_onc_note/2022-03-22__syn_0924.txt
SYN-TNBC-0436,syn_0925,med_onc_note,2023-09-07,en,notes/SYN-TNBC-0436/med_onc_note/2023-09-07__syn_0925.txt
SYN-TNBC-0437,syn_0926,rad_onc_followup,2021-08-12,en,notes/SYN-TNBC-0437/rad_onc_followup/2021-08-12__syn_0926.txt
SYN-TNBC-0438,syn_0927,rad_onc_followup,2022-03-26,en,notes/SYN-TNBC-0438/rad_onc_followup/2022-03-26__syn_0927.txt
SYN-TNBC-0439,syn_0928,rad_onc_followup,2021-11-17,en,notes/SYN-TNBC-0439/rad_onc_followup/2021-11-17__syn_0928.txt
SYN-TNBC-0440,syn_0929,rad_onc_followup,2024-11-15,en,notes/SYN-TNBC-0440/rad_onc_followup/2024-11-15__syn_0929.txt
SYN-TNBC-0441,syn_0930,rad_onc_followup,2022-12-15,en,notes/SYN-TNBC-0441/rad_onc_followup/2022-12-15__syn_0930.txt
SYN-TNBC-0442,syn_0931,rad_onc_followup,2022-12-14,en,notes/SYN-TNBC-0442/rad_onc_followup/2022-12-14__syn_0931.txt
SYN-TNBC-0443,syn_0932,rad_onc_followup,2020-04-23,en,notes/SYN-TNBC-0443/rad_onc_followup/2020-04-23__syn_0932.txt
SYN-TNBC-0444,syn_0933,rad_onc_followup,2025-10-03,en,notes/SYN-TNBC-0444/rad_onc_followup/2025-10-03__syn_0933.txt
SYN-TNBC-0445,syn_0934,rad_onc_followup,2021-11-20,en,notes/SYN-TNBC-0445/rad_onc_followup/2021-11-20__syn_0934.txt
SYN-TNBC-0446,syn_0935,rad_onc_followup,2023-01-08,en,notes/SYN-TNBC-0446/rad_onc_followup/2023-01-08__syn_0935.txt
SYN-TNBC-0447,syn_0936,rad_onc_followup,2023-04-21,en,notes/SYN-TNBC-0447/rad_onc_followup/2023-04-21__syn_0936.txt
SYN-TNBC-0448,syn_0937,rad_onc_followup,2023-06-07,en,notes/SYN-TNBC-0448/rad_onc_followup/2023-06-07__syn_0937.txt
SYN-TNBC-0449,syn_0938,rad_onc_followup,2025-10-23,en,notes/SYN-TNBC-0449/rad_onc_followup/2025-10-23__syn_0938.txt
SYN-TNBC-0450,syn_0939,rad_onc_followup,2024-04-27,en,notes/SYN-TNBC-0450/rad_onc_followup/2024-04-27__syn_0939.txt
SYN-TNBC-0451,syn_0940,rad_onc_followup,2023-04-18,en,notes/SYN-TNBC-0451/rad_onc_followup/2023-04-18__syn_0940.txt
SYN-TNBC-0452,syn_0941,rad_onc_followup,2024-01-28,en,notes/SYN-TNBC-0452/rad_onc_followup/2024-01-28__syn_0941.txt
SYN-TNBC-0453,syn_0942,rad_onc_followup,2021-07-31,en,notes/SYN-TNBC-0453/rad_onc_followup/2021-07-31__syn_0942.txt
SYN-TNBC-0454,syn_0943,med_onc_note,2025-02-20,en,notes/SYN-TNBC-0454/med_onc_note/2025-02-20__syn_0943.txt
SYN-TNBC-0455,syn_0944,rad_onc_followup,2025-04-15,en,notes/SYN-TNBC-0455/rad_onc_followup/2025-04-15__syn_0944.txt
SYN-TNBC-0456,syn_0945,rad_onc_followup,2024-07-20,en,notes/SYN-TNBC-0456/rad_onc_followup/2024-07-20__syn_0945.txt
SYN-TNBC-0457,syn_0946,rad_onc_followup,2021-02-12,en,notes/SYN-TNBC-0457/rad_onc_followup/2021-02-12__syn_0946.txt
SYN-TNBC-0458,syn_0947,rad_onc_followup,2022-11-04,en,notes/SYN-TNBC-0458/rad_onc_followup/2022-11-04__syn_0947.txt
SYN-TNBC-0459,syn_0948,rad_onc_followup,2024-04-06,en,notes/SYN-TNBC-0459/rad_onc_followup/2024-04-06__syn_0948.txt
SYN-TNBC-0460,syn_0949,rad_onc_followup,2021-07-23,en,notes/SYN-TNBC-0460/rad_onc_followup/2021-07-23__syn_0949.txt
SYN-TNBC-0461,syn_0950,imaging_report,2024-05-16,en,notes/SYN-TNBC-0461/imaging_report/2024-05-16__syn_0950.txt
SYN-TNBC-0462,syn_0951,rad_onc_followup,2023-09-27,en,notes/SYN-TNBC-0462/rad_onc_followup/2023-09-27__syn_0951.txt
SYN-TNBC-0463,syn_0952,rad_onc_followup,2025-10-03,en,notes/SYN-TNBC-0463/rad_onc_followup/2025-10-03__syn_0952.txt
SYN-TNBC-0464,syn_0953,rad_onc_followup,2021-12-13,en,notes/SYN-TNBC-0464/rad_onc_followup/2021-12-13__syn_0953.txt
SYN-TNBC-0465,syn_0954,lab_report,2021-05-15,en,notes/SYN-TNBC-0465/lab_report/2021-05-15__syn_0954.txt
SYN-TNBC-0466,syn_0955,rad_onc_followup,2021-01-12,en,notes/SYN-TNBC-0466/rad_onc_followup/2021-01-12__syn_0955.txt
SYN-TNBC-0467,syn_0956,med_onc_note,2022-11-27,en,notes/SYN-TNBC-0467/med_onc_note/2022-11-27__syn_0956.txt
SYN-TNBC-0468,syn_0957,rad_onc_followup,2021-08-18,en,notes/SYN-TNBC-0468/rad_onc_followup/2021-08-18__syn_0957.txt
SYN-TNBC-0469,syn_0958,rad_onc_followup,2021-12-10,en,notes/SYN-TNBC-0469/rad_onc_followup/2021-12-10__syn_0958.txt
SYN-TNBC-0470,syn_0959,med_onc_note,2021-02-08,en,notes/SYN-TNBC-0470/med_onc_note/2021-02-08__syn_0959.txt
SYN-TNBC-0471,syn_0960,rad_onc_followup,2021-05-24,en,notes/SYN-TNBC-0471/rad_onc_followup/2021-05-24__syn_0960.txt
SYN-TNBC-0472,syn_0961,rad_onc_followup,2024-10-27,en,notes/SYN-TNBC-0472/rad_onc_followup/2024-10-27__syn_0961.txt
SYN-TNBC-0473,syn_0962,med_onc_note,2024-10-16,en,notes/SYN-TNBC-0473/med_onc_note/2024-10-16__syn_0962.txt
SYN-TNBC-0474,syn_0963,rad_onc_followup,2021-11-06,en,notes/SYN-TNBC-0474/rad_onc_followup/2021-11-06__syn_0963.txt
SYN-TNBC-0475,syn_0964,rad_onc_followup,2022-01-06,en,notes/SYN-TNBC-0475/rad_onc_followup/2022-01-06__syn_0964.txt
SYN-TNBC-0476,syn_0965,rad_onc_followup,2024-08-26,en,notes/SYN-TNBC-0476/rad_onc_followup/2024-08-26__syn_0965.txt
SYN-TNBC-0477,syn_0966,rad_onc_followup,2020-05-11,en,notes/SYN-TNBC-0477/rad_onc_followup/2020-05-11__syn_0966.txt
SYN-TNBC-0478,syn_0967,rad_onc_followup,2023-08-07,en,notes/SYN-TNBC-0478/rad_onc_followup/2023-08-07__syn_0967.txt
SYN-TNBC-0479,syn_0968,rad_onc_followup,2020-09-26,en,notes/SYN-TNBC-0479/rad_onc_followup/2020-09-26__syn_0968.txt
SYN-TNBC-0480,syn_0969,lab_report,2021-01-25,en,notes/SYN-TNBC-0480/lab_report/2021-01-25__syn_0969.txt
SYN-TNBC-0481,syn_0970,rad_onc_followup,2024-09-08,en,notes/SYN-TNBC-0481/rad_onc_followup/2024-09-08__syn_0970.txt
SYN-TNBC-0482,syn_0971,rad_onc_followup,2022-06-21,en,notes/SYN-TNBC-0482/rad_onc_followup/2022-06-21__syn_0971.txt
SYN-TNBC-0483,syn_0972,rad_onc_followup,2023-04-12,en,notes/SYN-TNBC-0483/rad_onc_followup/2023-04-12__syn_0972.txt
SYN-TNBC-0484,syn_0973,rad_onc_followup,2021-10-23,en,notes/SYN-TNBC-0484/rad_onc_followup/2021-10-23__syn_0973.txt
SYN-TNBC-0485,syn_0974,rad_onc_followup,2021-01-02,en,notes/SYN-TNBC-0485/rad_onc_followup/2021-01-02__syn_0974.txt
SYN-TNBC-0486,syn_0975,rad_onc_followup,2022-01-15,en,notes/SYN-TNBC-0486/rad_onc_followup/2022-01-15__syn_0975.txt
SYN-TNBC-0487,syn_0976,rad_onc_followup,2025-02-08,en,notes/SYN-TNBC-0487/rad_onc_followup/2025-02-08__syn_0976.txt
SYN-TNBC-0488,syn_0977,rad_onc_followup,2025-12-03,en,notes/SYN-TNBC-0488/rad_onc_followup/2025-12-03__syn_0977.txt
SYN-TNBC-0489,syn_0978,med_onc_note,2020-08-30,en,notes/SYN-TNBC-0489/med_onc_note/2020-08-30__syn_0978.txt
SYN-TNBC-0001,syn_0979,rad_onc_followup,2020-08-26,en,notes/SYN-TNBC-0001/rad_onc_followup/2020-08-26__syn_0979.txt
SYN-TNBC-0002,syn_0980,rad_onc_followup,2022-09-20,en,notes/SYN-TNBC-0002/rad_onc_followup/2022-09-20__syn_0980.txt
SYN-TNBC-0003,syn_0981,rad_onc_followup,2024-02-06,en,notes/SYN-TNBC-0003/rad_onc_followup/2024-02-06__syn_0981.txt
SYN-TNBC-0004,syn_0982,rad_onc_followup,2024-10-13,en,notes/SYN-TNBC-0004/rad_onc_followup/2024-10-13__syn_0982.txt
SYN-TNBC-0005,syn_0983,rad_onc_followup,2020-06-15,en,notes/SYN-TNBC-0005/rad_onc_followup/2020-06-15__syn_0983.txt
SYN-TNBC-0006,syn_0984,rad_onc_followup,2025-09-04,en,notes/SYN-TNBC-0006/rad_onc_followup/2025-09-04__syn_0984.txt
SYN-TNBC-0007,syn_0985,rad_onc_followup,2022-12-10,en,notes/SYN-TNBC-0007/rad_onc_followup/2022-12-10__syn_0985.txt
SYN-TNBC-0008,syn_0986,rad_onc_followup,2021-05-25,en,notes/SYN-TNBC-0008/rad_onc_followup/2021-05-25__syn_0986.txt
SYN-TNBC-0009,syn_0987,rad_onc_followup,2021-11-21,en,notes/SYN-TNBC-0009/rad_onc_followup/2021-11-21__syn_0987.txt
SYN-TNBC-0010,syn_0988,rad_onc_followup,2022-01-12,en,notes/SYN-TNBC-0010/rad_onc_followup/2022-01-12__syn_0988.txt
SYN-TNBC-0011,syn_0989,rad_onc_followup,2022-04-05,en,notes/SYN-TNBC-0011/rad_onc_followup/2022-04-05__syn_0989.txt
SYN-TNBC-0012,syn_0990,rad_onc_followup,2020-03-29,en,notes/SYN-TNBC-0012/rad_onc_followup/2020-03-29__syn_0990.txt
SYN-TNBC-0013,syn_0991,rad_onc_followup,2023-12-25,en,notes/SYN-TNBC-0013/rad_onc_followup/2023-12-25__syn_0991.txt
SYN-TNBC-0014,syn_0992,med_onc_note,2025-06-03,en,notes/SYN-TNBC-0014/med_onc_note/2025-06-03__syn_0992.txt
SYN-TNBC-0015,syn_0993,rad_onc_followup,2022-06-03,en,notes/SYN-TNBC-0015/rad_onc_followup/2022-06-03__syn_0993.txt
SYN-TNBC-0016,syn_0994,rad_onc_followup,2025-07-24,en,notes/SYN-TNBC-0016/rad_onc_followup/2025-07-24__syn_0994.txt
SYN-TNBC-0017,syn_0995,med_onc_note,2020-11-21,en,notes/SYN-TNBC-0017/med_onc_note/2020-11-21__syn_0995.txt
SYN-TNBC-0018,syn_0996,rad_onc_followup,2020-04-09,en,notes/SYN-TNBC-0018/rad_onc_followup/2020-04-09__syn_0996.txt
SYN-TNBC-0019,syn_0997,lab_report,2026-01-25,en,notes/SYN-TNBC-0019/lab_report/2026-01-25__syn_0997.txt
SYN-TNBC-0020,syn_0998,rad_onc_followup,2024-05-21,en,notes/SYN-TNBC-0020/rad_onc_followup/2024-05-21__syn_0998.txt
SYN-TNBC-0021,syn_0999,rad_onc_followup,2021-04-03,en,notes/SYN-TNBC-0021/rad_onc_followup/2021-04-03__syn_0999.txt
SYN-TNBC-0022,syn_1000,rad_onc_followup,2020-09-02,en,notes/SYN-TNBC-0022/rad_onc_followup/2020-09-02__syn_1000.txt
SYN-TNBC-0023,syn_1001,rad_onc_followup,2023-03-26,en,notes/SYN-TNBC-0023/rad_onc_followup/2023-03-26__syn_1001.txt
SYN-TNBC-0024,syn_1002,rad_onc_followup,2024-01-13,en,notes/SYN-TNBC-0024/rad_onc_followup/2024-01-13__syn_1002.txt
SYN-TNBC-0025,syn_1003,rad_onc_followup,2024-05-17,en,notes/SYN-TNBC-0025/rad_onc_followup/2024-05-17__syn_1003.txt
SYN-TNBC-0026,syn_1004,rad_onc_followup,2020-04-06,en,notes/SYN-TNBC-0026/rad_onc_followup/2020-04-06__syn_1004.txt
SYN-TNBC-0027,syn_1005,med_onc_note,2021-11-30,en,notes/SYN-TNBC-0027/med_onc_note/2021-11-30__syn_1005.txt
SYN-TNBC-0028,syn_1006,rad_onc_followup,2024-02-25,en,notes/SYN-TNBC-0028/rad_onc_followup/2024-02-25__syn_1006.txt
SYN-TNBC-0029,syn_1007,med_onc_note,2025-09-14,en,notes/SYN-TNBC-0029/med_onc_note/2025-09-14__syn_1007.txt
SYN-TNBC-0030,syn_1008,rad_onc_followup,2024-06-07,en,notes/SYN-TNBC-0030/rad_onc_followup/2024-06-07__syn_1008.txt
SYN-TNBC-0031,syn_1009,rad_onc_followup,2020-03-21,en,notes/SYN-TNBC-0031/rad_onc_followup/2020-03-21__syn_1009.txt
SYN-TNBC-0032,syn_1010,rad_onc_followup,2025-01-11,en,notes/SYN-TNBC-0032/rad_onc_followup/2025-01-11__syn_1010.txt
SYN-TNBC-0033,syn_1011,med_onc_note,2020-11-25,en,notes/SYN-TNBC-0033/med_onc_note/2020-11-25__syn_1011.txt
SYN-TNBC-0034,syn_1012,imaging_report,2023-11-02,en,notes/SYN-TNBC-0034/imaging_report/2023-11-02__syn_1012.txt
SYN-TNBC-0035,syn_1013,rad_onc_followup,2024-03-02,en,notes/SYN-TNBC-0035/rad_onc_followup/2024-03-02__syn_1013.txt
SYN-TNBC-0036,syn_1014,lab_report,2023-01-01,en,notes/SYN-TNBC-0036/lab_report/2023-01-01__syn_1014.txt
SYN-TNBC-0037,syn_1015,rad_onc_followup,2025-09-16,en,notes/SYN-TNBC-0037/rad_onc_followup/2025-09-16__syn_1015.txt
SYN-TNBC-0038,syn_1016,med_onc_note,2023-08-28,en,notes/SYN-TNBC-0038/med_onc_note/2023-08-28__syn_1016.txt
SYN-TNBC-0039,syn_1017,med_onc_note,2021-06-13,en,notes/SYN-TNBC-0039/med_onc_note/2021-06-13__syn_1017.txt
SYN-TNBC-0040,syn_1018,rad_onc_followup,2022-04-07,en,notes/SYN-TNBC-0040/rad_onc_followup/2022-04-07__syn_1018.txt
SYN-TNBC-0041,syn_1019,rad_onc_followup,2020-09-21,en,notes/SYN-TNBC-0041/rad_onc_followup/2020-09-21__syn_1019.txt
SYN-TNBC-0042,syn_1020,rad_onc_followup,2021-12-06,en,notes/SYN-TNBC-0042/rad_onc_followup/2021-12-06__syn_1020.txt
SYN-TNBC-0043,syn_1021,rad_onc_followup,2023-10-02,en,notes/SYN-TNBC-0043/rad_onc_followup/2023-10-02__syn_1021.txt
SYN-TNBC-0044,syn_1022,rad_onc_followup,2022-07-22,en,notes/SYN-TNBC-0044/rad_onc_followup/2022-07-22__syn_1022.txt
SYN-TNBC-0045,syn_1023,rad_onc_followup,2021-05-21,en,notes/SYN-TNBC-0045/rad_onc_followup/2021-05-21__syn_1023.txt
SYN-TNBC-0046,syn_1024,rad_onc_followup,2026-01-08,en,notes/SYN-TNBC-0046/rad_onc_followup/2026-01-08__syn_1024.txt
SYN-TNBC-0047,syn_1025,rad_onc_followup,2023-07-27,en,notes/SYN-TNBC-0047/rad_onc_followup/2023-07-27__syn_1025.txt
SYN-TNBC-0048,syn_1026,rad_onc_followup,2020-10-29,en,notes/SYN-TNBC-0048/rad_onc_followup/2020-10-29__syn_1026.txt
SYN-TNBC-0049,syn_1027,med_onc_note,2024-07-28,en,notes/SYN-TNBC-0049/med_onc_note/2024-07-28__syn_1027.txt
SYN-TNBC-0050,syn_1028,rad_onc_followup,2021-12-29,en,notes/SYN-TNBC-0050/rad_onc_followup/2021-12-29__syn_1028.txt
SYN-TNBC-0051,syn_1029,rad_onc_followup,2021-01-16,en,notes/SYN-TNBC-0051/rad_onc_followup/2021-01-16__syn_1029.txt
SYN-TNBC-0052,syn_1030,imaging_report,2025-12-19,en,notes/SYN-TNBC-0052/imaging_report/2025-12-19__syn_1030.txt
SYN-TNBC-0053,syn_1031,rad_onc_followup,2021-04-19,en,notes/SYN-TNBC-0053/rad_onc_followup/2021-04-19__syn_1031.txt
SYN-TNBC-0054,syn_1032,med_onc_note,2021-09-08,en,notes/SYN-TNBC-0054/med_onc_note/2021-09-08__syn_1032.txt
SYN-TNBC-0055,syn_1033,rad_onc_followup,2025-11-19,en,notes/SYN-TNBC-0055/rad_onc_followup/2025-11-19__syn_1033.txt
SYN-TNBC-0056,syn_1034,rad_onc_followup,2020-02-06,en,notes/SYN-TNBC-0056/rad_onc_followup/2020-02-06__syn_1034.txt
SYN-TNBC-0057,syn_1035,med_onc_note,2021-12-27,en,notes/SYN-TNBC-0057/med_onc_note/2021-12-27__syn_1035.txt
SYN-TNBC-0058,syn_1036,rad_onc_followup,2024-07-14,en,notes/SYN-TNBC-0058/rad_onc_followup/2024-07-14__syn_1036.txt
SYN-TNBC-0059,syn_1037,rad_onc_followup,2022-06-10,en,notes/SYN-TNBC-0059/rad_onc_followup/2022-06-10__syn_1037.txt
SYN-TNBC-0060,syn_1038,rad_onc_followup,2021-08-04,en,notes/SYN-TNBC-0060/rad_onc_followup/2021-08-04__syn_1038.txt
SYN-TNBC-0061,syn_1039,med_onc_note,2024-10-14,en,notes/SYN-TNBC-0061/med_onc_note/2024-10-14__syn_1039.txt
SYN-TNBC-0062,syn_1040,rad_onc_followup,2021-03-28,en,notes/SYN-TNBC-0062/rad_onc_followup/2021-03-28__syn_1040.txt
SYN-TNBC-0063,syn_1041,rad_onc_followup,2020-04-16,en,notes/SYN-TNBC-0063/rad_onc_followup/2020-04-16__syn_1041.txt
SYN-TNBC-0064,syn_1042,rad_onc_followup,2020-11-17,en,notes/SYN-TNBC-0064/rad_onc_followup/2020-11-17__syn_1042.txt
SYN-TNBC-0065,syn_1043,med_onc_note,2021-08-29,en,notes/SYN-TNBC-0065/med_onc_note/2021-08-29__syn_1043.txt
SYN-TNBC-0066,syn_1044,rad_onc_followup,2022-03-07,en,notes/SYN-TNBC-0066/rad_onc_followup/2022-03-07__syn_1044.txt
SYN-TNBC-0067,syn_1045,rad_onc_followup,2025-07-26,en,notes/SYN-TNBC-0067/rad_onc_followup/2025-07-26__syn_1045.txt
SYN-TNBC-0068,syn_1046,rad_onc_followup,2025-05-18,en,notes/SYN-TNBC-0068/rad_onc_followup/2025-05-18__syn_1046.txt
SYN-TNBC-0069,syn_1047,rad_onc_followup,2020-07-15,en,notes/SYN-TNBC-0069/rad_onc_followup/2020-07-15__syn_1047.txt
SYN-TNBC-0070,syn_1048,imaging_report,2023-04-03,en,notes/SYN-TNBC-0070/imaging_report/2023-04-03__syn_1048.txt
SYN-TNBC-0071,syn_1049,rad_onc_followup,2024-02-22,en,notes/SYN-TNBC-0071/rad_onc_followup/2024-02-22__syn_1049.txt
SYN-TNBC-0072,syn_1050,med_onc_note,2022-01-10,en,notes/SYN-TNBC-0072/med_onc_note/2022-01-10__syn_1050.txt
SYN-TNBC-0073,syn_1051,lab_report,2020-06-20,en,notes/SYN-TNBC-0073/lab_report/2020-06-20__syn_1051.txt
SYN-TNBC-0074,syn_1052,rad_onc_followup,2020-05-09,en,notes/SYN-TNBC-0074/rad_onc_followup/2020-05-09__syn_1052.txt
SYN-TNBC-0075,syn_1053,rad_onc_followup,2022-08-03,en,notes/SYN-TNBC-0075/rad_onc_followup/2022-08-03__syn_1053.txt
SYN-TNBC-0076,syn_1054,med_onc_note,2025-06-29,en,notes/SYN-TNBC-0076/med_onc_note/2025-06-29__syn_1054.txt
SYN-TNBC-0077,syn_1055,rad_onc_followup,2023-08-30,en,notes/SYN-TNBC-0077/rad_onc_followup/2023-08-30__syn_1055.txt
SYN-TNBC-0078,syn_1056,rad_onc_followup,2022-10-05,en,notes/SYN-TNBC-0078/rad_onc_followup/2022-10-05__syn_1056.txt
SYN-TNBC-0079,syn_1057,rad_onc_followup,2023-11-26,en,notes/SYN-TNBC-0079/rad_onc_followup/2023-11-26__syn_1057.txt
SYN-TNBC-0080,syn_1058,rad_onc_followup,2020-04-14,en,notes/SYN-TNBC-0080/rad_onc_followup/2020-04-14__syn_1058.txt
SYN-TNBC-0081,syn_1059,rad_onc_followup,2020-04-13,en,notes/SYN-TNBC-0081/rad_onc_followup/2020-04-13__syn_1059.txt
SYN-TNBC-0082,syn_1060,rad_onc_followup,2020-12-21,en,notes/SYN-TNBC-0082/rad_onc_followup/2020-12-21__syn_1060.txt
SYN-TNBC-0083,syn_1061,rad_onc_followup,2021-12-04,en,notes/SYN-TNBC-0083/rad_onc_followup/2021-12-04__syn_1061.txt
SYN-TNBC-0084,syn_1062,rad_onc_followup,2025-03-22,en,notes/SYN-TNBC-0084/rad_onc_followup/2025-03-22__syn_1062.txt
SYN-TNBC-0085,syn_1063,rad_onc_followup,2025-02-25,en,notes/SYN-TNBC-0085/rad_onc_followup/2025-02-25__syn_1063.txt
SYN-TNBC-0086,syn_1064,rad_onc_followup,2023-11-26,en,notes/SYN-TNBC-0086/rad_onc_followup/2023-11-26__syn_1064.txt
SYN-TNBC-0087,syn_1065,med_onc_note,2022-12-22,en,notes/SYN-TNBC-0087/med_onc_note/2022-12-22__syn_1065.txt
SYN-TNBC-0088,syn_1066,rad_onc_followup,2023-11-24,en,notes/SYN-TNBC-0088/rad_onc_followup/2023-11-24__syn_1066.txt
SYN-TNBC-0089,syn_1067,rad_onc_followup,2024-02-04,en,notes/SYN-TNBC-0089/rad_onc_followup/2024-02-04__syn_1067.txt
SYN-TNBC-0090,syn_1068,med_onc_note,2021-05-30,en,notes/SYN-TNBC-0090/med_onc_note/2021-05-30__syn_1068.txt
SYN-TNBC-0091,syn_1069,rad_onc_followup,2021-01-16,en,notes/SYN-TNBC-0091/rad_onc_followup/2021-01-16__syn_1069.txt
SYN-TNBC-0092,syn_1070,rad_onc_followup,2021-04-08,en,notes/SYN-TNBC-0092/rad_onc_followup/2021-04-08__syn_1070.txt
SYN-TNBC-0093,syn_1071,med_onc_note,2025-06-04,en,notes/SYN-TNBC-0093/med_onc_note/2025-06-04__syn_1071.txt
SYN-TNBC-0094,syn_1072,med_onc_note,2021-09-29,en,notes/SYN-TNBC-0094/med_onc_note/2021-09-29__syn_1072.txt
SYN-TNBC-0095,syn_1073,rad_onc_followup,2020-03-27,en,notes/SYN-TNBC-0095/rad_onc_followup/2020-03-27__syn_1073.txt
SYN-TNBC-0096,syn_1074,rad_onc_followup,2023-03-18,en,notes/SYN-TNBC-0096/rad_onc_followup/2023-03-18__syn_1074.txt
SYN-TNBC-0097,syn_1075,med_onc_note,2020-07-10,en,notes/SYN-TNBC-0097/med_onc_note/2020-07-10__syn_1075.txt
SYN-TNBC-0098,syn_1076,rad_onc_followup,2020-11-06,en,notes/SYN-TNBC-0098/rad_onc_followup/2020-11-06__syn_1076.txt
SYN-TNBC-0099,syn_1077,rad_onc_followup,2023-07-22,en,notes/SYN-TNBC-0099/rad_onc_followup/2023-07-22__syn_1077.txt
SYN-TNBC-0100,syn_1078,rad_onc_followup,2025-05-08,en,notes/SYN-TNBC-0100/rad_onc_followup/2025-05-08__syn_1078.txt
SYN-TNBC-0101,syn_1079,med_onc_note,2023-09-17,en,notes/SYN-TNBC-0101/med_onc_note/2023-09-17__syn_1079.txt
SYN-TNBC-0102,syn_1080,rad_onc_followup,2023-10-07,en,notes/SYN-TNBC-0102/rad_onc_followup/2023-10-07__syn_1080.txt
SYN-TNBC-0103,syn_1081,rad_onc_followup,2023-07-21,en,notes/SYN-TNBC-0103/rad_onc_followup/2023-07-21__syn_1081.txt
SYN-TNBC-0104,syn_1082,rad_onc_followup,2025-04-08,en,notes/SYN-TNBC-0104/rad_onc_followup/2025-04-08__syn_1082.txt
SYN-TNBC-0105,syn_1083,rad_onc_followup,2025-03-29,en,notes/SYN-TNBC-0105/rad_onc_followup/2025-03-29__syn_1083.txt
SYN-TNBC-0106,syn_1084,med_onc_note,2020-08-14,en,notes/SYN-TNBC-0106/med_onc_note/2020-08-14__syn_1084.txt
SYN-TNBC-0107,syn_1085,rad_onc_followup,2023-07-25,en,notes/SYN-TNBC-0107/rad_onc_followup/2023-07-25__syn_1085.txt
SYN-TNBC-0108,syn_1086,lab_report,2022-05-07,en,notes/SYN-TNBC-0108/lab_report/2022-05-07__syn_1086.txt
SYN-TNBC-0109,syn_1087,rad_onc_followup,2023-04-12,en,notes/SYN-TNBC-0109/rad_onc_followup/2023-04-12__syn_1087.txt
SYN-TNBC-0110,syn_1088,rad_onc_followup,2023-01-11,en,notes/SYN-TNBC-0110/rad_onc_followup/2023-01-11__syn_1088.txt
SYN-TNBC-0111,syn_1089,rad_onc_followup,2023-05-28,en,notes/SYN-TNBC-0111/rad_onc_followup/2023-05-28__syn_1089.txt
SYN-TNBC-0112,syn_1090,lab_report,2021-07-23,en,notes/SYN-TNBC-0112/lab_report/2021-07-23__syn_1090.txt
SYN-TNBC-0113,syn_1091,rad_onc_followup,2020-11-18,en,notes/SYN-TNBC-0113/rad_onc_followup/2020-11-18__syn_1091.txt
SYN-TNBC-0114,syn_1092,rad_onc_followup,2025-04-13,en,notes/SYN-TNBC-0114/rad_onc_followup/2025-04-13__syn_1092.txt
SYN-TNBC-0115,syn_1093,med_onc_note,2023-07-02,en,notes/SYN-TNBC-0115/med_onc_note/2023-07-02__syn_1093.txt
SYN-TNBC-0116,syn_1094,med_onc_note,2021-07-25,en,notes/SYN-TNBC-0116/med_onc_note/2021-07-25__syn_1094.txt
SYN-TNBC-0117,syn_1095,med_onc_note,2024-07-20,en,notes/SYN-TNBC-0117/med_onc_note/2024-07-20__syn_1095.txt
SYN-TNBC-0118,syn_1096,rad_onc_followup,2025-11-23,en,notes/SYN-TNBC-0118/rad_onc_followup/2025-11-23__syn_1096.txt
SYN-TNBC-0119,syn_1097,imaging_report,2021-09-17,en,notes/SYN-TNBC-0119/imaging_report/2021-09-17__syn_1097.txt
SYN-TNBC-0120,syn_1098,med_onc_note,2020-08-11,en,notes/SYN-TNBC-0120/med_onc_note/2020-08-11__syn_1098.txt
SYN-TNBC-0121,syn_1099,rad_onc_followup,2023-09-25,en,notes/SYN-TNBC-0121/rad_onc_followup/2023-09-25__syn_1099.txt
SYN-TNBC-0122,syn_1100,rad_onc_followup,2021-06-21,en,notes/SYN-TNBC-0122/rad_onc_followup/2021-06-21__syn_1100.txt
SYN-TNBC-0123,syn_1101,rad_onc_followup,2023-05-01,en,notes/SYN-TNBC-0123/rad_onc_followup/2023-05-01__syn_1101.txt
SYN-TNBC-0124,syn_1102,rad_onc_followup,2023-10-09,en,notes/SYN-TNBC-0124/rad_onc_followup/2023-10-09__syn_1102.txt
SYN-TNBC-0125,syn_1103,rad_onc_followup,2022-11-05,en,notes/SYN-TNBC-0125/rad_onc_followup/2022-11-05__syn_1103.txt
SYN-TNBC-0126,syn_1104,rad_onc_followup,2024-11-09,en,notes/SYN-TNBC-0126/rad_onc_followup/2024-11-09__syn_1104.txt
SYN-TNBC-0127,syn_1105,rad_onc_followup,2021-11-01,en,notes/SYN-TNBC-0127/rad_onc_followup/2021-11-01__syn_1105.txt
SYN-TNBC-0128,syn_1106,rad_onc_followup,2024-01-17,en,notes/SYN-TNBC-0128/rad_onc_followup/2024-01-17__syn_1106.txt
SYN-TNBC-0129,syn_1107,rad_onc_followup,2022-01-26,en,notes/SYN-TNBC-0129/rad_onc_followup/2022-01-26__syn_1107.txt
SYN-TNBC-0130,syn_1108,rad_onc_followup,2021-09-29,en,notes/SYN-TNBC-0130/rad_onc_followup/2021-09-29__syn_1108.txt
SYN-TNBC-0131,syn_1109,rad_onc_followup,2022-03-15,en,notes/SYN-TNBC-0131/rad_onc_followup/2022-03-15__syn_1109.txt
SYN-TNBC-0132,syn_1110,rad_onc_followup,2023-06-18,en,notes/SYN-TNBC-0132/rad_onc_followup/2023-06-18__syn_1110.txt
SYN-TNBC-0133,syn_1111,rad_onc_followup,2020-02-17,en,notes/SYN-TNBC-0133/rad_onc_followup/2020-02-17__syn_1111.txt
SYN-TNBC-0134,syn_1112,rad_onc_followup,2023-01-22,en,notes/SYN-TNBC-0134/rad_onc_followup/2023-01-22__syn_1112.txt
SYN-TNBC-0135,syn_1113,rad_onc_followup,2022-08-12,en,notes/SYN-TNBC-0135/rad_onc_followup/2022-08-12__syn_1113.txt
SYN-TNBC-0136,syn_1114,rad_onc_followup,2025-06-24,en,notes/SYN-TNBC-0136/rad_onc_followup/2025-06-24__syn_1114.txt
SYN-TNBC-0137,syn_1115,rad_onc_followup,2024-02-25,en,notes/SYN-TNBC-0137/rad_onc_followup/2024-02-25__syn_1115.txt
SYN-TNBC-0138,syn_1116,rad_onc_followup,2021-04-17,en,notes/SYN-TNBC-0138/rad_onc_followup/2021-04-17__syn_1116.txt
SYN-TNBC-0139,syn_1117,med_onc_note,2020-07-17,en,notes/SYN-TNBC-0139/med_onc_note/2020-07-17__syn_1117.txt
SYN-TNBC-0140,syn_1118,rad_onc_followup,2020-09-07,en,notes/SYN-TNBC-0140/rad_onc_followup/2020-09-07__syn_1118.txt
SYN-TNBC-0141,syn_1119,med_onc_note,2024-01-08,en,notes/SYN-TNBC-0141/med_onc_note/2024-01-08__syn_1119.txt
SYN-TNBC-0142,syn_1120,rad_onc_followup,2023-04-05,en,notes/SYN-TNBC-0142/rad_onc_followup/2023-04-05__syn_1120.txt
SYN-TNBC-0143,syn_1121,med_onc_note,2025-09-30,en,notes/SYN-TNBC-0143/med_onc_note/2025-09-30__syn_1121.txt
SYN-TNBC-0144,syn_1122,rad_onc_followup,2023-02-07,en,notes/SYN-TNBC-0144/rad_onc_followup/2023-02-07__syn_1122.txt
SYN-TNBC-0145,syn_1123,rad_onc_followup,2021-10-13,en,notes/SYN-TNBC-0145/rad_onc_followup/2021-10-13__syn_1123.txt
SYN-TNBC-0146,syn_1124,rad_onc_followup,2023-02-24,en,notes/SYN-TNBC-0146/rad_onc_followup/2023-02-24__syn_1124.txt
SYN-TNBC-0147,syn_1125,lab_report,2025-08-03,en,notes/SYN-TNBC-0147/lab_report/2025-08-03__syn_1125.txt
SYN-TNBC-0148,syn_1126,rad_onc_followup,2021-05-15,en,notes/SYN-TNBC-0148/rad_onc_followup/2021-05-15__syn_1126.txt
SYN-TNBC-0149,syn_1127,rad_onc_followup,2024-07-15,en,notes/SYN-TNBC-0149/rad_onc_followup/2024-07-15__syn_1127.txt
SYN-TNBC-0150,syn_1128,rad_onc_followup,2021-01-07,en,notes/SYN-TNBC-0150/rad_onc_followup/2021-01-07__syn_1128.txt
SYN-TNBC-0151,syn_1129,med_onc_note,2024-08-10,en,notes/SYN-TNBC-0151/med_onc_note/2024-08-10__syn_1129.txt
SYN-TNBC-0152,syn_1130,rad_onc_followup,2021-07-05,en,notes/SYN-TNBC-0152/rad_onc_followup/2021-07-05__syn_1130.txt
SYN-TNBC-0153,syn_1131,lab_report,2020-09-21,en,notes/SYN-TNBC-0153/lab_report/2020-09-21__syn_1131.txt
SYN-TNBC-0154,syn_1132,med_onc_note,2020-02-15,en,notes/SYN-TNBC-0154/med_onc_note/2020-02-15__syn_1132.txt
SYN-TNBC-0155,syn_1133,rad_onc_followup,2021-11-30,en,notes/SYN-TNBC-0155/rad_onc_followup/2021-11-30__syn_1133.txt
SYN-TNBC-0156,syn_1134,lab_report,2024-06-07,en,notes/SYN-TNBC-0156/lab_report/2024-06-07__syn_1134.txt
SYN-TNBC-0157,syn_1135,rad_onc_followup,2024-06-13,en,notes/SYN-TNBC-0157/rad_onc_followup/2024-06-13__syn_1135.txt
SYN-TNBC-0158,syn_1136,rad_onc_followup,2021-07-15,en,notes/SYN-TNBC-0158/rad_onc_followup/2021-07-15__syn_1136.txt
SYN-TNBC-0159,syn_1137,rad_onc_followup,2022-09-09,en,notes/SYN-TNBC-0159/rad_onc_followup/2022-09-09__syn_1137.txt
SYN-TNBC-0160,syn_1138,rad_onc_followup,2023-10-23,en,notes/SYN-TNBC-0160/rad_onc_followup/2023-10-23__syn_1138.txt
SYN-TNBC-0161,syn_1139,rad_onc_followup,2021-03-10,en,notes/SYN-TNBC-0161/rad_onc_followup/2021-03-10__syn_1139.txt
SYN-TNBC-0162,syn_1140,rad_onc_followup,2024-02-16,en,notes/SYN-TNBC-0162/rad_onc_followup/2024-02-16__syn_1140.txt
SYN-TNBC-0163,syn_1141,rad_onc_followup,2022-09-18,en,notes/SYN-TNBC-0163/rad_onc_followup/2022-09-18__syn_1141.txt
SYN-TNBC-0164,syn_1142,rad_onc_followup,2022-05-11,en,notes/SYN-TNBC-0164/rad_onc_followup/2022-05-11__syn_1142.txt
SYN-TNBC-0165,syn_1143,med_onc_note,2022-03-23,en,notes/SYN-TNBC-0165/med_onc_note/2022-03-23__syn_1143.txt
SYN-TNBC-0166,syn_1144,rad_onc_followup,2020-03-15,en,notes/SYN-TNBC-0166/rad_onc_followup/2020-03-15__syn_1144.txt
SYN-TNBC-0167,syn_1145,rad_onc_followup,2021-03-10,en,notes/SYN-TNBC-0167/rad_onc_followup/2021-03-10__syn_1145.txt
SYN-TNBC-0168,syn_1146,lab_report,2021-02-01,en,notes/SYN-TNBC-0168/lab_report/2021-02-01__syn_1146.txt
SYN-TNBC-0169,syn_1147,rad_onc_followup,2025-01-19,en,notes/SYN-TNBC-0169/rad_onc_followup/2025-01-19__syn_1147.txt
SYN-TNBC-0170,syn_1148,rad_onc_followup,2023-03-18,en,notes/SYN-TNBC-0170/rad_onc_followup/2023-03-18__syn_1148.txt
SYN-TNBC-0171,syn_1149,rad_onc_followup,2023-02-08,en,notes/SYN-TNBC-0171/rad_onc_followup/2023-02-08__syn_1149.txt
SYN-TNBC-0172,syn_1150,rad_onc_followup,2021-02-05,en,notes/SYN-TNBC-0172/rad_onc_followup/2021-02-05__syn_1150.txt
SYN-TNBC-0173,syn_1151,med_onc_note,2023-01-23,en,notes/SYN-TNBC-0173/med_onc_note/2023-01-23__syn_1151.txt
SYN-TNBC-0174,syn_1152,rad_onc_followup,2025-06-23,en,notes/SYN-TNBC-0174/rad_onc_followup/2025-06-23__syn_1152.txt
SYN-TNBC-0175,syn_1153,rad_onc_followup,2020-12-07,en,notes/SYN-TNBC-0175/rad_onc_followup/2020-12-07__syn_1153.txt
SYN-TNBC-0176,syn_1154,rad_onc_followup,2025-09-17,en,notes/SYN-TNBC-0176/rad_onc_followup/2025-09-17__syn_1154.txt
SYN-TNBC-0177,syn_1155,rad_onc_followup,2022-07-14,en,notes/SYN-TNBC-0177/rad_onc_followup/2022-07-14__syn_1155.txt
SYN-TNBC-0178,syn_1156,rad_onc_followup,2024-04-10,en,notes/SYN-TNBC-0178/rad_onc_followup/2024-04-10__syn_1156.txt
SYN-TNBC-0179,syn_1157,rad_onc_followup,2023-01-11,en,notes/SYN-TNBC-0179/rad_onc_followup/2023-01-11__syn_1157.txt
SYN-TNBC-0180,syn_1158,rad_onc_followup,2022-09-16,en,notes/SYN-TNBC-0180/rad_onc_followup/2022-09-16__syn_1158.txt
SYN-TNBC-0181,syn_1159,rad_onc_followup,2023-12-27,en,notes/SYN-TNBC-0181/rad_onc_followup/2023-12-27__syn_1159.txt
SYN-TNBC-0182,syn_1160,rad_onc_followup,2024-06-05,en,notes/SYN-TNBC-0182/rad_onc_followup/2024-06-05__syn_1160.txt
SYN-TNBC-0183,syn_1161,rad_onc_followup,2023-10-15,en,notes/SYN-TNBC-0183/rad_onc_followup/2023-10-15__syn_1161.txt
SYN-TNBC-0184,syn_1162,lab_report,2025-04-09,en,notes/SYN-TNBC-0184/lab_report/2025-04-09__syn_1162.txt
SYN-TNBC-0185,syn_1163,rad_onc_followup,2021-10-24,en,notes/SYN-TNBC-0185/rad_onc_followup/2021-10-24__syn_1163.txt
SYN-TNBC-0186,syn_1164,rad_onc_followup,2023-03-24,en,notes/SYN-TNBC-0186/rad_onc_followup/2023-03-24__syn_1164.txt
SYN-TNBC-0187,syn_1165,rad_onc_followup,2020-06-14,en,notes/SYN-TNBC-0187/rad_onc_followup/2020-06-14__syn_1165.txt
SYN-TNBC-0188,syn_1166,rad_onc_followup,2022-08-25,en,notes/SYN-TNBC-0188/rad_onc_followup/2022-08-25__syn_1166.txt
SYN-TNBC-0189,syn_1167,med_onc_note,2024-08-13,en,notes/SYN-TNBC-0189/med_onc_note/2024-08-13__syn_1167.txt
SYN-TNBC-0190,syn_1168,med_onc_note,2024-01-18,en,notes/SYN-TNBC-0190/med_onc_note/2024-01-18__syn_1168.txt
SYN-TNBC-0191,syn_1169,imaging_report,2022-01-27,en,notes/SYN-TNBC-0191/imaging_report/2022-01-27__syn_1169.txt
SYN-TNBC-0192,syn_1170,rad_onc_followup,2024-03-20,en,notes/SYN-TNBC-0192/rad_onc_followup/2024-03-20__syn_1170.txt
SYN-TNBC-0193,syn_1171,rad_onc_followup,2022-06-02,en,notes/SYN-TNBC-0193/rad_onc_followup/2022-06-02__syn_1171.txt
SYN-TNBC-0194,syn_1172,rad_onc_followup,2025-03-25,en,notes/SYN-TNBC-0194/rad_onc_followup/2025-03-25__syn_1172.txt
SYN-TNBC-0195,syn_1173,rad_onc_followup,2020-04-24,en,notes/SYN-TNBC-0195/rad_onc_followup/2020-04-24__syn_1173.txt
SYN-TNBC-0196,syn_1174,lab_report,2020-08-22,en,notes/SYN-TNBC-0196/lab_report/2020-08-22__syn_1174.txt
SYN-TNBC-0197,syn_1175,rad_onc_followup,2022-08-15,en,notes/SYN-TNBC-0197/rad_onc_followup/2022-08-15__syn_1175.txt
SYN-TNBC-0198,syn_1176,rad_onc_followup,2024-01-05,en,notes/SYN-TNBC-0198/rad_onc_followup/2024-01-05__syn_1176.txt
SYN-TNBC-0199,syn_1177,rad_onc_followup,2020-09-14,en,notes/SYN-TNBC-0199/rad_onc_followup/2020-09-14__syn_1177.txt
SYN-TNBC-0200,syn_1178,imaging_report,2023-10-15,en,notes/SYN-TNBC-0200/imaging_report/2023-10-15__syn_1178.txt
SYN-TNBC-0201,syn_1179,rad_onc_followup,2022-12-03,en,notes/SYN-TNBC-0201/rad_onc_followup/2022-12-03__syn_1179.txt
SYN-TNBC-0202,syn_1180,med_onc_note,2020-09-18,en,notes/SYN-TNBC-0202/med_onc_note/2020-09-18__syn_1180.txt
SYN-TNBC-0203,syn_1181,rad_onc_followup,2025-12-07,en,notes/SYN-TNBC-0203/rad_onc_followup/2025-12-07__syn_1181.txt
SYN-TNBC-0204,syn_1182,rad_onc_followup,2024-08-24,en,notes/SYN-TNBC-0204/rad_onc_followup/2024-08-24__syn_1182.txt
SYN-TNBC-0205,syn_1183,lab_report,2023-05-22,en,notes/SYN-TNBC-0205/lab_report/2023-05-22__syn_1183.txt
SYN-TNBC-0206,syn_1184,rad_onc_followup,2024-12-11,en,notes/SYN-TNBC-0206/rad_onc_followup/2024-12-11__syn_1184.txt
SYN-TNBC-0207,syn_1185,rad_onc_followup,2024-04-21,en,notes/SYN-TNBC-0207/rad_onc_followup/2024-04-21__syn_1185.txt
SYN-TNBC-0208,syn_1186,rad_onc_followup,2025-01-04,en,notes/SYN-TNBC-0208/rad_onc_followup/2025-01-04__syn_1186.txt
SYN-TNBC-0209,syn_1187,med_onc_note,2024-09-11,en,notes/SYN-TNBC-0209/med_onc_note/2024-09-11__syn_1187.txt
SYN-TNBC-0210,syn_1188,imaging_report,2022-11-04,en,notes/SYN-TNBC-0210/imaging_report/2022-11-04__syn_1188.txt
SYN-TNBC-0211,syn_1189,rad_onc_followup,2020-05-29,en,notes/SYN-TNBC-0211/rad_onc_followup/2020-05-29__syn_1189.txt
SYN-TNBC-0212,syn_1190,rad_onc_followup,2025-12-02,en,notes/SYN-TNBC-0212/rad_onc_followup/2025-12-02__syn_1190.txt
SYN-TNBC-0213,syn_1191,med_onc_note,2023-01-03,en,notes/SYN-TNBC-0213/med_onc_note/2023-01-03__syn_1191.txt
SYN-TNBC-0214,syn_1192,rad_onc_followup,2025-03-04,en,notes/SYN-TNBC-0214/rad_onc_followup/2025-03-04__syn_1192.txt
SYN-TNBC-0215,syn_1193,rad_onc_followup,2024-11-06,en,notes/SYN-TNBC-0215/rad_onc_followup/2024-11-06__syn_1193.txt
SYN-TNBC-0216,syn_1194,rad_onc_followup,2023-03-05,en,notes/SYN-TNBC-0216/rad_onc_followup/2023-03-05__syn_1194.txt
SYN-TNBC-0217,syn_1195,rad_onc_followup,2024-03-08,en,notes/SYN-TNBC-0217/rad_onc_followup/2024-03-08__syn_1195.txt
SYN-TNBC-0218,syn_1196,med_onc_note,2025-07-21,en,notes/SYN-TNBC-0218/med_onc_note/2025-07-21__syn_1196.txt
SYN-TNBC-0219,syn_1197,rad_onc_followup,2025-07-25,en,notes/SYN-TNBC-0219/rad_onc_followup/2025-07-25__syn_1197.txt
SYN-TNBC-0220,syn_1198,rad_onc_followup,2021-02-18,en,notes/SYN-TNBC-0220/rad_onc_followup/2021-02-18__syn_1198.txt
SYN-TNBC-0221,syn_1199,rad_onc_followup,2021-09-29,en,notes/SYN-TNBC-0221/rad_onc_followup/2021-09-29__syn_1199.txt
SYN-TNBC-0222,syn_1200,med_onc_note,2020-12-22,en,notes/SYN-TNBC-0222/med_onc_note/2020-12-22__syn_1200.txt
SYN-TNBC-0223,syn_1201,rad_onc_followup,2021-05-14,en,notes/SYN-TNBC-0223/rad_onc_followup/2021-05-14__syn_1201.txt
SYN-TNBC-0224,syn_1202,rad_onc_followup,2020-07-11,en,notes/SYN-TNBC-0224/rad_onc_followup/2020-07-11__syn_1202.txt
SYN-TNBC-0225,syn_1203,rad_onc_followup,2025-06-20,en,notes/SYN-TNBC-0225/rad_onc_followup/2025-06-20__syn_1203.txt
SYN-TNBC-0226,syn_1204,rad_onc_followup,2021-07-10,en,notes/SYN-TNBC-0226/rad_onc_followup/2021-07-10__syn_1204.txt
SYN-TNBC-0227,syn_1205,med_onc_note,2023-09-10,en,notes/SYN-TNBC-0227/med_onc_note/2023-09-10__syn_1205.txt
SYN-TNBC-0228,syn_1206,med_onc_note,2025-12-08,en,notes/SYN-TNBC-0228/med_onc_note/2025-12-08__syn_1206.txt
SYN-TNBC-0229,syn_1207,rad_onc_followup,2024-04-29,en,notes/SYN-TNBC-0229/rad_onc_followup/2024-04-29__syn_1207.txt
SYN-TNBC-0230,syn_1208,rad_onc_followup,2020-11-11,en,notes/SYN-TNBC-0230/rad_onc_followup/2020-11-11__syn_1208.txt
SYN-TNBC-0231,syn_1209,med_onc_note,2025-07-03,en,notes/SYN-TNBC-0231/med_onc_note/2025-07-03__syn_1209.txt
SYN-TNBC-0232,syn_1210,rad_onc_followup,2020-07-29,en,notes/SYN-TNBC-0232/rad_onc_followup/2020-07-29__syn_1210.txt
SYN-TNBC-0233,syn_1211,rad_onc_followup,2022-08-27,en,notes/SYN-TNBC-0233/rad_onc_followup/2022-08-27__syn_1211.txt
SYN-TNBC-0234,syn_1212,rad_onc_followup,2021-09-27,en,notes/SYN-TNBC-0234/rad_onc_followup/2021-09-27__syn_1212.txt
SYN-TNBC-0235,syn_1213,med_onc_note,2025-04-14,en,notes/SYN-TNBC-0235/med_onc_note/2025-04-14__syn_1213.txt
SYN-TNBC-0236,syn_1214,lab_report,2020-08-06,en,notes/SYN-TNBC-0236/lab_report/2020-08-06__syn_1214.txt
SYN-TNBC-0237,syn_1215,med_onc_note,2025-04-25,en,notes/SYN-TNBC-0237/med_onc_note/2025-04-25__syn_1215.txt
SYN-TNBC-0238,syn_1216,rad_onc_followup,2023-12-31,en,notes/SYN-TNBC-0238/rad_onc_followup/2023-12-31__syn_1216.txt
SYN-TNBC-0239,syn_1217,med_onc_note,2022-06-28,en,notes/SYN-TNBC-0239/med_onc_note/2022-06-28__syn_1217.txt
SYN-TNBC-0240,syn_1218,rad_onc_followup,2025-11-17,en,notes/SYN-TNBC-0240/rad_onc_followup/2025-11-17__syn_1218.txt
SYN-TNBC-0241,syn_1219,rad_onc_followup,2025-11-19,en,notes/SYN-TNBC-0241/rad_onc_followup/2025-11-19__syn_1219.txt
SYN-TNBC-0242,syn_1220,rad_onc_followup,2022-10-12,en,notes/SYN-TNBC-0242/rad_onc_followup/2022-10-12__syn_1220.txt
SYN-TNBC-0243,syn_1221,rad_onc_followup,2022-06-17,en,notes/SYN-TNBC-0243/rad_onc_followup/2022-06-17__syn_1221.txt
SYN-TNBC-0244,syn_1222,rad_onc_followup,2022-05-24,en,notes/SYN-TNBC-0244/rad_onc_followup/2022-05-24__syn_1222.txt
SYN-TNBC-0245,syn_1223,rad_onc_followup,2022-10-25,en,notes/SYN-TNBC-0245/rad_onc_followup/2022-10-25__syn_1223.txt
SYN-TNBC-0246,syn_1224,rad_onc_followup,2025-12-06,en,notes/SYN-TNBC-0246/rad_onc_followup/2025-12-06__syn_1224.txt
SYN-TNBC-0247,syn_1225,rad_onc_followup,2025-06-05,en,notes/SYN-TNBC-0247/rad_onc_followup/2025-06-05__syn_1225.txt
SYN-TNBC-0248,syn_1226,rad_onc_followup,2021-10-04,en,notes/SYN-TNBC-0248/rad_onc_followup/2021-10-04__syn_1226.txt
SYN-TNBC-0249,syn_1227,rad_onc_followup,2022-12-04,en,notes/SYN-TNBC-0249/rad_onc_followup/2022-12-04__syn_1227.txt
SYN-TNBC-0250,syn_1228,rad_onc_followup,2022-04-19,en,notes/SYN-TNBC-0250/rad_onc_followup/2022-04-19__syn_1228.txt
SYN-TNBC-0251,syn_1229,rad_onc_followup,2025-06-14,en,notes/SYN-TNBC-0251/rad_onc_followup/2025-06-14__syn_1229.txt
SYN-TNBC-0252,syn_1230,rad_onc_followup,2024-02-26,en,notes/SYN-TNBC-0252/rad_onc_followup/2024-02-26__syn_1230.txt
SYN-TNBC-0253,syn_1231,lab_report,2023-01-29,en,notes/SYN-TNBC-0253/lab_report/2023-01-29__syn_1231.txt
SYN-TNBC-0254,syn_1232,rad_onc_followup,2023-09-24,en,notes/SYN-TNBC-0254/rad_onc_followup/2023-09-24__syn_1232.txt
SYN-TNBC-0255,syn_1233,rad_onc_followup,2023-05-07,en,notes/SYN-TNBC-0255/rad_onc_followup/2023-05-07__syn_1233.txt
SYN-TNBC-0256,syn_1234,rad_onc_followup,2023-11-13,en,notes/SYN-TNBC-0256/rad_onc_followup/2023-11-13__syn_1234.txt
SYN-TNBC-0257,syn_1235,med_onc_note,2021-04-01,en,notes/SYN-TNBC-0257/med_onc_note/2021-04-01__syn_1235.txt
SYN-TNBC-0258,syn_1236,rad_onc_followup,2020-03-13,en,notes/SYN-TNBC-0258/rad_onc_followup/2020-03-13__syn_1236.txt
SYN-TNBC-0259,syn_1237,rad_onc_followup,2021-01-29,en,notes/SYN-TNBC-0259/rad_onc_followup/2021-01-29__syn_1237.txt
SYN-TNBC-0260,syn_1238,rad_onc_followup,2024-01-22,en,notes/SYN-TNBC-0260/rad_onc_followup/2024-01-22__syn_1238.txt
SYN-TNBC-0261,syn_1239,rad_onc_followup,2022-06-08,en,notes/SYN-TNBC-0261/rad_onc_followup/2022-06-08__syn_1239.txt
SYN-TNBC-0262,syn_1240,lab_report,2024-06-27,en,notes/SYN-TNBC-0262/lab_report/2024-06-27__syn_1240.txt
SYN-TNBC-0263,syn_1241,rad_onc_followup,2024-11-07,en,notes/SYN-TNBC-0263/rad_onc_followup/2024-11-07__syn_1241.txt
SYN-TNBC-0264,syn_1242,rad_onc_followup,2023-05-16,en,notes/SYN-TNBC-0264/rad_onc_followup/2023-05-16__syn_1242.txt
SYN-TNBC-0265,syn_1243,rad_onc_followup,2025-01-18,en,notes/SYN-TNBC-0265/rad_onc_followup/2025-01-18__syn_1243.txt
SYN-TNBC-0266,syn_1244,med_onc_note,2021-08-09,en,notes/SYN-TNBC-0266/med_onc_note/2021-08-09__syn_1244.txt
SYN-TNBC-0267,syn_1245,rad_onc_followup,2021-05-03,en,notes/SYN-TNBC-0267/rad_onc_followup/2021-05-03__syn_1245.txt
SYN-TNBC-0268,syn_1246,rad_onc_followup,2023-12-03,en,notes/SYN-TNBC-0268/rad_onc_followup/2023-12-03__syn_1246.txt
SYN-TNBC-0269,syn_1247,rad_onc_followup,2021-03-26,en,notes/SYN-TNBC-0269/rad_onc_followup/2021-03-26__syn_1247.txt
SYN-TNBC-0270,syn_1248,lab_report,2022-01-17,en,notes/SYN-TNBC-0270/lab_report/2022-01-17__syn_1248.txt
SYN-TNBC-0271,syn_1249,rad_onc_followup,2022-05-19,en,notes/SYN-TNBC-0271/rad_onc_followup/2022-05-19__syn_1249.txt
SYN-TNBC-0272,syn_1250,rad_onc_followup,2022-06-28,en,notes/SYN-TNBC-0272/rad_onc_followup/2022-06-28__syn_1250.txt
SYN-TNBC-0273,syn_1251,rad_onc_followup,2023-11-22,en,notes/SYN-TNBC-0273/rad_onc_followup/2023-11-22__syn_1251.txt
SYN-TNBC-0274,syn_1252,med_onc_note,2025-12-10,en,notes/SYN-TNBC-0274/med_onc_note/2025-12-10__syn_1252.txt
SYN-TNBC-0275,syn_1253,rad_onc_followup,2022-07-12,en,notes/SYN-TNBC-0275/rad_onc_followup/2022-07-12__syn_1253.txt
SYN-TNBC-0276,syn_1254,rad_onc_followup,2021-08-26,en,notes/SYN-TNBC-0276/rad_onc_followup/2021-08-26__syn_1254.txt
SYN-TNBC-0277,syn_1255,rad_onc_followup,2024-05-16,en,notes/SYN-TNBC-0277/rad_onc_followup/2024-05-16__syn_1255.txt
SYN-TNBC-0278,syn_1256,imaging_report,2023-11-22,en,notes/SYN-TNBC-0278/imaging_report/2023-11-22__syn_1256.txt
SYN-TNBC-0279,syn_1257,med_onc_note,2025-09-02,en,notes/SYN-TNBC-0279/med_onc_note/2025-09-02__syn_1257.txt
SYN-TNBC-0280,syn_1258,lab_report,2022-07-04,en,notes/SYN-TNBC-0280/lab_report/2022-07-04__syn_1258.txt
SYN-TNBC-0281,syn_1259,rad_onc_followup,2024-12-14,en,notes/SYN-TNBC-0281/rad_onc_followup/2024-12-14__syn_1259.txt
SYN-TNBC-0282,syn_1260,lab_report,2020-08-12,en,notes/SYN-TNBC-0282/lab_report/2020-08-12__syn_1260.txt
SYN-TNBC-0283,syn_1261,rad_onc_followup,2021-03-18,en,notes/SYN-TNBC-0283/rad_onc_followup/2021-03-18__syn_1261.txt
SYN-TNBC-0284,syn_1262,rad_onc_followup,2022-08-24,en,notes/SYN-TNBC-0284/rad_onc_followup/2022-08-24__syn_1262.txt
SYN-TNBC-0285,syn_1263,rad_onc_followup,2021-05-12,en,notes/SYN-TNBC-0285/rad_onc_followup/2021-05-12__syn_1263.txt
SYN-TNBC-0286,syn_1264,rad_onc_followup,2020-11-09,en,notes/SYN-TNBC-0286/rad_onc_followup/2020-11-09__syn_1264.txt
SYN-TNBC-0287,syn_1265,rad_onc_followup,2025-04-03,en,notes/SYN-TNBC-0287/rad_onc_followup/2025-04-03__syn_1265.txt
SYN-TNBC-0288,syn_1266,rad_onc_followup,2021-04-24,en,notes/SYN-TNBC-0288/rad_onc_followup/2021-04-24__syn_1266.txt
SYN-TNBC-0289,syn_1267,rad_onc_followup,2020-06-13,en,notes/SYN-TNBC-0289/rad_onc_followup/2020-06-13__syn_1267.txt
SYN-TNBC-0290,syn_1268,med_onc_note,2024-07-22,en,notes/SYN-TNBC-0290/med_onc_note/2024-07-22__syn_1268.txt
SYN-TNBC-0291,syn_1269,med_onc_note,2021-02-07,en,notes/SYN-TNBC-0291/med_onc_note/2021-02-07__syn_1269.txt
SYN-TNBC-0292,syn_1270,rad_onc_followup,2020-10-10,en,notes/SYN-TNBC-0292/rad_onc_followup/2020-10-10__syn_1270.txt
SYN-TNBC-0293,syn_1271,rad_onc_followup,2023-04-16,en,notes/SYN-TNBC-0293/rad_onc_followup/2023-04-16__syn_1271.txt
SYN-TNBC-0294,syn_1272,med_onc_note,2022-11-14,en,notes/SYN-TNBC-0294/med_onc_note/2022-11-14__syn_1272.txt
SYN-TNBC-0295,syn_1273,rad_onc_followup,2025-03-17,en,notes/SYN-TNBC-0295/rad_onc_followup/2025-03-17__syn_1273.txt
SYN-TNBC-0296,syn_1274,med_onc_note,2020-03-11,en,notes/SYN-TNBC-0296/med_onc_note/2020-03-11__syn_1274.txt
SYN-TNBC-0297,syn_1275,rad_onc_followup,2024-01-03,en,notes/SYN-TNBC-0297/rad_onc_followup/2024-01-03__syn_1275.txt
SYN-TNBC-0298,syn_1276,rad_onc_followup,2024-09-14,en,notes/SYN-TNBC-0298/rad_onc_followup/2024-09-14__syn_1276.txt
SYN-TNBC-0299,syn_1277,rad_onc_followup,2026-01-14,en,notes/SYN-TNBC-0299/rad_onc_followup/2026-01-14__syn_1277.txt
SYN-TNBC-0300,syn_1278,rad_onc_followup,2024-08-21,en,notes/SYN-TNBC-0300/rad_onc_followup/2024-08-21__syn_1278.txt
SYN-TNBC-0301,syn_1279,rad_onc_followup,2022-05-31,en,notes/SYN-TNBC-0301/rad_onc_followup/2022-05-31__syn_1279.txt
SYN-TNBC-0302,syn_1280,med_onc_note,2022-06-26,en,notes/SYN-TNBC-0302/med_onc_note/2022-06-26__syn_1280.txt
SYN-TNBC-0303,syn_1281,lab_report,2021-08-22,en,notes/SYN-TNBC-0303/lab_report/2021-08-22__syn_1281.txt
SYN-TNBC-0304,syn_1282,rad_onc_followup,2025-04-29,en,notes/SYN-TNBC-0304/rad_onc_followup/2025-04-29__syn_1282.txt
SYN-TNBC-0305,syn_1283,rad_onc_followup,2021-09-18,en,notes/SYN-TNBC-0305/rad_onc_followup/2021-09-18__syn_1283.txt
SYN-TNBC-0306,syn_1284,rad_onc_followup,2022-05-12,en,notes/SYN-TNBC-0306/rad_onc_followup/2022-05-12__syn_1284.txt
SYN-TNBC-0307,syn_1285,rad_onc_followup,2021-12-02,en,notes/SYN-TNBC-0307/rad_onc_followup/2021-12-02__syn_1285.txt
SYN-TNBC-0308,syn_1286,rad_onc_followup,2024-01-03,en,notes/SYN-TNBC-0308/rad_onc_followup/2024-01-03__syn_1286.txt
SYN-TNBC-0309,syn_1287,rad_onc_followup,2024-10-15,en,notes/SYN-TNBC-0309/rad_onc_followup/2024-10-15__syn_1287.txt
SYN-TNBC-0310,syn_1288,rad_onc_followup,2023-03-08,en,notes/SYN-TNBC-0310/rad_onc_followup/2023-03-08__syn_1288.txt
SYN-TNBC-0311,syn_1289,rad_onc_followup,2021-02-07,en,notes/SYN-TNBC-0311/rad_onc_followup/2021-02-07__syn_1289.txt
SYN-TNBC-0312,syn_1290,rad_onc_followup,2020-02-15,en,notes/SYN-TNBC-0312/rad_onc_followup/2020-02-15__syn_1290.txt
SYN-TNBC-0313,syn_1291,rad_onc_followup,2023-08-22,en,notes/SYN-TNBC-0313/rad_onc_followup/2023-08-22__syn_1291.txt
SYN-TNBC-0314,syn_1292,rad_onc_followup,2022-07-15,en,notes/SYN-TNBC-0314/rad_onc_followup/2022-07-15__syn_1292.txt
SYN-TNBC-0315,syn_1293,rad_onc_followup,2023-08-24,en,notes/SYN-TNBC-0315/rad_onc_followup/2023-08-24__syn_1293.txt
SYN-TNBC-0316,syn_1294,rad_onc_followup,2026-01-13,en,notes/SYN-TNBC-0316/rad_onc_followup/2026-01-13__syn_1294.txt
SYN-TNBC-0317,syn_1295,rad_onc_followup,2023-07-26,en,notes/SYN-TNBC-0317/rad_onc_followup/2023-07-26__syn_1295.txt
SYN-TNBC-0318,syn_1296,lab_report,2021-04-18,en,notes/SYN-TNBC-0318/lab_report/2021-04-18__syn_1296.txt
SYN-TNBC-0319,syn_1297,rad_onc_followup,2023-04-17,en,notes/SYN-TNBC-0319/rad_onc_followup/2023-04-17__syn_1297.txt
SYN-TNBC-0320,syn_1298,rad_onc_followup,2021-08-24,en,notes/SYN-TNBC-0320/rad_onc_followup/2021-08-24__syn_1298.txt
SYN-TNBC-0321,syn_1299,rad_onc_followup,2021-08-19,en,notes/SYN-TNBC-0321/rad_onc_followup/2021-08-19__syn_1299.txt
SYN-TNBC-0322,syn_1300,med_onc_note,2020-02-22,en,notes/SYN-TNBC-0322/med_onc_note/2020-02-22__syn_1300.txt
SYN-TNBC-0323,syn_1301,rad_onc_followup,2020-05-15,en,notes/SYN-TNBC-0323/rad_onc_followup/2020-05-15__syn_1301.txt
SYN-TNBC-0324,syn_1302,rad_onc_followup,2020-12-24,en,notes/SYN-TNBC-0324/rad_onc_followup/2020-12-24__syn_1302.txt
SYN-TNBC-0325,syn_1303,rad_onc_followup,2023-07-05,en,notes/SYN-TNBC-0325/rad_onc_followup/2023-07-05__syn_1303.txt
SYN-TNBC-0326,syn_1304,rad_onc_followup,2025-07-13,en,notes/SYN-TNBC-0326/rad_onc_followup/2025-07-13__syn_1304.txt
SYN-TNBC-0327,syn_1305,med_onc_note,2025-11-24,en,notes/SYN-TNBC-0327/med_onc_note/2025-11-24__syn_1305.txt
SYN-TNBC-0328,syn_1306,imaging_report,2021-05-19,en,notes/SYN-TNBC-0328/imaging_report/2021-05-19__syn_1306.txt
SYN-TNBC-0329,syn_1307,med_onc_note,2024-06-16,en,notes/SYN-TNBC-0329/med_onc_note/2024-06-16__syn_1307.txt
SYN-TNBC-0330,syn_1308,lab_report,2022-03-21,en,notes/SYN-TNBC-0330/lab_report/2022-03-21__syn_1308.txt
SYN-TNBC-0331,syn_1309,rad_onc_followup,2021-05-13,en,notes/SYN-TNBC-0331/rad_onc_followup/2021-05-13__syn_1309.txt
SYN-TNBC-0332,syn_1310,med_onc_note,2024-07-12,en,notes/SYN-TNBC-0332/med_onc_note/2024-07-12__syn_1310.txt
SYN-TNBC-0333,syn_1311,rad_onc_followup,2020-05-21,en,notes/SYN-TNBC-0333/rad_onc_followup/2020-05-21__syn_1311.txt
SYN-TNBC-0334,syn_1312,rad_onc_followup,2020-06-27,en,notes/SYN-TNBC-0334/rad_onc_followup/2020-06-27__syn_1312.txt
SYN-TNBC-0335,syn_1313,rad_onc_followup,2023-09-02,en,notes/SYN-TNBC-0335/rad_onc_followup/2023-09-02__syn_1313.txt
SYN-TNBC-0336,syn_1314,rad_onc_followup,2021-09-07,en,notes/SYN-TNBC-0336/rad_onc_followup/2021-09-07__syn_1314.txt
SYN-TNBC-0337,syn_1315,rad_onc_followup,2021-06-16,en,notes/SYN-TNBC-0337/rad_onc_followup/2021-06-16__syn_1315.txt
SYN-TNBC-0338,syn_1316,rad_onc_followup,2024-07-28,en,notes/SYN-TNBC-0338/rad_onc_followup/2024-07-28__syn_1316.txt
SYN-TNBC-0339,syn_1317,rad_onc_followup,2020-12-18,en,notes/SYN-TNBC-0339/rad_onc_followup/2020-12-18__syn_1317.txt
SYN-TNBC-0340,syn_1318,lab_report,2021-01-20,en,notes/SYN-TNBC-0340/lab_report/2021-01-20__syn_1318.txt
SYN-TNBC-0341,syn_1319,rad_onc_followup,2021-02-10,en,notes/SYN-TNBC-0341/rad_onc_followup/2021-02-10__syn_1319.txt
SYN-TNBC-0342,syn_1320,rad_onc_followup,2026-01-22,en,notes/SYN-TNBC-0342/rad_onc_followup/2026-01-22__syn_1320.txt
SYN-TNBC-0343,syn_1321,rad_onc_followup,2022-07-03,en,notes/SYN-TNBC-0343/rad_onc_followup/2022-07-03__syn_1321.txt
SYN-TNBC-0344,syn_1322,rad_onc_followup,2020-10-20,en,notes/SYN-TNBC-0344/rad_onc_followup/2020-10-20__syn_1322.txt
SYN-TNBC-0345,syn_1323,imaging_report,2023-03-12,en,notes/SYN-TNBC-0345/imaging_report/2023-03-12__syn_1323.txt
SYN-TNBC-0346,syn_1324,rad_onc_followup,2020-11-12,en,notes/SYN-TNBC-0346/rad_onc_followup/2020-11-12__syn_1324.txt
SYN-TNBC-0347,syn_1325,rad_onc_followup,2022-05-04,en,notes/SYN-TNBC-0347/rad_onc_followup/2022-05-04__syn_1325.txt
SYN-TNBC-0348,syn_1326,rad_onc_followup,2025-05-29,en,notes/SYN-TNBC-0348/rad_onc_followup/2025-05-29__syn_1326.txt
SYN-TNBC-0349,syn_1327,med_onc_note,2025-10-05,en,notes/SYN-TNBC-0349/med_onc_note/2025-10-05__syn_1327.txt
SYN-TNBC-0350,syn_1328,rad_onc_followup,2022-12-23,en,notes/SYN-TNBC-0350/rad_onc_followup/2022-12-23__syn_1328.txt
SYN-TNBC-0351,syn_1329,med_onc_note,2022-12-10,en,notes/SYN-TNBC-0351/med_onc_note/2022-12-10__syn_1329.txt
SYN-TNBC-0352,syn_1330,rad_onc_followup,2021-01-18,en,notes/SYN-TNBC-0352/rad_onc_followup/2021-01-18__syn_1330.txt
SYN-TNBC-0353,syn_1331,rad_onc_followup,2020-09-06,en,notes/SYN-TNBC-0353/rad_onc_followup/2020-09-06__syn_1331.txt
SYN-TNBC-0354,syn_1332,med_onc_note,2023-01-28,en,notes/SYN-TNBC-0354/med_onc_note/2023-01-28__syn_1332.txt
SYN-TNBC-0355,syn_1333,rad_onc_followup,2023-03-21,en,notes/SYN-TNBC-0355/rad_onc_followup/2023-03-21__syn_1333.txt
SYN-TNBC-0356,syn_1334,rad_onc_followup,2025-05-01,en,notes/SYN-TNBC-0356/rad_onc_followup/2025-05-01__syn_1334.txt
SYN-TNBC-0357,syn_1335,med_onc_note,2022-02-28,en,notes/SYN-TNBC-0357/med_onc_note/2022-02-28__syn_1335.txt
SYN-TNBC-0358,syn_1336,rad_onc_followup,2023-04-20,en,notes/SYN-TNBC-0358/rad_onc_followup/2023-04-20__syn_1336.txt
SYN-TNBC-0359,syn_1337,rad_onc_followup,2025-07-14,en,notes/SYN-TNBC-0359/rad_onc_followup/2025-07-14__syn_1337.txt
SYN-TNBC-0360,syn_1338,med_onc_note,2025-08-15,en,notes/SYN-TNBC-0360/med_onc_note/2025-08-15__syn_1338.txt
SYN-TNBC-0361,syn_1339,rad_onc_followup,2025-03-23,en,notes/SYN-TNBC-0361/rad_onc_followup/2025-03-23__syn_1339.txt
SYN-TNBC-0362,syn_1340,rad_onc_followup,2023-07-04,en,notes/SYN-TNBC-0362/rad_onc_followup/2023-07-04__syn_1340.txt
SYN-TNBC-0363,syn_1341,rad_onc_followup,2024-09-01,en,notes/SYN-TNBC-0363/rad_onc_followup/2024-09-01__syn_1341.txt
SYN-TNBC-0364,syn_1342,rad_onc_followup,2020-12-22,en,notes/SYN-TNBC-0364/rad_onc_followup/2020-12-22__syn_1342.txt
SYN-TNBC-0365,syn_1343,rad_onc_followup,2020-03-28,en,notes/SYN-TNBC-0365/rad_onc_followup/2020-03-28__syn_1343.txt
SYN-TNBC-0366,syn_1344,rad_onc_followup,2025-12-25,en,notes/SYN-TNBC-0366/rad_onc_followup/2025-12-25__syn_1344.txt
SYN-TNBC-0367,syn_1345,rad_onc_followup,2024-11-20,en,notes/SYN-TNBC-0367/rad_onc_followup/2024-11-20__syn_1345.txt
SYN-TNBC-0368,syn_1346,rad_onc_followup,2025-02-11,en,notes/SYN-TNBC-0368/rad_onc_followup/2025-02-11__syn_1346.txt
SYN-TNBC-0369,syn_1347,rad_onc_followup,2023-01-31,en,notes/SYN-TNBC-0369/rad_onc_followup/2023-01-31__syn_1347.txt
SYN-TNBC-0370,syn_1348,med_onc_note,2020-10-07,en,notes/SYN-TNBC-0370/med_onc_note/2020-10-07__syn_1348.txt
SYN-TNBC-0371,syn_1349,med_onc_note,2024-11-10,en,notes/SYN-TNBC-0371/med_onc_note/2024-11-10__syn_1349.txt
SYN-TNBC-0372,syn_1350,rad_onc_followup,2022-06-06,en,notes/SYN-TNBC-0372/rad_onc_followup/2022-06-06__syn_1350.txt
SYN-TNBC-0373,syn_1351,rad_onc_followup,2024-06-01,en,notes/SYN-TNBC-0373/rad_onc_followup/2024-06-01__syn_1351.txt
SYN-TNBC-0374,syn_1352,rad_onc_followup,2021-09-15,en,notes/SYN-TNBC-0374/rad_onc_followup/2021-09-15__syn_1352.txt
SYN-TNBC-0375,syn_1353,rad_onc_followup,2020-06-23,en,notes/SYN-TNBC-0375/rad_onc_followup/2020-06-23__syn_1353.txt
SYN-TNBC-0376,syn_1354,rad_onc_followup,2025-12-22,en,notes/SYN-TNBC-0376/rad_onc_followup/2025-12-22__syn_1354.txt
SYN-TNBC-0377,syn_1355,rad_onc_followup,2023-11-02,en,notes/SYN-TNBC-0377/rad_onc_followup/2023-11-02__syn_1355.txt
SYN-TNBC-0378,syn_1356,rad_onc_followup,2020-05-18,en,notes/SYN-TNBC-0378/rad_onc_followup/2020-05-18__syn_1356.txt
SYN-TNBC-0379,syn_1357,rad_onc_followup,2025-04-26,en,notes/SYN-TNBC-0379/rad_onc_followup/2025-04-26__syn_1357.txt
SYN-TNBC-0380,syn_1358,med_onc_note,2023-02-06,en,notes/SYN-TNBC-0380/med_onc_note/2023-02-06__syn_1358.txt
SYN-TNBC-0381,syn_1359,lab_report,2021-12-09,en,notes/SYN-TNBC-0381/lab_report/2021-12-09__syn_1359.txt
SYN-TNBC-0382,syn_1360,rad_onc_followup,2022-01-09,en,notes/SYN-TNBC-0382/rad_onc_followup/2022-01-09__syn_1360.txt
SYN-TNBC-0383,syn_1361,rad_onc_followup,2022-11-03,en,notes/SYN-TNBC-0383/rad_onc_followup/2022-11-03__syn_1361.txt
SYN-TNBC-0384,syn_1362,rad_onc_followup,2021-03-29,en,notes/SYN-TNBC-0384/rad_onc_followup/2021-03-29__syn_1362.txt
SYN-TNBC-0385,syn_1363,med_onc_note,2022-04-13,en,notes/SYN-TNBC-0385/med_onc_note/2022-04-13__syn_1363.txt
SYN-TNBC-0386,syn_1364,rad_onc_followup,2024-09-04,en,notes/SYN-TNBC-0386/rad_onc_followup/2024-09-04__syn_1364.txt
SYN-TNBC-0387,syn_1365,rad_onc_followup,2020-07-25,en,notes/SYN-TNBC-0387/rad_onc_followup/2020-07-25__syn_1365.txt
SYN-TNBC-0388,syn_1366,rad_onc_followup,2021-10-06,en,notes/SYN-TNBC-0388/rad_onc_followup/2021-10-06__syn_1366.txt
SYN-TNBC-0389,syn_1367,rad_onc_followup,2020-03-01,en,notes/SYN-TNBC-0389/rad_onc_followup/2020-03-01__syn_1367.txt
SYN-TNBC-0390,syn_1368,med_onc_note,2025-10-04,en,notes/SYN-TNBC-0390/med_onc_note/2025-10-04__syn_1368.txt
SYN-TNBC-0391,syn_1369,rad_onc_followup,2022-02-05,en,notes/SYN-TNBC-0391/rad_onc_followup/2022-02-05__syn_1369.txt
SYN-TNBC-0392,syn_1370,rad_onc_followup,2024-08-04,en,notes/SYN-TNBC-0392/rad_onc_followup/2024-08-04__syn_1370.txt
SYN-TNBC-0393,syn_1371,rad_onc_followup,2025-01-10,en,notes/SYN-TNBC-0393/rad_onc_followup/2025-01-10__syn_1371.txt
SYN-TNBC-0394,syn_1372,med_onc_note,2025-09-23,en,notes/SYN-TNBC-0394/med_onc_note/2025-09-23__syn_1372.txt
SYN-TNBC-0395,syn_1373,rad_onc_followup,2021-02-15,en,notes/SYN-TNBC-0395/rad_onc_followup/2021-02-15__syn_1373.txt
SYN-TNBC-0396,syn_1374,med_onc_note,2020-12-02,en,notes/SYN-TNBC-0396/med_onc_note/2020-12-02__syn_1374.txt
SYN-TNBC-0397,syn_1375,rad_onc_followup,2022-08-23,en,notes/SYN-TNBC-0397/rad_onc_followup/2022-08-23__syn_1375.txt
SYN-TNBC-0398,syn_1376,med_onc_note,2024-03-18,en,notes/SYN-TNBC-0398/med_onc_note/2024-03-18__syn_1376.txt
SYN-TNBC-0399,syn_1377,rad_onc_followup,2025-01-21,en,notes/SYN-TNBC-0399/rad_onc_followup/2025-01-21__syn_1377.txt
SYN-TNBC-0400,syn_1378,rad_onc_followup,2025-07-14,en,notes/SYN-TNBC-0400/rad_onc_followup/2025-07-14__syn_1378.txt
SYN-TNBC-0401,syn_1379,rad_onc_followup,2020-02-27,en,notes/SYN-TNBC-0401/rad_onc_followup/2020-02-27__syn_1379.txt
SYN-TNBC-0402,syn_1380,rad_onc_followup,2025-06-22,en,notes/SYN-TNBC-0402/rad_onc_followup/2025-06-22__syn_1380.txt
SYN-TNBC-0403,syn_1381,rad_onc_followup,2023-03-28,en,notes/SYN-TNBC-0403/rad_onc_followup/2023-03-28__syn_1381.txt
SYN-TNBC-0404,syn_1382,rad_onc_followup,2022-07-21,en,notes/SYN-TNBC-0404/rad_onc_followup/2022-07-21__syn_1382.txt
SYN-TNBC-0405,syn_1383,med_onc_note,2025-04-02,en,notes/SYN-TNBC-0405/med_onc_note/2025-04-02__syn_1383.txt
SYN-TNBC-0406,syn_1384,rad_onc_followup,2020-07-06,en,notes/SYN-TNBC-0406/rad_onc_followup/2020-07-06__syn_1384.txt
SYN-TNBC-0407,syn_1385,rad_onc_followup,2022-03-17,en,notes/SYN-TNBC-0407/rad_onc_followup/2022-03-17__syn_1385.txt
SYN-TNBC-0408,syn_1386,rad_onc_followup,2021-02-08,en,notes/SYN-TNBC-0408/rad_onc_followup/2021-02-08__syn_1386.txt
SYN-TNBC-0409,syn_1387,rad_onc_followup,2024-04-02,en,notes/SYN-TNBC-0409/rad_onc_followup/2024-04-02__syn_1387.txt
SYN-TNBC-0410,syn_1388,rad_onc_followup,2024-06-09,en,notes/SYN-TNBC-0410/rad_onc_followup/2024-06-09__syn_1388.txt
SYN-TNBC-0411,syn_1389,rad_onc_followup,2020-06-05,en,notes/SYN-TNBC-0411/rad_onc_followup/2020-06-05__syn_1389.txt
SYN-TNBC-0412,syn_1390,rad_onc_followup,2020-03-29,en,notes/SYN-TNBC-0412/rad_onc_followup/2020-03-29__syn_1390.txt
SYN-TNBC-0413,syn_1391,rad_onc_followup,2020-08-26,en,notes/SYN-TNBC-0413/rad_onc_followup/2020-08-26__syn_1391.txt
SYN-TNBC-0414,syn_1392,rad_onc_followup,2020-06-09,en,notes/SYN-TNBC-0414/rad_onc_followup/2020-06-09__syn_1392.txt
SYN-TNBC-0415,syn_1393,rad_onc_followup,2021-03-14,en,notes/SYN-TNBC-0415/rad_onc_followup/2021-03-14__syn_1393.txt
SYN-TNBC-0416,syn_1394,rad_onc_followup,2025-03-23,en,notes/SYN-TNBC-0416/rad_onc_followup/2025-03-23__syn_1394.txt
SYN-TNBC-0417,syn_1395,rad_onc_followup,2021-05-08,en,notes/SYN-TNBC-0417/rad_onc_followup/2021-05-08__syn_1395.txt
SYN-TNBC-0418,syn_1396,rad_onc_followup,2025-10-20,en,notes/SYN-TNBC-0418/rad_onc_followup/2025-10-20__syn_1396.txt
SYN-TNBC-0419,syn_1397,rad_onc_followup,2021-09-06,en,notes/SYN-TNBC-0419/rad_onc_followup/2021-09-06__syn_1397.txt
SYN-TNBC-0420,syn_1398,med_onc_note,2025-08-09,en,notes/SYN-TNBC-0420/med_onc_note/2025-08-09__syn_1398.txt
SYN-TNBC-0421,syn_1399,rad_onc_followup,2024-08-22,en,notes/SYN-TNBC-0421/rad_onc_followup/2024-08-22__syn_1399.txt
SYN-TNBC-0422,syn_1400,med_onc_note,2021-01-21,en,notes/SYN-TNBC-0422/med_onc_note/2021-01-21__syn_1400.txt
SYN-TNBC-0423,syn_1401,rad_onc_followup,2020-08-08,en,notes/SYN-TNBC-0423/rad_onc_followup/2020-08-08__syn_1401.txt
SYN-TNBC-0424,syn_1402,rad_onc_followup,2024-05-02,en,notes/SYN-TNBC-0424/rad_onc_followup/2024-05-02__syn_1402.txt
SYN-TNBC-0425,syn_1403,rad_onc_followup,2021-12-24,en,notes/SYN-TNBC-0425/rad_onc_followup/2021-12-24__syn_1403.txt
SYN-TNBC-0426,syn_1404,rad_onc_followup,2025-04-02,en,notes/SYN-TNBC-0426/rad_onc_followup/2025-04-02__syn_1404.txt
SYN-TNBC-0427,syn_1405,med_onc_note,2020-10-24,en,notes/SYN-TNBC-0427/med_onc_note/2020-10-24__syn_1405.txt
SYN-TNBC-0428,syn_1406,rad_onc_followup,2020-08-01,en,notes/SYN-TNBC-0428/rad_onc_followup/2020-08-01__syn_1406.txt
SYN-TNBC-0429,syn_1407,med_onc_note,2025-12-21,en,notes/SYN-TNBC-0429/med_onc_note/2025-12-21__syn_1407.txt
SYN-TNBC-0430,syn_1408,rad_onc_followup,2023-09-04,en,notes/SYN-TNBC-0430/rad_onc_followup/2023-09-04__syn_1408.txt
SYN-TNBC-0431,syn_1409,rad_onc_followup,2021-12-09,en,notes/SYN-TNBC-0431/rad_onc_followup/2021-12-09__syn_1409.txt
SYN-TNBC-0432,syn_1410,rad_onc_followup,2025-12-23,en,notes/SYN-TNBC-0432/rad_onc_followup/2025-12-23__syn_1410.txt
SYN-TNBC-0433,syn_1411,rad_onc_followup,2020-05-27,en,notes/SYN-TNBC-0433/rad_onc_followup/2020-05-27__syn_1411.txt
SYN-TNBC-0434,syn_1412,rad_onc_followup,2021-01-12,en,notes/SYN-TNBC-0434/rad_onc_followup/2021-01-12__syn_1412.txt
SYN-TNBC-0435,syn_1413,rad_onc_followup,2022-04-17,en,notes/SYN-TNBC-0435/rad_onc_followup/2022-04-17__syn_1413.txt
SYN-TNBC-0436,syn_1414,rad_onc_followup,2023-10-01,en,notes/SYN-TNBC-0436/rad_onc_followup/2023-10-01__syn_1414.txt
SYN-TNBC-0437,syn_1415,rad_onc_followup,2021-09-02,en,notes/SYN-TNBC-0437/rad_onc_followup/2021-09-02__syn_1415.txt
SYN-TNBC-0438,syn_1416,rad_onc_followup,2022-04-07,en,notes/SYN-TNBC-0438/rad_onc_followup/2022-04-07__syn_1416.txt
SYN-TNBC-0439,syn_1417,rad_onc_followup,2021-12-09,en,notes/SYN-TNBC-0439/rad_onc_followup/2021-12-09__syn_1417.txt
SYN-TNBC-0440,syn_1418,imaging_report,2024-12-06,en,notes/SYN-TNBC-0440/imaging_report/2024-12-06__syn_1418.txt
SYN-TNBC-0441,syn_1419,rad_onc_followup,2022-12-29,en,notes/SYN-TNBC-0441/rad_onc_followup/2022-12-29__syn_1419.txt
SYN-TNBC-0442,syn_1420,rad_onc_followup,2022-12-31,en,notes/SYN-TNBC-0442/rad_onc_followup/2022-12-31__syn_1420.txt
SYN-TNBC-0443,syn_1421,rad_onc_followup,2020-05-10,en,notes/SYN-TNBC-0443/rad_onc_followup/2020-05-10__syn_1421.txt
SYN-TNBC-0444,syn_1422,rad_onc_followup,2025-11-13,en,notes/SYN-TNBC-0444/rad_onc_followup/2025-11-13__syn_1422.txt
SYN-TNBC-0445,syn_1423,rad_onc_followup,2021-12-09,en,notes/SYN-TNBC-0445/rad_onc_followup/2021-12-09__syn_1423.txt
SYN-TNBC-0446,syn_1424,rad_onc_followup,2023-02-09,en,notes/SYN-TNBC-0446/rad_onc_followup/2023-02-09__syn_1424.txt
SYN-TNBC-0447,syn_1425,rad_onc_followup,2023-04-22,en,notes/SYN-TNBC-0447/rad_onc_followup/2023-04-22__syn_1425.txt
SYN-TNBC-0448,syn_1426,lab_report,2023-06-17,en,notes/SYN-TNBC-0448/lab_report/2023-06-17__syn_1426.txt
SYN-TNBC-0449,syn_1427,lab_report,2025-11-20,en,notes/SYN-TNBC-0449/lab_report/2025-11-20__syn_1427.txt
SYN-TNBC-0450,syn_1428,rad_onc_followup,2024-05-02,en,notes/SYN-TNBC-0450/rad_onc_followup/2024-05-02__syn_1428.txt
SYN-TNBC-0451,syn_1429,rad_onc_followup,2023-05-12,en,notes/SYN-TNBC-0451/rad_onc_followup/2023-05-12__syn_1429.txt
SYN-TNBC-0452,syn_1430,rad_onc_followup,2024-02-22,en,notes/SYN-TNBC-0452/rad_onc_followup/2024-02-22__syn_1430.txt
SYN-TNBC-0453,syn_1431,rad_onc_followup,2021-08-16,en,notes/SYN-TNBC-0453/rad_onc_followup/2021-08-16__syn_1431.txt
SYN-TNBC-0454,syn_1432,rad_onc_followup,2025-03-02,en,notes/SYN-TNBC-0454/rad_onc_followup/2025-03-02__syn_1432.txt
SYN-TNBC-0455,syn_1433,rad_onc_followup,2025-05-03,en,notes/SYN-TNBC-0455/rad_onc_followup/2025-05-03__syn_1433.txt
SYN-TNBC-0456,syn_1434,rad_onc_followup,2024-07-27,en,notes/SYN-TNBC-0456/rad_onc_followup/2024-07-27__syn_1434.txt
SYN-TNBC-0457,syn_1435,rad_onc_followup,2021-03-14,en,notes/SYN-TNBC-0457/rad_onc_followup/2021-03-14__syn_1435.txt
SYN-TNBC-0458,syn_1436,rad_onc_followup,2022-11-06,en,notes/SYN-TNBC-0458/rad_onc_followup/2022-11-06__syn_1436.txt
SYN-TNBC-0459,syn_1437,rad_onc_followup,2024-04-18,en,notes/SYN-TNBC-0459/rad_onc_followup/2024-04-18__syn_1437.txt
SYN-TNBC-0460,syn_1438,rad_onc_followup,2021-07-28,en,notes/SYN-TNBC-0460/rad_onc_followup/2021-07-28__syn_1438.txt
SYN-TNBC-0461,syn_1439,rad_onc_followup,2024-06-10,en,notes/SYN-TNBC-0461/rad_onc_followup/2024-06-10__syn_1439.txt
SYN-TNBC-0462,syn_1440,rad_onc_followup,2023-10-24,en,notes/SYN-TNBC-0462/rad_onc_followup/2023-10-24__syn_1440.txt
SYN-TNBC-0463,syn_1441,rad_onc_followup,2025-10-31,en,notes/SYN-TNBC-0463/rad_onc_followup/2025-10-31__syn_1441.txt
SYN-TNBC-0464,syn_1442,rad_onc_followup,2022-01-06,en,notes/SYN-TNBC-0464/rad_onc_followup/2022-01-06__syn_1442.txt
SYN-TNBC-0465,syn_1443,rad_onc_followup,2021-06-06,en,notes/SYN-TNBC-0465/rad_onc_followup/2021-06-06__syn_1443.txt
SYN-TNBC-0466,syn_1444,rad_onc_followup,2021-01-24,en,notes/SYN-TNBC-0466/rad_onc_followup/2021-01-24__syn_1444.txt
SYN-TNBC-0467,syn_1445,imaging_report,2022-12-06,en,notes/SYN-TNBC-0467/imaging_report/2022-12-06__syn_1445.txt
SYN-TNBC-0468,syn_1446,rad_onc_followup,2021-08-30,en,notes/SYN-TNBC-0468/rad_onc_followup/2021-08-30__syn_1446.txt
SYN-TNBC-0469,syn_1447,lab_report,2022-01-08,en,notes/SYN-TNBC-0469/lab_report/2022-01-08__syn_1447.txt
SYN-TNBC-0470,syn_1448,rad_onc_followup,2021-02-28,en,notes/SYN-TNBC-0470/rad_onc_followup/2021-02-28__syn_1448.txt
SYN-TNBC-0471,syn_1449,med_onc_note,2021-06-27,en,notes/SYN-TNBC-0471/med_onc_note/2021-06-27__syn_1449.txt
SYN-TNBC-0472,syn_1450,med_onc_note,2024-11-09,en,notes/SYN-TNBC-0472/med_onc_note/2024-11-09__syn_1450.txt
SYN-TNBC-0473,syn_1451,rad_onc_followup,2024-10-21,en,notes/SYN-TNBC-0473/rad_onc_followup/2024-10-21__syn_1451.txt
SYN-TNBC-0474,syn_1452,rad_onc_followup,2021-12-04,en,notes/SYN-TNBC-0474/rad_onc_followup/2021-12-04__syn_1452.txt
SYN-TNBC-0475,syn_1453,rad_onc_followup,2022-01-10,en,notes/SYN-TNBC-0475/rad_onc_followup/2022-01-10__syn_1453.txt
SYN-TNBC-0476,syn_1454,rad_onc_followup,2024-09-19,en,notes/SYN-TNBC-0476/rad_onc_followup/2024-09-19__syn_1454.txt
SYN-TNBC-0477,syn_1455,rad_onc_followup,2020-05-25,en,notes/SYN-TNBC-0477/rad_onc_followup/2020-05-25__syn_1455.txt
SYN-TNBC-0478,syn_1456,rad_onc_followup,2023-08-26,en,notes/SYN-TNBC-0478/rad_onc_followup/2023-08-26__syn_1456.txt
SYN-TNBC-0479,syn_1457,rad_onc_followup,2020-10-03,en,notes/SYN-TNBC-0479/rad_onc_followup/2020-10-03__syn_1457.txt
SYN-TNBC-0480,syn_1458,med_onc_note,2021-03-07,en,notes/SYN-TNBC-0480/med_onc_note/2021-03-07__syn_1458.txt
SYN-TNBC-0481,syn_1459,rad_onc_followup,2024-09-26,en,notes/SYN-TNBC-0481/rad_onc_followup/2024-09-26__syn_1459.txt
SYN-TNBC-0482,syn_1460,rad_onc_followup,2022-07-05,en,notes/SYN-TNBC-0482/rad_onc_followup/2022-07-05__syn_1460.txt
SYN-TNBC-0483,syn_1461,rad_onc_followup,2023-05-04,en,notes/SYN-TNBC-0483/rad_onc_followup/2023-05-04__syn_1461.txt
SYN-TNBC-0484,syn_1462,lab_report,2021-11-11,en,notes/SYN-TNBC-0484/lab_report/2021-11-11__syn_1462.txt
SYN-TNBC-0485,syn_1463,med_onc_note,2021-01-27,en,notes/SYN-TNBC-0485/med_onc_note/2021-01-27__syn_1463.txt
SYN-TNBC-0486,syn_1464,rad_onc_followup,2022-01-29,en,notes/SYN-TNBC-0486/rad_onc_followup/2022-01-29__syn_1464.txt
SYN-TNBC-0487,syn_1465,rad_onc_followup,2025-02-13,en,notes/SYN-TNBC-0487/rad_onc_followup/2025-02-13__syn_1465.txt
SYN-TNBC-0488,syn_1466,med_onc_note,2025-12-17,en,notes/SYN-TNBC-0488/med_onc_note/2025-12-17__syn_1466.txt
SYN-TNBC-0489,syn_1467,rad_onc_followup,2020-09-20,en,notes/SYN-TNBC-0489/rad_onc_followup/2020-09-20__syn_1467.txt
SYN-TNBC-0001,syn_1468,rad_onc_followup,2020-11-10,en,notes/SYN-TNBC-0001/rad_onc_followup/2020-11-10__syn_1468.txt
SYN-TNBC-0002,syn_1469,rad_onc_followup,2022-11-03,en,notes/SYN-TNBC-0002/rad_onc_followup/2022-11-03__syn_1469.txt
SYN-TNBC-0003,syn_1470,rad_onc_followup,2024-03-23,en,notes/SYN-TNBC-0003/rad_onc_followup/2024-03-23__syn_1470.txt
SYN-TNBC-0004,syn_1471,med_onc_note,2024-12-10,en,notes/SYN-TNBC-0004/med_onc_note/2024-12-10__syn_1471.txt
SYN-TNBC-0005,syn_1472,med_onc_note,2020-07-14,en,notes/SYN-TNBC-0005/med_onc_note/2020-07-14__syn_1472.txt
SYN-TNBC-0006,syn_1473,lab_report,2025-10-13,en,notes/SYN-TNBC-0006/lab_report/2025-10-13__syn_1473.txt
SYN-TNBC-0007,syn_1474,lab_report,2023-01-25,en,notes/SYN-TNBC-0007/lab_report/2023-01-25__syn_1474.txt
SYN-TNBC-0008,syn_1475,rad_onc_followup,2021-07-22,en,notes/SYN-TNBC-0008/rad_onc_followup/2021-07-22__syn_1475.txt
SYN-TNBC-0009,syn_1476,rad_onc_followup,2022-02-03,en,notes/SYN-TNBC-0009/rad_onc_followup/2022-02-03__syn_1476.txt
SYN-TNBC-0010,syn_1477,rad_onc_followup,2022-02-02,en,notes/SYN-TNBC-0010/rad_onc_followup/2022-02-02__syn_1477.txt
SYN-TNBC-0011,syn_1478,rad_onc_followup,2022-05-18,en,notes/SYN-TNBC-0011/rad_onc_followup/2022-05-18__syn_1478.txt
SYN-TNBC-0012,syn_1479,rad_onc_followup,2020-06-10,en,notes/SYN-TNBC-0012/rad_onc_followup/2020-06-10__syn_1479.txt
SYN-TNBC-0013,syn_1480,rad_onc_followup,2024-01-14,en,notes/SYN-TNBC-0013/rad_onc_followup/2024-01-14__syn_1480.txt
SYN-TNBC-0014,syn_1481,imaging_report,2025-06-28,en,notes/SYN-TNBC-0014/imaging_report/2025-06-28__syn_1481.txt
SYN-TNBC-0015,syn_1482,rad_onc_followup,2022-07-12,en,notes/SYN-TNBC-0015/rad_onc_followup/2022-07-12__syn_1482.txt
SYN-TNBC-0016,syn_1483,rad_onc_followup,2025-10-14,en,notes/SYN-TNBC-0016/rad_onc_followup/2025-10-14__syn_1483.txt
SYN-TNBC-0017,syn_1484,lab_report,2021-01-01,en,notes/SYN-TNBC-0017/lab_report/2021-01-01__syn_1484.txt
SYN-TNBC-0018,syn_1485,rad_onc_followup,2020-05-20,en,notes/SYN-TNBC-0018/rad_onc_followup/2020-05-20__syn_1485.txt
SYN-TNBC-0019,syn_1486,med_onc_note,2026-03-08,en,notes/SYN-TNBC-0019/med_onc_note/2026-03-08__syn_1486.txt
SYN-TNBC-0020,syn_1487,med_onc_note,2024-08-05,en,notes/SYN-TNBC-0020/med_onc_note/2024-08-05__syn_1487.txt
SYN-TNBC-0021,syn_1488,rad_onc_followup,2021-05-22,en,notes/SYN-TNBC-0021/rad_onc_followup/2021-05-22__syn_1488.txt
SYN-TNBC-0022,syn_1489,rad_onc_followup,2020-10-15,en,notes/SYN-TNBC-0022/rad_onc_followup/2020-10-15__syn_1489.txt
SYN-TNBC-0023,syn_1490,rad_onc_followup,2023-04-20,en,notes/SYN-TNBC-0023/rad_onc_followup/2023-04-20__syn_1490.txt
SYN-TNBC-0024,syn_1491,imaging_report,2024-02-26,en,notes/SYN-TNBC-0024/imaging_report/2024-02-26__syn_1491.txt
SYN-TNBC-0025,syn_1492,imaging_report,2024-07-17,en,notes/SYN-TNBC-0025/imaging_report/2024-07-17__syn_1492.txt
SYN-TNBC-0026,syn_1493,rad_onc_followup,2020-04-27,en,notes/SYN-TNBC-0026/rad_onc_followup/2020-04-27__syn_1493.txt
SYN-TNBC-0027,syn_1494,pathology_report,2022-01-21,en,notes/SYN-TNBC-0027/pathology_report/2022-01-21__syn_1494.txt
SYN-TNBC-0028,syn_1495,lab_report,2024-04-28,en,notes/SYN-TNBC-0028/lab_report/2024-04-28__syn_1495.txt
SYN-TNBC-0029,syn_1496,rad_onc_followup,2025-10-30,en,notes/SYN-TNBC-0029/rad_onc_followup/2025-10-30__syn_1496.txt
SYN-TNBC-0030,syn_1497,pathology_report,2024-08-07,en,notes/SYN-TNBC-0030/pathology_report/2024-08-07__syn_1497.txt
SYN-TNBC-0031,syn_1498,rad_onc_followup,2020-04-10,en,notes/SYN-TNBC-0031/rad_onc_followup/2020-04-10__syn_1498.txt
SYN-TNBC-0032,syn_1499,rad_onc_followup,2025-03-09,en,notes/SYN-TNBC-0032/rad_onc_followup/2025-03-09__syn_1499.txt
SYN-TNBC-0033,syn_1500,med_onc_note,2021-02-05,en,notes/SYN-TNBC-0033/med_onc_note/2021-02-05__syn_1500.txt
SYN-TNBC-0034,syn_1501,rad_onc_followup,2023-12-29,en,notes/SYN-TNBC-0034/rad_onc_followup/2023-12-29__syn_1501.txt
SYN-TNBC-0035,syn_1502,rad_onc_followup,2024-05-06,en,notes/SYN-TNBC-0035/rad_onc_followup/2024-05-06__syn_1502.txt
SYN-TNBC-0036,syn_1503,rad_onc_followup,2023-01-22,en,notes/SYN-TNBC-0036/rad_onc_followup/2023-01-22__syn_1503.txt
SYN-TNBC-0037,syn_1504,med_onc_note,2025-10-25,en,notes/SYN-TNBC-0037/med_onc_note/2025-10-25__syn_1504.txt
SYN-TNBC-0038,syn_1505,med_onc_note,2023-10-03,en,notes/SYN-TNBC-0038/med_onc_note/2023-10-03__syn_1505.txt
SYN-TNBC-0039,syn_1506,pathology_report,2021-07-20,en,notes/SYN-TNBC-0039/pathology_report/2021-07-20__syn_1506.txt
SYN-TNBC-0040,syn_1507,imaging_report,2022-04-29,en,notes/SYN-TNBC-0040/imaging_report/2022-04-29__syn_1507.txt
SYN-TNBC-0041,syn_1508,rad_onc_followup,2020-11-18,en,notes/SYN-TNBC-0041/rad_onc_followup/2020-11-18__syn_1508.txt
SYN-TNBC-0042,syn_1509,rad_onc_followup,2022-01-28,en,notes/SYN-TNBC-0042/rad_onc_followup/2022-01-28__syn_1509.txt
SYN-TNBC-0043,syn_1510,rad_onc_followup,2023-10-29,en,notes/SYN-TNBC-0043/rad_onc_followup/2023-10-29__syn_1510.txt
SYN-TNBC-0044,syn_1511,pathology_report,2022-08-11,en,notes/SYN-TNBC-0044/pathology_report/2022-08-11__syn_1511.txt
SYN-TNBC-0045,syn_1512,med_onc_note,2021-06-07,en,notes/SYN-TNBC-0045/med_onc_note/2021-06-07__syn_1512.txt
SYN-TNBC-0046,syn_1513,rad_onc_followup,2026-02-05,en,notes/SYN-TNBC-0046/rad_onc_followup/2026-02-05__syn_1513.txt
SYN-TNBC-0047,syn_1514,imaging_report,2023-09-20,en,notes/SYN-TNBC-0047/imaging_report/2023-09-20__syn_1514.txt
SYN-TNBC-0048,syn_1515,rad_onc_followup,2020-12-23,en,notes/SYN-TNBC-0048/rad_onc_followup/2020-12-23__syn_1515.txt
SYN-TNBC-0049,syn_1516,rad_onc_followup,2024-09-08,en,notes/SYN-TNBC-0049/rad_onc_followup/2024-09-08__syn_1516.txt
SYN-TNBC-0050,syn_1517,rad_onc_followup,2022-02-20,en,notes/SYN-TNBC-0050/rad_onc_followup/2022-02-20__syn_1517.txt
SYN-TNBC-0051,syn_1518,med_onc_note,2021-02-23,en,notes/SYN-TNBC-0051/med_onc_note/2021-02-23__syn_1518.txt
SYN-TNBC-0052,syn_1519,pathology_report,2026-01-23,en,notes/SYN-TNBC-0052/pathology_report/2026-01-23__syn_1519.txt
SYN-TNBC-0053,syn_1520,med_onc_note,2021-06-05,en,notes/SYN-TNBC-0053/med_onc_note/2021-06-05__syn_1520.txt
SYN-TNBC-0054,syn_1521,rad_onc_followup,2021-11-06,en,notes/SYN-TNBC-0054/rad_onc_followup/2021-11-06__syn_1521.txt
SYN-TNBC-0055,syn_1522,rad_onc_followup,2026-01-10,en,notes/SYN-TNBC-0055/rad_onc_followup/2026-01-10__syn_1522.txt
SYN-TNBC-0056,syn_1523,imaging_report,2020-04-04,en,notes/SYN-TNBC-0056/imaging_report/2020-04-04__syn_1523.txt
SYN-TNBC-0057,syn_1524,lab_report,2022-03-09,en,notes/SYN-TNBC-0057/lab_report/2022-03-09__syn_1524.txt
SYN-TNBC-0058,syn_1525,med_onc_note,2024-09-24,en,notes/SYN-TNBC-0058/med_onc_note/2024-09-24__syn_1525.txt
SYN-TNBC-0059,syn_1526,rad_onc_followup,2022-08-06,en,notes/SYN-TNBC-0059/rad_onc_followup/2022-08-06__syn_1526.txt
SYN-TNBC-0060,syn_1527,rad_onc_followup,2021-09-08,en,notes/SYN-TNBC-0060/rad_onc_followup/2021-09-08__syn_1527.txt
SYN-TNBC-0061,syn_1528,rad_onc_followup,2024-11-27,en,notes/SYN-TNBC-0061/rad_onc_followup/2024-11-27__syn_1528.txt
SYN-TNBC-0062,syn_1529,rad_onc_followup,2021-05-10,en,notes/SYN-TNBC-0062/rad_onc_followup/2021-05-10__syn_1529.txt
SYN-TNBC-0063,syn_1530,rad_onc_followup,2020-05-21,en,notes/SYN-TNBC-0063/rad_onc_followup/2020-05-21__syn_1530.txt
SYN-TNBC-0064,syn_1531,rad_onc_followup,2021-01-25,en,notes/SYN-TNBC-0064/rad_onc_followup/2021-01-25__syn_1531.txt
SYN-TNBC-0065,syn_1532,rad_onc_followup,2021-10-24,en,notes/SYN-TNBC-0065/rad_onc_followup/2021-10-24__syn_1532.txt
SYN-TNBC-0066,syn_1533,rad_onc_followup,2022-05-13,en,notes/SYN-TNBC-0066/rad_onc_followup/2022-05-13__syn_1533.txt
SYN-TNBC-0067,syn_1534,pathology_report,2025-08-27,en,notes/SYN-TNBC-0067/pathology_report/2025-08-27__syn_1534.txt
SYN-TNBC-0068,syn_1535,rad_onc_followup,2025-06-15,en,notes/SYN-TNBC-0068/rad_onc_followup/2025-06-15__syn_1535.txt
SYN-TNBC-0069,syn_1536,rad_onc_followup,2020-09-01,en,notes/SYN-TNBC-0069/rad_onc_followup/2020-09-01__syn_1536.txt
SYN-TNBC-0070,syn_1537,rad_onc_followup,2023-04-27,en,notes/SYN-TNBC-0070/rad_onc_followup/2023-04-27__syn_1537.txt
SYN-TNBC-0071,syn_1538,rad_onc_followup,2024-03-03,en,notes/SYN-TNBC-0071/rad_onc_followup/2024-03-03__syn_1538.txt
SYN-TNBC-0072,syn_1539,pathology_report,2022-03-18,en,notes/SYN-TNBC-0072/pathology_report/2022-03-18__syn_1539.txt
SYN-TNBC-0073,syn_1540,rad_onc_followup,2020-08-02,en,notes/SYN-TNBC-0073/rad_onc_followup/2020-08-02__syn_1540.txt
SYN-TNBC-0074,syn_1541,rad_onc_followup,2020-07-14,en,notes/SYN-TNBC-0074/rad_onc_followup/2020-07-14__syn_1541.txt
SYN-TNBC-0075,syn_1542,rad_onc_followup,2022-10-15,en,notes/SYN-TNBC-0075/rad_onc_followup/2022-10-15__syn_1542.txt
SYN-TNBC-0076,syn_1543,rad_onc_followup,2025-07-20,en,notes/SYN-TNBC-0076/rad_onc_followup/2025-07-20__syn_1543.txt
SYN-TNBC-0077,syn_1544,rad_onc_followup,2023-10-01,en,notes/SYN-TNBC-0077/rad_onc_followup/2023-10-01__syn_1544.txt
SYN-TNBC-0078,syn_1545,rad_onc_followup,2022-11-23,en,notes/SYN-TNBC-0078/rad_onc_followup/2022-11-23__syn_1545.txt
SYN-TNBC-0079,syn_1546,rad_onc_followup,2024-01-17,en,notes/SYN-TNBC-0079/rad_onc_followup/2024-01-17__syn_1546.txt
SYN-TNBC-0080,syn_1547,rad_onc_followup,2020-05-20,en,notes/SYN-TNBC-0080/rad_onc_followup/2020-05-20__syn_1547.txt
SYN-TNBC-0081,syn_1548,rad_onc_followup,2020-05-19,en,notes/SYN-TNBC-0081/rad_onc_followup/2020-05-19__syn_1548.txt
SYN-TNBC-0082,syn_1549,med_onc_note,2021-02-09,en,notes/SYN-TNBC-0082/med_onc_note/2021-02-09__syn_1549.txt
SYN-TNBC-0083,syn_1550,lab_report,2022-01-17,en,notes/SYN-TNBC-0083/lab_report/2022-01-17__syn_1550.txt
SYN-TNBC-0084,syn_1551,rad_onc_followup,2025-04-18,en,notes/SYN-TNBC-0084/rad_onc_followup/2025-04-18__syn_1551.txt
SYN-TNBC-0085,syn_1552,pathology_report,2025-03-24,en,notes/SYN-TNBC-0085/pathology_report/2025-03-24__syn_1552.txt
SYN-TNBC-0086,syn_1553,rad_onc_followup,2024-01-08,en,notes/SYN-TNBC-0086/rad_onc_followup/2024-01-08__syn_1553.txt
SYN-TNBC-0087,syn_1554,lab_report,2023-02-10,en,notes/SYN-TNBC-0087/lab_report/2023-02-10__syn_1554.txt
SYN-TNBC-0088,syn_1555,rad_onc_followup,2024-01-14,en,notes/SYN-TNBC-0088/rad_onc_followup/2024-01-14__syn_1555.txt
SYN-TNBC-0089,syn_1556,rad_onc_followup,2024-03-09,en,notes/SYN-TNBC-0089/rad_onc_followup/2024-03-09__syn_1556.txt
SYN-TNBC-0090,syn_1557,pathology_report,2021-07-08,en,notes/SYN-TNBC-0090/pathology_report/2021-07-08__syn_1557.txt
SYN-TNBC-0091,syn_1558,rad_onc_followup,2021-03-26,en,notes/SYN-TNBC-0091/rad_onc_followup/2021-03-26__syn_1558.txt
SYN-TNBC-0092,syn_1559,rad_onc_followup,2021-06-25,en,notes/SYN-TNBC-0092/rad_onc_followup/2021-06-25__syn_1559.txt
SYN-TNBC-0093,syn_1560,rad_onc_followup,2025-07-15,en,notes/SYN-TNBC-0093/rad_onc_followup/2025-07-15__syn_1560.txt
SYN-TNBC-0094,syn_1561,rad_onc_followup,2021-12-06,en,notes/SYN-TNBC-0094/rad_onc_followup/2021-12-06__syn_1561.txt
SYN-TNBC-0095,syn_1562,rad_onc_followup,2020-05-10,en,notes/SYN-TNBC-0095/rad_onc_followup/2020-05-10__syn_1562.txt
SYN-TNBC-0096,syn_1563,med_onc_note,2023-05-26,en,notes/SYN-TNBC-0096/med_onc_note/2023-05-26__syn_1563.txt
SYN-TNBC-0097,syn_1564,rad_onc_followup,2020-08-20,en,notes/SYN-TNBC-0097/rad_onc_followup/2020-08-20__syn_1564.txt
SYN-TNBC-0098,syn_1565,pathology_report,2021-01-07,en,notes/SYN-TNBC-0098/pathology_report/2021-01-07__syn_1565.txt
SYN-TNBC-0099,syn_1566,rad_onc_followup,2023-08-02,en,notes/SYN-TNBC-0099/rad_onc_followup/2023-08-02__syn_1566.txt
SYN-TNBC-0100,syn_1567,med_onc_note,2025-07-15,en,notes/SYN-TNBC-0100/med_onc_note/2025-07-15__syn_1567.txt
SYN-TNBC-0101,syn_1568,pathology_report,2023-11-01,en,notes/SYN-TNBC-0101/pathology_report/2023-11-01__syn_1568.txt
SYN-TNBC-0102,syn_1569,rad_onc_followup,2023-12-09,en,notes/SYN-TNBC-0102/rad_onc_followup/2023-12-09__syn_1569.txt
SYN-TNBC-0103,syn_1570,rad_onc_followup,2023-08-21,en,notes/SYN-TNBC-0103/rad_onc_followup/2023-08-21__syn_1570.txt
SYN-TNBC-0104,syn_1571,rad_onc_followup,2025-05-07,en,notes/SYN-TNBC-0104/rad_onc_followup/2025-05-07__syn_1571.txt
SYN-TNBC-0105,syn_1572,rad_onc_followup,2025-06-14,en,notes/SYN-TNBC-0105/rad_onc_followup/2025-06-14__syn_1572.txt
SYN-TNBC-0106,syn_1573,pathology_report,2020-08-31,en,notes/SYN-TNBC-0106/pathology_report/2020-08-31__syn_1573.txt
SYN-TNBC-0107,syn_1574,rad_onc_followup,2023-09-25,en,notes/SYN-TNBC-0107/rad_onc_followup/2023-09-25__syn_1574.txt
SYN-TNBC-0108,syn_1575,rad_onc_followup,2022-06-08,en,notes/SYN-TNBC-0108/rad_onc_followup/2022-06-08__syn_1575.txt
SYN-TNBC-0109,syn_1576,lab_report,2023-06-14,en,notes/SYN-TNBC-0109/lab_report/2023-06-14__syn_1576.txt
SYN-TNBC-0110,syn_1577,med_onc_note,2023-02-27,en,notes/SYN-TNBC-0110/med_onc_note/2023-02-27__syn_1577.txt
SYN-TNBC-0111,syn_1578,rad_onc_followup,2023-06-16,en,notes/SYN-TNBC-0111/rad_onc_followup/2023-06-16__syn_1578.txt
SYN-TNBC-0112,syn_1579,med_onc_note,2021-09-07,en,notes/SYN-TNBC-0112/med_onc_note/2021-09-07__syn_1579.txt
SYN-TNBC-0113,syn_1580,rad_onc_followup,2020-12-13,en,notes/SYN-TNBC-0113/rad_onc_followup/2020-12-13__syn_1580.txt
SYN-TNBC-0114,syn_1581,med_onc_note,2025-06-18,en,notes/SYN-TNBC-0114/med_onc_note/2025-06-18__syn_1581.txt
SYN-TNBC-0115,syn_1582,rad_onc_followup,2023-09-09,en,notes/SYN-TNBC-0115/rad_onc_followup/2023-09-09__syn_1582.txt
SYN-TNBC-0116,syn_1583,rad_onc_followup,2021-08-19,en,notes/SYN-TNBC-0116/rad_onc_followup/2021-08-19__syn_1583.txt
SYN-TNBC-0117,syn_1584,lab_report,2024-09-15,en,notes/SYN-TNBC-0117/lab_report/2024-09-15__syn_1584.txt
SYN-TNBC-0118,syn_1585,pathology_report,2026-01-12,en,notes/SYN-TNBC-0118/pathology_report/2026-01-12__syn_1585.txt
SYN-TNBC-0119,syn_1586,rad_onc_followup,2021-11-22,en,notes/SYN-TNBC-0119/rad_onc_followup/2021-11-22__syn_1586.txt
SYN-TNBC-0120,syn_1587,rad_onc_followup,2020-10-07,en,notes/SYN-TNBC-0120/rad_onc_followup/2020-10-07__syn_1587.txt
SYN-TNBC-0121,syn_1588,imaging_report,2023-10-25,en,notes/SYN-TNBC-0121/imaging_report/2023-10-25__syn_1588.txt
SYN-TNBC-0122,syn_1589,rad_onc_followup,2021-08-24,en,notes/SYN-TNBC-0122/rad_onc_followup/2021-08-24__syn_1589.txt
SYN-TNBC-0123,syn_1590,rad_onc_followup,2023-06-12,en,notes/SYN-TNBC-0123/rad_onc_followup/2023-06-12__syn_1590.txt
SYN-TNBC-0124,syn_1591,rad_onc_followup,2023-10-28,en,notes/SYN-TNBC-0124/rad_onc_followup/2023-10-28__syn_1591.txt
SYN-TNBC-0125,syn_1592,med_onc_note,2022-12-25,en,notes/SYN-TNBC-0125/med_onc_note/2022-12-25__syn_1592.txt
SYN-TNBC-0126,syn_1593,rad_onc_followup,2024-12-15,en,notes/SYN-TNBC-0126/rad_onc_followup/2024-12-15__syn_1593.txt
SYN-TNBC-0127,syn_1594,rad_onc_followup,2021-12-17,en,notes/SYN-TNBC-0127/rad_onc_followup/2021-12-17__syn_1594.txt
SYN-TNBC-0128,syn_1595,pathology_report,2024-02-19,en,notes/SYN-TNBC-0128/pathology_report/2024-02-19__syn_1595.txt
SYN-TNBC-0129,syn_1596,imaging_report,2022-04-02,en,notes/SYN-TNBC-0129/imaging_report/2022-04-02__syn_1596.txt
SYN-TNBC-0130,syn_1597,rad_onc_followup,2021-11-26,en,notes/SYN-TNBC-0130/rad_onc_followup/2021-11-26__syn_1597.txt
SYN-TNBC-0131,syn_1598,med_onc_note,2022-04-23,en,notes/SYN-TNBC-0131/med_onc_note/2022-04-23__syn_1598.txt
SYN-TNBC-0132,syn_1599,rad_onc_followup,2023-08-21,en,notes/SYN-TNBC-0132/rad_onc_followup/2023-08-21__syn_1599.txt
SYN-TNBC-0133,syn_1600,rad_onc_followup,2020-04-18,en,notes/SYN-TNBC-0133/rad_onc_followup/2020-04-18__syn_1600.txt
SYN-TNBC-0134,syn_1601,rad_onc_followup,2023-02-28,en,notes/SYN-TNBC-0134/rad_onc_followup/2023-02-28__syn_1601.txt
SYN-TNBC-0135,syn_1602,med_onc_note,2022-09-24,en,notes/SYN-TNBC-0135/med_onc_note/2022-09-24__syn_1602.txt
SYN-TNBC-0136,syn_1603,rad_onc_followup,2025-07-07,en,notes/SYN-TNBC-0136/rad_onc_followup/2025-07-07__syn_1603.txt
SYN-TNBC-0137,syn_1604,rad_onc_followup,2024-03-14,en,notes/SYN-TNBC-0137/rad_onc_followup/2024-03-14__syn_1604.txt
SYN-TNBC-0138,syn_1605,rad_onc_followup,2021-06-08,en,notes/SYN-TNBC-0138/rad_onc_followup/2021-06-08__syn_1605.txt
SYN-TNBC-0139,syn_1606,rad_onc_followup,2020-08-06,en,notes/SYN-TNBC-0139/rad_onc_followup/2020-08-06__syn_1606.txt
SYN-TNBC-0140,syn_1607,rad_onc_followup,2020-10-17,en,notes/SYN-TNBC-0140/rad_onc_followup/2020-10-17__syn_1607.txt
SYN-TNBC-0141,syn_1608,imaging_report,2024-03-10,en,notes/SYN-TNBC-0141/imaging_report/2024-03-10__syn_1608.txt
SYN-TNBC-0142,syn_1609,rad_onc_followup,2023-04-30,en,notes/SYN-TNBC-0142/rad_onc_followup/2023-04-30__syn_1609.txt
SYN-TNBC-0143,syn_1610,rad_onc_followup,2025-10-10,en,notes/SYN-TNBC-0143/rad_onc_followup/2025-10-10__syn_1610.txt
SYN-TNBC-0144,syn_1611,lab_report,2023-03-01,en,notes/SYN-TNBC-0144/lab_report/2023-03-01__syn_1611.txt
SYN-TNBC-0145,syn_1612,med_onc_note,2021-12-11,en,notes/SYN-TNBC-0145/med_onc_note/2021-12-11__syn_1612.txt
SYN-TNBC-0146,syn_1613,pathology_report,2023-04-22,en,notes/SYN-TNBC-0146/pathology_report/2023-04-22__syn_1613.txt
SYN-TNBC-0147,syn_1614,rad_onc_followup,2025-10-13,en,notes/SYN-TNBC-0147/rad_onc_followup/2025-10-13__syn_1614.txt
SYN-TNBC-0148,syn_1615,rad_onc_followup,2021-07-31,en,notes/SYN-TNBC-0148/rad_onc_followup/2021-07-31__syn_1615.txt
SYN-TNBC-0149,syn_1616,rad_onc_followup,2024-08-03,en,notes/SYN-TNBC-0149/rad_onc_followup/2024-08-03__syn_1616.txt
SYN-TNBC-0150,syn_1617,pathology_report,2021-01-29,en,notes/SYN-TNBC-0150/pathology_report/2021-01-29__syn_1617.txt
SYN-TNBC-0151,syn_1618,rad_onc_followup,2024-08-30,en,notes/SYN-TNBC-0151/rad_onc_followup/2024-08-30__syn_1618.txt
SYN-TNBC-0152,syn_1619,rad_onc_followup,2021-08-21,en,notes/SYN-TNBC-0152/rad_onc_followup/2021-08-21__syn_1619.txt
SYN-TNBC-0153,syn_1620,med_onc_note,2020-11-03,en,notes/SYN-TNBC-0153/med_onc_note/2020-11-03__syn_1620.txt
SYN-TNBC-0154,syn_1621,med_onc_note,2020-03-26,en,notes/SYN-TNBC-0154/med_onc_note/2020-03-26__syn_1621.txt
SYN-TNBC-0155,syn_1622,pathology_report,2021-12-20,en,notes/SYN-TNBC-0155/pathology_report/2021-12-20__syn_1622.txt
SYN-TNBC-0156,syn_1623,rad_onc_followup,2024-07-03,en,notes/SYN-TNBC-0156/rad_onc_followup/2024-07-03__syn_1623.txt
SYN-TNBC-0157,syn_1624,rad_onc_followup,2024-07-10,en,notes/SYN-TNBC-0157/rad_onc_followup/2024-07-10__syn_1624.txt
SYN-TNBC-0158,syn_1625,imaging_report,2021-09-07,en,notes/SYN-TNBC-0158/imaging_report/2021-09-07__syn_1625.txt
SYN-TNBC-0159,syn_1626,rad_onc_followup,2022-11-27,en,notes/SYN-TNBC-0159/rad_onc_followup/2022-11-27__syn_1626.txt
SYN-TNBC-0160,syn_1627,med_onc_note,2023-11-13,en,notes/SYN-TNBC-0160/med_onc_note/2023-11-13__syn_1627.txt
SYN-TNBC-0161,syn_1628,rad_onc_followup,2021-05-10,en,notes/SYN-TNBC-0161/rad_onc_followup/2021-05-10__syn_1628.txt
SYN-TNBC-0162,syn_1629,med_onc_note,2024-04-16,en,notes/SYN-TNBC-0162/med_onc_note/2024-04-16__syn_1629.txt
SYN-TNBC-0163,syn_1630,rad_onc_followup,2022-10-22,en,notes/SYN-TNBC-0163/rad_onc_followup/2022-10-22__syn_1630.txt
SYN-TNBC-0164,syn_1631,rad_onc_followup,2022-06-12,en,notes/SYN-TNBC-0164/rad_onc_followup/2022-06-12__syn_1631.txt
SYN-TNBC-0165,syn_1632,med_onc_note,2022-05-19,en,notes/SYN-TNBC-0165/med_onc_note/2022-05-19__syn_1632.txt
SYN-TNBC-0166,syn_1633,med_onc_note,2020-04-05,en,notes/SYN-TNBC-0166/med_onc_note/2020-04-05__syn_1633.txt
SYN-TNBC-0167,syn_1634,imaging_report,2021-04-11,en,notes/SYN-TNBC-0167/imaging_report/2021-04-11__syn_1634.txt
SYN-TNBC-0168,syn_1635,rad_onc_followup,2021-03-22,en,notes/SYN-TNBC-0168/rad_onc_followup/2021-03-22__syn_1635.txt
SYN-TNBC-0169,syn_1636,rad_onc_followup,2025-02-01,en,notes/SYN-TNBC-0169/rad_onc_followup/2025-02-01__syn_1636.txt
SYN-TNBC-0170,syn_1637,med_onc_note,2023-05-06,en,notes/SYN-TNBC-0170/med_onc_note/2023-05-06__syn_1637.txt
SYN-TNBC-0171,syn_1638,imaging_report,2023-04-17,en,notes/SYN-TNBC-0171/imaging_report/2023-04-17__syn_1638.txt
SYN-TNBC-0172,syn_1639,rad_onc_followup,2021-04-20,en,notes/SYN-TNBC-0172/rad_onc_followup/2021-04-20__syn_1639.txt
SYN-TNBC-0173,syn_1640,rad_onc_followup,2023-02-22,en,notes/SYN-TNBC-0173/rad_onc_followup/2023-02-22__syn_1640.txt
SYN-TNBC-0174,syn_1641,rad_onc_followup,2025-07-24,en,notes/SYN-TNBC-0174/rad_onc_followup/2025-07-24__syn_1641.txt
SYN-TNBC-0175,syn_1642,rad_onc_followup,2021-01-01,en,notes/SYN-TNBC-0175/rad_onc_followup/2021-01-01__syn_1642.txt
SYN-TNBC-0176,syn_1643,rad_onc_followup,2025-10-11,en,notes/SYN-TNBC-0176/rad_onc_followup/2025-10-11__syn_1643.txt
SYN-TNBC-0177,syn_1644,pathology_report,2022-08-03,en,notes/SYN-TNBC-0177/pathology_report/2022-08-03__syn_1644.txt
SYN-TNBC-0178,syn_1645,lab_report,2024-06-03,en,notes/SYN-TNBC-0178/lab_report/2024-06-03__syn_1645.txt
SYN-TNBC-0179,syn_1646,rad_onc_followup,2023-02-09,en,notes/SYN-TNBC-0179/rad_onc_followup/2023-02-09__syn_1646.txt
SYN-TNBC-0180,syn_1647,rad_onc_followup,2022-10-21,en,notes/SYN-TNBC-0180/rad_onc_followup/2022-10-21__syn_1647.txt
SYN-TNBC-0181,syn_1648,lab_report,2024-02-26,en,notes/SYN-TNBC-0181/lab_report/2024-02-26__syn_1648.txt
SYN-TNBC-0182,syn_1649,rad_onc_followup,2024-08-08,en,notes/SYN-TNBC-0182/rad_onc_followup/2024-08-08__syn_1649.txt
SYN-TNBC-0183,syn_1650,imaging_report,2023-11-19,en,notes/SYN-TNBC-0183/imaging_report/2023-11-19__syn_1650.txt
SYN-TNBC-0184,syn_1651,rad_onc_followup,2025-05-18,en,notes/SYN-TNBC-0184/rad_onc_followup/2025-05-18__syn_1651.txt
SYN-TNBC-0185,syn_1652,rad_onc_followup,2021-11-23,en,notes/SYN-TNBC-0185/rad_onc_followup/2021-11-23__syn_1652.txt
SYN-TNBC-0186,syn_1653,rad_onc_followup,2023-04-19,en,notes/SYN-TNBC-0186/rad_onc_followup/2023-04-19__syn_1653.txt
SYN-TNBC-0187,syn_1654,rad_onc_followup,2020-07-05,en,notes/SYN-TNBC-0187/rad_onc_followup/2020-07-05__syn_1654.txt
SYN-TNBC-0188,syn_1655,lab_report,2022-11-11,en,notes/SYN-TNBC-0188/lab_report/2022-11-11__syn_1655.txt
SYN-TNBC-0189,syn_1656,imaging_report,2024-09-18,en,notes/SYN-TNBC-0189/imaging_report/2024-09-18__syn_1656.txt
SYN-TNBC-0190,syn_1657,med_onc_note,2024-03-09,en,notes/SYN-TNBC-0190/med_onc_note/2024-03-09__syn_1657.txt
SYN-TNBC-0191,syn_1658,lab_report,2022-03-18,en,notes/SYN-TNBC-0191/lab_report/2022-03-18__syn_1658.txt
SYN-TNBC-0192,syn_1659,rad_onc_followup,2024-05-12,en,notes/SYN-TNBC-0192/rad_onc_followup/2024-05-12__syn_1659.txt
SYN-TNBC-0193,syn_1660,med_onc_note,2022-07-14,en,notes/SYN-TNBC-0193/med_onc_note/2022-07-14__syn_1660.txt
SYN-TNBC-0194,syn_1661,rad_onc_followup,2025-06-03,en,notes/SYN-TNBC-0194/rad_onc_followup/2025-06-03__syn_1661.txt
SYN-TNBC-0195,syn_1662,med_onc_note,2020-06-29,en,notes/SYN-TNBC-0195/med_onc_note/2020-06-29__syn_1662.txt
SYN-TNBC-0196,syn_1663,imaging_report,2020-10-03,en,notes/SYN-TNBC-0196/imaging_report/2020-10-03__syn_1663.txt
SYN-TNBC-0197,syn_1664,rad_onc_followup,2022-10-12,en,notes/SYN-TNBC-0197/rad_onc_followup/2022-10-12__syn_1664.txt
SYN-TNBC-0198,syn_1665,rad_onc_followup,2024-01-26,en,notes/SYN-TNBC-0198/rad_onc_followup/2024-01-26__syn_1665.txt
SYN-TNBC-0199,syn_1666,rad_onc_followup,2020-11-15,en,notes/SYN-TNBC-0199/rad_onc_followup/2020-11-15__syn_1666.txt
SYN-TNBC-0200,syn_1667,rad_onc_followup,2023-11-13,en,notes/SYN-TNBC-0200/rad_onc_followup/2023-11-13__syn_1667.txt
SYN-TNBC-0201,syn_1668,lab_report,2023-01-05,en,notes/SYN-TNBC-0201/lab_report/2023-01-05__syn_1668.txt
SYN-TNBC-0202,syn_1669,rad_onc_followup,2020-10-11,en,notes/SYN-TNBC-0202/rad_onc_followup/2020-10-11__syn_1669.txt
SYN-TNBC-0203,syn_1670,pathology_report,2026-01-04,en,notes/SYN-TNBC-0203/pathology_report/2026-01-04__syn_1670.txt
SYN-TNBC-0204,syn_1671,rad_onc_followup,2024-10-20,en,notes/SYN-TNBC-0204/rad_onc_followup/2024-10-20__syn_1671.txt
SYN-TNBC-0205,syn_1672,med_onc_note,2023-06-15,en,notes/SYN-TNBC-0205/med_onc_note/2023-06-15__syn_1672.txt
SYN-TNBC-0206,syn_1673,rad_onc_followup,2025-01-19,en,notes/SYN-TNBC-0206/rad_onc_followup/2025-01-19__syn_1673.txt
SYN-TNBC-0207,syn_1674,rad_onc_followup,2024-05-08,en,notes/SYN-TNBC-0207/rad_onc_followup/2024-05-08__syn_1674.txt
SYN-TNBC-0208,syn_1675,imaging_report,2025-02-12,en,notes/SYN-TNBC-0208/imaging_report/2025-02-12__syn_1675.txt
SYN-TNBC-0209,syn_1676,rad_onc_followup,2024-11-01,en,notes/SYN-TNBC-0209/rad_onc_followup/2024-11-01__syn_1676.txt
SYN-TNBC-0210,syn_1677,med_onc_note,2023-01-21,en,notes/SYN-TNBC-0210/med_onc_note/2023-01-21__syn_1677.txt
SYN-TNBC-0211,syn_1678,rad_onc_followup,2020-07-20,en,notes/SYN-TNBC-0211/rad_onc_followup/2020-07-20__syn_1678.txt
SYN-TNBC-0212,syn_1679,rad_onc_followup,2026-01-05,en,notes/SYN-TNBC-0212/rad_onc_followup/2026-01-05__syn_1679.txt
SYN-TNBC-0213,syn_1680,rad_onc_followup,2023-02-01,en,notes/SYN-TNBC-0213/rad_onc_followup/2023-02-01__syn_1680.txt
SYN-TNBC-0214,syn_1681,rad_onc_followup,2025-04-11,en,notes/SYN-TNBC-0214/rad_onc_followup/2025-04-11__syn_1681.txt
SYN-TNBC-0215,syn_1682,lab_report,2024-12-30,en,notes/SYN-TNBC-0215/lab_report/2024-12-30__syn_1682.txt
SYN-TNBC-0216,syn_1683,rad_onc_followup,2023-04-07,en,notes/SYN-TNBC-0216/rad_onc_followup/2023-04-07__syn_1683.txt
SYN-TNBC-0217,syn_1684,rad_onc_followup,2024-05-17,en,notes/SYN-TNBC-0217/rad_onc_followup/2024-05-17__syn_1684.txt
SYN-TNBC-0218,syn_1685,rad_onc_followup,2025-09-04,en,notes/SYN-TNBC-0218/rad_onc_followup/2025-09-04__syn_1685.txt
SYN-TNBC-0219,syn_1686,med_onc_note,2025-09-13,en,notes/SYN-TNBC-0219/med_onc_note/2025-09-13__syn_1686.txt
SYN-TNBC-0220,syn_1687,imaging_report,2021-04-14,en,notes/SYN-TNBC-0220/imaging_report/2021-04-14__syn_1687.txt
SYN-TNBC-0221,syn_1688,rad_onc_followup,2021-10-30,en,notes/SYN-TNBC-0221/rad_onc_followup/2021-10-30__syn_1688.txt
SYN-TNBC-0222,syn_1689,rad_onc_followup,2021-02-10,en,notes/SYN-TNBC-0222/rad_onc_followup/2021-02-10__syn_1689.txt
SYN-TNBC-0223,syn_1690,rad_onc_followup,2021-05-24,en,notes/SYN-TNBC-0223/rad_onc_followup/2021-05-24__syn_1690.txt
SYN-TNBC-0224,syn_1691,med_onc_note,2020-09-06,en,notes/SYN-TNBC-0224/med_onc_note/2020-09-06__syn_1691.txt
SYN-TNBC-0225,syn_1692,rad_onc_followup,2025-07-28,en,notes/SYN-TNBC-0225/rad_onc_followup/2025-07-28__syn_1692.txt
SYN-TNBC-0226,syn_1693,rad_onc_followup,2021-08-14,en,notes/SYN-TNBC-0226/rad_onc_followup/2021-08-14__syn_1693.txt
SYN-TNBC-0227,syn_1694,rad_onc_followup,2023-11-09,en,notes/SYN-TNBC-0227/rad_onc_followup/2023-11-09__syn_1694.txt
SYN-TNBC-0228,syn_1695,pathology_report,2026-01-31,en,notes/SYN-TNBC-0228/pathology_report/2026-01-31__syn_1695.txt
SYN-TNBC-0229,syn_1696,rad_onc_followup,2024-06-24,en,notes/SYN-TNBC-0229/rad_onc_followup/2024-06-24__syn_1696.txt
SYN-TNBC-0230,syn_1697,rad_onc_followup,2020-12-24,en,notes/SYN-TNBC-0230/rad_onc_followup/2020-12-24__syn_1697.txt
SYN-TNBC-0231,syn_1698,imaging_report,2025-07-23,en,notes/SYN-TNBC-0231/imaging_report/2025-07-23__syn_1698.txt
SYN-TNBC-0232,syn_1699,rad_onc_followup,2020-08-17,en,notes/SYN-TNBC-0232/rad_onc_followup/2020-08-17__syn_1699.txt
SYN-TNBC-0233,syn_1700,rad_onc_followup,2022-10-03,en,notes/SYN-TNBC-0233/rad_onc_followup/2022-10-03__syn_1700.txt
SYN-TNBC-0234,syn_1701,rad_onc_followup,2021-11-23,en,notes/SYN-TNBC-0234/rad_onc_followup/2021-11-23__syn_1701.txt
SYN-TNBC-0235,syn_1702,rad_onc_followup,2025-06-22,en,notes/SYN-TNBC-0235/rad_onc_followup/2025-06-22__syn_1702.txt
SYN-TNBC-0236,syn_1703,rad_onc_followup,2020-09-20,en,notes/SYN-TNBC-0236/rad_onc_followup/2020-09-20__syn_1703.txt
SYN-TNBC-0237,syn_1704,med_onc_note,2025-06-24,en,notes/SYN-TNBC-0237/med_onc_note/2025-06-24__syn_1704.txt
SYN-TNBC-0238,syn_1705,rad_onc_followup,2024-02-23,en,notes/SYN-TNBC-0238/rad_onc_followup/2024-02-23__syn_1705.txt
SYN-TNBC-0239,syn_1706,rad_onc_followup,2022-07-23,en,notes/SYN-TNBC-0239/rad_onc_followup/2022-07-23__syn_1706.txt
SYN-TNBC-0240,syn_1707,med_onc_note,2026-01-02,en,notes/SYN-TNBC-0240/med_onc_note/2026-01-02__syn_1707.txt
SYN-TNBC-0241,syn_1708,rad_onc_followup,2025-11-28,en,notes/SYN-TNBC-0241/rad_onc_followup/2025-11-28__syn_1708.txt
SYN-TNBC-0242,syn_1709,rad_onc_followup,2022-11-28,en,notes/SYN-TNBC-0242/rad_onc_followup/2022-11-28__syn_1709.txt
SYN-TNBC-0243,syn_1710,rad_onc_followup,2022-09-02,en,notes/SYN-TNBC-0243/rad_onc_followup/2022-09-02__syn_1710.txt
SYN-TNBC-0244,syn_1711,med_onc_note,2022-07-11,en,notes/SYN-TNBC-0244/med_onc_note/2022-07-11__syn_1711.txt
SYN-TNBC-0245,syn_1712,rad_onc_followup,2022-12-04,en,notes/SYN-TNBC-0245/rad_onc_followup/2022-12-04__syn_1712.txt
SYN-TNBC-0246,syn_1713,rad_onc_followup,2026-02-17,en,notes/SYN-TNBC-0246/rad_onc_followup/2026-02-17__syn_1713.txt
SYN-TNBC-0247,syn_1714,rad_onc_followup,2025-06-28,en,notes/SYN-TNBC-0247/rad_onc_followup/2025-06-28__syn_1714.txt
SYN-TNBC-0248,syn_1715,rad_onc_followup,2021-11-23,en,notes/SYN-TNBC-0248/rad_onc_followup/2021-11-23__syn_1715.txt
SYN-TNBC-0249,syn_1716,rad_onc_followup,2023-01-17,en,notes/SYN-TNBC-0249/rad_onc_followup/2023-01-17__syn_1716.txt
SYN-TNBC-0250,syn_1717,pathology_report,2022-06-17,en,notes/SYN-TNBC-0250/pathology_report/2022-06-17__syn_1717.txt
SYN-TNBC-0251,syn_1718,rad_onc_followup,2025-07-14,en,notes/SYN-TNBC-0251/rad_onc_followup/2025-07-14__syn_1718.txt
SYN-TNBC-0252,syn_1719,rad_onc_followup,2024-04-13,en,notes/SYN-TNBC-0252/rad_onc_followup/2024-04-13__syn_1719.txt
SYN-TNBC-0253,syn_1720,rad_onc_followup,2023-02-28,en,notes/SYN-TNBC-0253/rad_onc_followup/2023-02-28__syn_1720.txt
SYN-TNBC-0254,syn_1721,rad_onc_followup,2023-11-09,en,notes/SYN-TNBC-0254/rad_onc_followup/2023-11-09__syn_1721.txt
SYN-TNBC-0255,syn_1722,med_onc_note,2023-06-08,en,notes/SYN-TNBC-0255/med_onc_note/2023-06-08__syn_1722.txt
SYN-TNBC-0256,syn_1723,rad_onc_followup,2023-11-28,en,notes/SYN-TNBC-0256/rad_onc_followup/2023-11-28__syn_1723.txt
SYN-TNBC-0257,syn_1724,med_onc_note,2021-04-21,en,notes/SYN-TNBC-0257/med_onc_note/2021-04-21__syn_1724.txt
SYN-TNBC-0258,syn_1725,rad_onc_followup,2020-03-21,en,notes/SYN-TNBC-0258/rad_onc_followup/2020-03-21__syn_1725.txt
SYN-TNBC-0259,syn_1726,lab_report,2021-03-09,en,notes/SYN-TNBC-0259/lab_report/2021-03-09__syn_1726.txt
SYN-TNBC-0260,syn_1727,rad_onc_followup,2024-03-23,en,notes/SYN-TNBC-0260/rad_onc_followup/2024-03-23__syn_1727.txt
SYN-TNBC-0261,syn_1728,imaging_report,2022-08-05,en,notes/SYN-TNBC-0261/imaging_report/2022-08-05__syn_1728.txt
SYN-TNBC-0262,syn_1729,rad_onc_followup,2024-08-05,en,notes/SYN-TNBC-0262/rad_onc_followup/2024-08-05__syn_1729.txt
SYN-TNBC-0263,syn_1730,med_onc_note,2025-01-09,en,notes/SYN-TNBC-0263/med_onc_note/2025-01-09__syn_1730.txt
SYN-TNBC-0264,syn_1731,rad_onc_followup,2023-06-22,en,notes/SYN-TNBC-0264/rad_onc_followup/2023-06-22__syn_1731.txt
SYN-TNBC-0265,syn_1732,rad_onc_followup,2025-02-15,en,notes/SYN-TNBC-0265/rad_onc_followup/2025-02-15__syn_1732.txt
SYN-TNBC-0266,syn_1733,med_onc_note,2021-10-08,en,notes/SYN-TNBC-0266/med_onc_note/2021-10-08__syn_1733.txt
SYN-TNBC-0267,syn_1734,rad_onc_followup,2021-06-27,en,notes/SYN-TNBC-0267/rad_onc_followup/2021-06-27__syn_1734.txt
SYN-TNBC-0268,syn_1735,rad_onc_followup,2024-01-26,en,notes/SYN-TNBC-0268/rad_onc_followup/2024-01-26__syn_1735.txt
SYN-TNBC-0269,syn_1736,rad_onc_followup,2021-05-07,en,notes/SYN-TNBC-0269/rad_onc_followup/2021-05-07__syn_1736.txt
SYN-TNBC-0270,syn_1737,lab_report,2022-03-15,en,notes/SYN-TNBC-0270/lab_report/2022-03-15__syn_1737.txt
SYN-TNBC-0271,syn_1738,rad_onc_followup,2022-07-13,en,notes/SYN-TNBC-0271/rad_onc_followup/2022-07-13__syn_1738.txt
SYN-TNBC-0272,syn_1739,rad_onc_followup,2022-08-02,en,notes/SYN-TNBC-0272/rad_onc_followup/2022-08-02__syn_1739.txt
SYN-TNBC-0273,syn_1740,rad_onc_followup,2023-12-24,en,notes/SYN-TNBC-0273/rad_onc_followup/2023-12-24__syn_1740.txt
SYN-TNBC-0274,syn_1741,rad_onc_followup,2026-02-14,en,notes/SYN-TNBC-0274/rad_onc_followup/2026-02-14__syn_1741.txt
SYN-TNBC-0275,syn_1742,rad_onc_followup,2022-09-15,en,notes/SYN-TNBC-0275/rad_onc_followup/2022-09-15__syn_1742.txt
SYN-TNBC-0276,syn_1743,med_onc_note,2021-10-08,en,notes/SYN-TNBC-0276/med_onc_note/2021-10-08__syn_1743.txt
SYN-TNBC-0277,syn_1744,med_onc_note,2024-07-12,en,notes/SYN-TNBC-0277/med_onc_note/2024-07-12__syn_1744.txt
SYN-TNBC-0278,syn_1745,lab_report,2023-12-28,en,notes/SYN-TNBC-0278/lab_report/2023-12-28__syn_1745.txt
SYN-TNBC-0279,syn_1746,rad_onc_followup,2025-11-05,en,notes/SYN-TNBC-0279/rad_onc_followup/2025-11-05__syn_1746.txt
SYN-TNBC-0280,syn_1747,rad_onc_followup,2022-09-02,en,notes/SYN-TNBC-0280/rad_onc_followup/2022-09-02__syn_1747.txt
SYN-TNBC-0281,syn_1748,rad_onc_followup,2025-02-11,en,notes/SYN-TNBC-0281/rad_onc_followup/2025-02-11__syn_1748.txt
SYN-TNBC-0282,syn_1749,rad_onc_followup,2020-09-14,en,notes/SYN-TNBC-0282/rad_onc_followup/2020-09-14__syn_1749.txt
SYN-TNBC-0283,syn_1750,rad_onc_followup,2021-06-07,en,notes/SYN-TNBC-0283/rad_onc_followup/2021-06-07__syn_1750.txt
SYN-TNBC-0284,syn_1751,pathology_report,2022-10-03,en,notes/SYN-TNBC-0284/pathology_report/2022-10-03__syn_1751.txt
SYN-TNBC-0285,syn_1752,rad_onc_followup,2021-07-12,en,notes/SYN-TNBC-0285/rad_onc_followup/2021-07-12__syn_1752.txt
SYN-TNBC-0286,syn_1753,med_onc_note,2021-01-09,en,notes/SYN-TNBC-0286/med_onc_note/2021-01-09__syn_1753.txt
SYN-TNBC-0287,syn_1754,rad_onc_followup,2025-05-15,en,notes/SYN-TNBC-0287/rad_onc_followup/2025-05-15__syn_1754.txt
SYN-TNBC-0288,syn_1755,rad_onc_followup,2021-05-19,en,notes/SYN-TNBC-0288/rad_onc_followup/2021-05-19__syn_1755.txt
SYN-TNBC-0289,syn_1756,rad_onc_followup,2020-08-01,en,notes/SYN-TNBC-0289/rad_onc_followup/2020-08-01__syn_1756.txt
SYN-TNBC-0290,syn_1757,rad_onc_followup,2024-08-17,en,notes/SYN-TNBC-0290/rad_onc_followup/2024-08-17__syn_1757.txt
SYN-TNBC-0291,syn_1758,med_onc_note,2021-03-26,en,notes/SYN-TNBC-0291/med_onc_note/2021-03-26__syn_1758.txt
SYN-TNBC-0292,syn_1759,rad_onc_followup,2020-12-14,en,notes/SYN-TNBC-0292/rad_onc_followup/2020-12-14__syn_1759.txt
SYN-TNBC-0293,syn_1760,rad_onc_followup,2023-05-29,en,notes/SYN-TNBC-0293/rad_onc_followup/2023-05-29__syn_1760.txt
SYN-TNBC-0294,syn_1761,rad_onc_followup,2022-12-17,en,notes/SYN-TNBC-0294/rad_onc_followup/2022-12-17__syn_1761.txt
SYN-TNBC-0295,syn_1762,rad_onc_followup,2025-04-18,en,notes/SYN-TNBC-0295/rad_onc_followup/2025-04-18__syn_1762.txt
SYN-TNBC-0296,syn_1763,rad_onc_followup,2020-03-29,en,notes/SYN-TNBC-0296/rad_onc_followup/2020-03-29__syn_1763.txt
SYN-TNBC-0297,syn_1764,med_onc_note,2024-01-14,en,notes/SYN-TNBC-0297/med_onc_note/2024-01-14__syn_1764.txt
SYN-TNBC-0298,syn_1765,med_onc_note,2024-11-13,en,notes/SYN-TNBC-0298/med_onc_note/2024-11-13__syn_1765.txt
SYN-TNBC-0299,syn_1766,lab_report,2026-02-13,en,notes/SYN-TNBC-0299/lab_report/2026-02-13__syn_1766.txt
SYN-TNBC-0300,syn_1767,rad_onc_followup,2024-10-18,en,notes/SYN-TNBC-0300/rad_onc_followup/2024-10-18__syn_1767.txt
SYN-TNBC-0301,syn_1768,pathology_report,2022-08-19,en,notes/SYN-TNBC-0301/pathology_report/2022-08-19__syn_1768.txt
SYN-TNBC-0302,syn_1769,rad_onc_followup,2022-08-17,en,notes/SYN-TNBC-0302/rad_onc_followup/2022-08-17__syn_1769.txt
SYN-TNBC-0303,syn_1770,rad_onc_followup,2021-09-07,en,notes/SYN-TNBC-0303/rad_onc_followup/2021-09-07__syn_1770.txt
SYN-TNBC-0304,syn_1771,lab_report,2025-06-01,en,notes/SYN-TNBC-0304/lab_report/2025-06-01__syn_1771.txt
SYN-TNBC-0305,syn_1772,rad_onc_followup,2021-10-29,en,notes/SYN-TNBC-0305/rad_onc_followup/2021-10-29__syn_1772.txt
SYN-TNBC-0306,syn_1773,rad_onc_followup,2022-06-14,en,notes/SYN-TNBC-0306/rad_onc_followup/2022-06-14__syn_1773.txt
SYN-TNBC-0307,syn_1774,rad_onc_followup,2022-02-06,en,notes/SYN-TNBC-0307/rad_onc_followup/2022-02-06__syn_1774.txt
SYN-TNBC-0308,syn_1775,rad_onc_followup,2024-02-11,en,notes/SYN-TNBC-0308/rad_onc_followup/2024-02-11__syn_1775.txt
SYN-TNBC-0309,syn_1776,rad_onc_followup,2024-11-21,en,notes/SYN-TNBC-0309/rad_onc_followup/2024-11-21__syn_1776.txt
SYN-TNBC-0310,syn_1777,imaging_report,2023-04-19,en,notes/SYN-TNBC-0310/imaging_report/2023-04-19__syn_1777.txt
SYN-TNBC-0311,syn_1778,rad_onc_followup,2021-02-19,en,notes/SYN-TNBC-0311/rad_onc_followup/2021-02-19__syn_1778.txt
SYN-TNBC-0312,syn_1779,rad_onc_followup,2020-03-12,en,notes/SYN-TNBC-0312/rad_onc_followup/2020-03-12__syn_1779.txt
SYN-TNBC-0313,syn_1780,rad_onc_followup,2023-09-27,en,notes/SYN-TNBC-0313/rad_onc_followup/2023-09-27__syn_1780.txt
SYN-TNBC-0314,syn_1781,rad_onc_followup,2022-07-27,en,notes/SYN-TNBC-0314/rad_onc_followup/2022-07-27__syn_1781.txt
SYN-TNBC-0315,syn_1782,rad_onc_followup,2023-10-07,en,notes/SYN-TNBC-0315/rad_onc_followup/2023-10-07__syn_1782.txt
SYN-TNBC-0316,syn_1783,rad_onc_followup,2026-03-08,en,notes/SYN-TNBC-0316/rad_onc_followup/2026-03-08__syn_1783.txt
SYN-TNBC-0317,syn_1784,med_onc_note,2023-09-01,en,notes/SYN-TNBC-0317/med_onc_note/2023-09-01__syn_1784.txt
SYN-TNBC-0318,syn_1785,rad_onc_followup,2021-06-06,en,notes/SYN-TNBC-0318/rad_onc_followup/2021-06-06__syn_1785.txt
SYN-TNBC-0319,syn_1786,med_onc_note,2023-06-16,en,notes/SYN-TNBC-0319/med_onc_note/2023-06-16__syn_1786.txt
SYN-TNBC-0320,syn_1787,rad_onc_followup,2021-09-17,en,notes/SYN-TNBC-0320/rad_onc_followup/2021-09-17__syn_1787.txt
SYN-TNBC-0321,syn_1788,rad_onc_followup,2021-10-20,en,notes/SYN-TNBC-0321/rad_onc_followup/2021-10-20__syn_1788.txt
SYN-TNBC-0322,syn_1789,rad_onc_followup,2020-04-13,en,notes/SYN-TNBC-0322/rad_onc_followup/2020-04-13__syn_1789.txt
SYN-TNBC-0323,syn_1790,imaging_report,2020-06-03,en,notes/SYN-TNBC-0323/imaging_report/2020-06-03__syn_1790.txt
SYN-TNBC-0324,syn_1791,med_onc_note,2021-02-06,en,notes/SYN-TNBC-0324/med_onc_note/2021-02-06__syn_1791.txt
SYN-TNBC-0325,syn_1792,rad_onc_followup,2023-07-20,en,notes/SYN-TNBC-0325/rad_onc_followup/2023-07-20__syn_1792.txt
SYN-TNBC-0326,syn_1793,rad_onc_followup,2025-08-31,en,notes/SYN-TNBC-0326/rad_onc_followup/2025-08-31__syn_1793.txt
SYN-TNBC-0327,syn_1794,rad_onc_followup,2025-12-14,en,notes/SYN-TNBC-0327/rad_onc_followup/2025-12-14__syn_1794.txt
SYN-TNBC-0328,syn_1795,rad_onc_followup,2021-06-26,en,notes/SYN-TNBC-0328/rad_onc_followup/2021-06-26__syn_1795.txt
SYN-TNBC-0329,syn_1796,rad_onc_followup,2024-08-19,en,notes/SYN-TNBC-0329/rad_onc_followup/2024-08-19__syn_1796.txt
SYN-TNBC-0330,syn_1797,rad_onc_followup,2022-05-02,en,notes/SYN-TNBC-0330/rad_onc_followup/2022-05-02__syn_1797.txt
SYN-TNBC-0331,syn_1798,rad_onc_followup,2021-06-05,en,notes/SYN-TNBC-0331/rad_onc_followup/2021-06-05__syn_1798.txt
SYN-TNBC-0332,syn_1799,rad_onc_followup,2024-08-31,en,notes/SYN-TNBC-0332/rad_onc_followup/2024-08-31__syn_1799.txt
SYN-TNBC-0333,syn_1800,rad_onc_followup,2020-06-14,en,notes/SYN-TNBC-0333/rad_onc_followup/2020-06-14__syn_1800.txt
SYN-TNBC-0334,syn_1801,lab_report,2020-08-06,en,notes/SYN-TNBC-0334/lab_report/2020-08-06__syn_1801.txt
SYN-TNBC-0335,syn_1802,rad_onc_followup,2023-10-07,en,notes/SYN-TNBC-0335/rad_onc_followup/2023-10-07__syn_1802.txt
SYN-TNBC-0336,syn_1803,rad_onc_followup,2021-11-06,en,notes/SYN-TNBC-0336/rad_onc_followup/2021-11-06__syn_1803.txt
SYN-TNBC-0337,syn_1804,imaging_report,2021-08-07,en,notes/SYN-TNBC-0337/imaging_report/2021-08-07__syn_1804.txt
SYN-TNBC-0338,syn_1805,rad_onc_followup,2024-09-24,en,notes/SYN-TNBC-0338/rad_onc_followup/2024-09-24__syn_1805.txt
SYN-TNBC-0339,syn_1806,rad_onc_followup,2021-02-05,en,notes/SYN-TNBC-0339/rad_onc_followup/2021-02-05__syn_1806.txt
SYN-TNBC-0340,syn_1807,rad_onc_followup,2021-02-18,en,notes/SYN-TNBC-0340/rad_onc_followup/2021-02-18__syn_1807.txt
SYN-TNBC-0341,syn_1808,rad_onc_followup,2021-03-19,en,notes/SYN-TNBC-0341/rad_onc_followup/2021-03-19__syn_1808.txt
SYN-TNBC-0342,syn_1809,med_onc_note,2026-02-26,en,notes/SYN-TNBC-0342/med_onc_note/2026-02-26__syn_1809.txt
SYN-TNBC-0343,syn_1810,med_onc_note,2022-07-30,en,notes/SYN-TNBC-0343/med_onc_note/2022-07-30__syn_1810.txt
SYN-TNBC-0344,syn_1811,med_onc_note,2020-12-02,en,notes/SYN-TNBC-0344/med_onc_note/2020-12-02__syn_1811.txt
SYN-TNBC-0345,syn_1812,rad_onc_followup,2023-05-25,en,notes/SYN-TNBC-0345/rad_onc_followup/2023-05-25__syn_1812.txt
SYN-TNBC-0346,syn_1813,rad_onc_followup,2020-12-09,en,notes/SYN-TNBC-0346/rad_onc_followup/2020-12-09__syn_1813.txt
SYN-TNBC-0347,syn_1814,rad_onc_followup,2022-06-07,en,notes/SYN-TNBC-0347/rad_onc_followup/2022-06-07__syn_1814.txt
SYN-TNBC-0348,syn_1815,rad_onc_followup,2025-07-28,en,notes/SYN-TNBC-0348/rad_onc_followup/2025-07-28__syn_1815.txt
SYN-TNBC-0349,syn_1816,rad_onc_followup,2025-12-03,en,notes/SYN-TNBC-0349/rad_onc_followup/2025-12-03__syn_1816.txt
SYN-TNBC-0350,syn_1817,med_onc_note,2023-03-05,en,notes/SYN-TNBC-0350/med_onc_note/2023-03-05__syn_1817.txt
SYN-TNBC-0351,syn_1818,rad_onc_followup,2023-01-09,en,notes/SYN-TNBC-0351/rad_onc_followup/2023-01-09__syn_1818.txt
SYN-TNBC-0352,syn_1819,rad_onc_followup,2021-03-10,en,notes/SYN-TNBC-0352/rad_onc_followup/2021-03-10__syn_1819.txt
SYN-TNBC-0353,syn_1820,imaging_report,2020-10-21,en,notes/SYN-TNBC-0353/imaging_report/2020-10-21__syn_1820.txt
SYN-TNBC-0354,syn_1821,rad_onc_followup,2023-03-02,en,notes/SYN-TNBC-0354/rad_onc_followup/2023-03-02__syn_1821.txt
SYN-TNBC-0355,syn_1822,med_onc_note,2023-05-19,en,notes/SYN-TNBC-0355/med_onc_note/2023-05-19__syn_1822.txt
SYN-TNBC-0356,syn_1823,med_onc_note,2025-07-16,en,notes/SYN-TNBC-0356/med_onc_note/2025-07-16__syn_1823.txt
SYN-TNBC-0357,syn_1824,rad_onc_followup,2022-04-16,en,notes/SYN-TNBC-0357/rad_onc_followup/2022-04-16__syn_1824.txt
SYN-TNBC-0358,syn_1825,rad_onc_followup,2023-06-01,en,notes/SYN-TNBC-0358/rad_onc_followup/2023-06-01__syn_1825.txt
SYN-TNBC-0359,syn_1826,rad_onc_followup,2025-08-16,en,notes/SYN-TNBC-0359/rad_onc_followup/2025-08-16__syn_1826.txt
SYN-TNBC-0360,syn_1827,rad_onc_followup,2025-09-15,en,notes/SYN-TNBC-0360/rad_onc_followup/2025-09-15__syn_1827.txt
SYN-TNBC-0361,syn_1828,med_onc_note,2025-05-12,en,notes/SYN-TNBC-0361/med_onc_note/2025-05-12__syn_1828.txt
SYN-TNBC-0362,syn_1829,lab_report,2023-07-26,en,notes/SYN-TNBC-0362/lab_report/2023-07-26__syn_1829.txt
SYN-TNBC-0363,syn_1830,med_onc_note,2024-11-02,en,notes/SYN-TNBC-0363/med_onc_note/2024-11-02__syn_1830.txt
SYN-TNBC-0364,syn_1831,med_onc_note,2021-02-08,en,notes/SYN-TNBC-0364/med_onc_note/2021-02-08__syn_1831.txt
SYN-TNBC-0365,syn_1832,rad_onc_followup,2020-05-12,en,notes/SYN-TNBC-0365/rad_onc_followup/2020-05-12__syn_1832.txt
SYN-TNBC-0366,syn_1833,rad_onc_followup,2026-02-06,en,notes/SYN-TNBC-0366/rad_onc_followup/2026-02-06__syn_1833.txt
SYN-TNBC-0367,syn_1834,rad_onc_followup,2024-12-25,en,notes/SYN-TNBC-0367/rad_onc_followup/2024-12-25__syn_1834.txt
SYN-TNBC-0368,syn_1835,lab_report,2025-03-11,en,notes/SYN-TNBC-0368/lab_report/2025-03-11__syn_1835.txt
SYN-TNBC-0369,syn_1836,rad_onc_followup,2023-04-15,en,notes/SYN-TNBC-0369/rad_onc_followup/2023-04-15__syn_1836.txt
SYN-TNBC-0370,syn_1837,rad_onc_followup,2020-10-24,en,notes/SYN-TNBC-0370/rad_onc_followup/2020-10-24__syn_1837.txt
SYN-TNBC-0371,syn_1838,rad_onc_followup,2024-12-05,en,notes/SYN-TNBC-0371/rad_onc_followup/2024-12-05__syn_1838.txt
SYN-TNBC-0372,syn_1839,med_onc_note,2022-07-28,en,notes/SYN-TNBC-0372/med_onc_note/2022-07-28__syn_1839.txt
SYN-TNBC-0373,syn_1840,rad_onc_followup,2024-07-27,en,notes/SYN-TNBC-0373/rad_onc_followup/2024-07-27__syn_1840.txt
SYN-TNBC-0374,syn_1841,rad_onc_followup,2021-10-29,en,notes/SYN-TNBC-0374/rad_onc_followup/2021-10-29__syn_1841.txt
SYN-TNBC-0375,syn_1842,rad_onc_followup,2020-07-29,en,notes/SYN-TNBC-0375/rad_onc_followup/2020-07-29__syn_1842.txt
SYN-TNBC-0376,syn_1843,rad_onc_followup,2026-03-02,en,notes/SYN-TNBC-0376/rad_onc_followup/2026-03-02__syn_1843.txt
SYN-TNBC-0377,syn_1844,rad_onc_followup,2023-12-21,en,notes/SYN-TNBC-0377/rad_onc_followup/2023-12-21__syn_1844.txt
SYN-TNBC-0378,syn_1845,rad_onc_followup,2020-07-13,en,notes/SYN-TNBC-0378/rad_onc_followup/2020-07-13__syn_1845.txt
SYN-TNBC-0379,syn_1846,rad_onc_followup,2025-07-09,en,notes/SYN-TNBC-0379/rad_onc_followup/2025-07-09__syn_1846.txt
SYN-TNBC-0380,syn_1847,rad_onc_followup,2023-03-01,en,notes/SYN-TNBC-0380/rad_onc_followup/2023-03-01__syn_1847.txt
SYN-TNBC-0381,syn_1848,rad_onc_followup,2022-01-13,en,notes/SYN-TNBC-0381/rad_onc_followup/2022-01-13__syn_1848.txt
SYN-TNBC-0382,syn_1849,imaging_report,2022-02-19,en,notes/SYN-TNBC-0382/imaging_report/2022-02-19__syn_1849.txt
SYN-TNBC-0383,syn_1850,pathology_report,2022-12-10,en,notes/SYN-TNBC-0383/pathology_report/2022-12-10__syn_1850.txt
SYN-TNBC-0384,syn_1851,med_onc_note,2021-04-15,en,notes/SYN-TNBC-0384/med_onc_note/2021-04-15__syn_1851.txt
SYN-TNBC-0385,syn_1852,rad_onc_followup,2022-05-08,en,notes/SYN-TNBC-0385/rad_onc_followup/2022-05-08__syn_1852.txt
SYN-TNBC-0386,syn_1853,rad_onc_followup,2024-11-17,en,notes/SYN-TNBC-0386/rad_onc_followup/2024-11-17__syn_1853.txt
SYN-TNBC-0387,syn_1854,imaging_report,2020-09-20,en,notes/SYN-TNBC-0387/imaging_report/2020-09-20__syn_1854.txt
SYN-TNBC-0388,syn_1855,rad_onc_followup,2021-10-22,en,notes/SYN-TNBC-0388/rad_onc_followup/2021-10-22__syn_1855.txt
SYN-TNBC-0389,syn_1856,rad_onc_followup,2020-03-25,en,notes/SYN-TNBC-0389/rad_onc_followup/2020-03-25__syn_1856.txt
SYN-TNBC-0390,syn_1857,rad_onc_followup,2025-11-27,en,notes/SYN-TNBC-0390/rad_onc_followup/2025-11-27__syn_1857.txt
SYN-TNBC-0391,syn_1858,imaging_report,2022-03-26,en,notes/SYN-TNBC-0391/imaging_report/2022-03-26__syn_1858.txt
SYN-TNBC-0392,syn_1859,med_onc_note,2024-09-20,en,notes/SYN-TNBC-0392/med_onc_note/2024-09-20__syn_1859.txt
SYN-TNBC-0393,syn_1860,rad_onc_followup,2025-02-25,en,notes/SYN-TNBC-0393/rad_onc_followup/2025-02-25__syn_1860.txt
SYN-TNBC-0394,syn_1861,rad_onc_followup,2025-11-14,en,notes/SYN-TNBC-0394/rad_onc_followup/2025-11-14__syn_1861.txt
SYN-TNBC-0395,syn_1862,imaging_report,2021-04-06,en,notes/SYN-TNBC-0395/imaging_report/2021-04-06__syn_1862.txt
SYN-TNBC-0396,syn_1863,rad_onc_followup,2020-12-29,en,notes/SYN-TNBC-0396/rad_onc_followup/2020-12-29__syn_1863.txt
SYN-TNBC-0397,syn_1864,lab_report,2022-10-10,en,notes/SYN-TNBC-0397/lab_report/2022-10-10__syn_1864.txt
SYN-TNBC-0398,syn_1865,pathology_report,2024-04-05,en,notes/SYN-TNBC-0398/pathology_report/2024-04-05__syn_1865.txt
SYN-TNBC-0399,syn_1866,rad_onc_followup,2025-03-21,en,notes/SYN-TNBC-0399/rad_onc_followup/2025-03-21__syn_1866.txt
SYN-TNBC-0400,syn_1867,rad_onc_followup,2025-07-28,en,notes/SYN-TNBC-0400/rad_onc_followup/2025-07-28__syn_1867.txt
SYN-TNBC-0401,syn_1868,rad_onc_followup,2020-04-11,en,notes/SYN-TNBC-0401/rad_onc_followup/2020-04-11__syn_1868.txt
SYN-TNBC-0402,syn_1869,rad_onc_followup,2025-07-27,en,notes/SYN-TNBC-0402/rad_onc_followup/2025-07-27__syn_1869.txt
SYN-TNBC-0403,syn_1870,rad_onc_followup,2023-04-26,en,notes/SYN-TNBC-0403/rad_onc_followup/2023-04-26__syn_1870.txt
SYN-TNBC-0404,syn_1871,rad_onc_followup,2022-08-21,en,notes/SYN-TNBC-0404/rad_onc_followup/2022-08-21__syn_1871.txt
SYN-TNBC-0405,syn_1872,pathology_report,2025-04-24,en,notes/SYN-TNBC-0405/pathology_report/2025-04-24__syn_1872.txt
SYN-TNBC-0406,syn_1873,rad_onc_followup,2020-08-18,en,notes/SYN-TNBC-0406/rad_onc_followup/2020-08-18__syn_1873.txt
SYN-TNBC-0407,syn_1874,rad_onc_followup,2022-04-15,en,notes/SYN-TNBC-0407/rad_onc_followup/2022-04-15__syn_1874.txt
SYN-TNBC-0408,syn_1875,rad_onc_followup,2021-03-07,en,notes/SYN-TNBC-0408/rad_onc_followup/2021-03-07__syn_1875.txt
SYN-TNBC-0409,syn_1876,rad_onc_followup,2024-05-16,en,notes/SYN-TNBC-0409/rad_onc_followup/2024-05-16__syn_1876.txt
SYN-TNBC-0410,syn_1877,med_onc_note,2024-08-14,en,notes/SYN-TNBC-0410/med_onc_note/2024-08-14__syn_1877.txt
SYN-TNBC-0411,syn_1878,imaging_report,2020-06-24,en,notes/SYN-TNBC-0411/imaging_report/2020-06-24__syn_1878.txt
SYN-TNBC-0412,syn_1879,rad_onc_followup,2020-04-24,en,notes/SYN-TNBC-0412/rad_onc_followup/2020-04-24__syn_1879.txt
SYN-TNBC-0413,syn_1880,rad_onc_followup,2020-10-11,en,notes/SYN-TNBC-0413/rad_onc_followup/2020-10-11__syn_1880.txt
SYN-TNBC-0414,syn_1881,rad_onc_followup,2020-07-26,en,notes/SYN-TNBC-0414/rad_onc_followup/2020-07-26__syn_1881.txt
SYN-TNBC-0415,syn_1882,rad_onc_followup,2021-03-31,en,notes/SYN-TNBC-0415/rad_onc_followup/2021-03-31__syn_1882.txt
SYN-TNBC-0416,syn_1883,med_onc_note,2025-04-13,en,notes/SYN-TNBC-0416/med_onc_note/2025-04-13__syn_1883.txt
SYN-TNBC-0417,syn_1884,rad_onc_followup,2021-06-30,en,notes/SYN-TNBC-0417/rad_onc_followup/2021-06-30__syn_1884.txt
SYN-TNBC-0418,syn_1885,med_onc_note,2025-12-05,en,notes/SYN-TNBC-0418/med_onc_note/2025-12-05__syn_1885.txt
SYN-TNBC-0419,syn_1886,med_onc_note,2021-11-13,en,notes/SYN-TNBC-0419/med_onc_note/2021-11-13__syn_1886.txt
SYN-TNBC-0420,syn_1887,med_onc_note,2025-09-23,en,notes/SYN-TNBC-0420/med_onc_note/2025-09-23__syn_1887.txt
SYN-TNBC-0421,syn_1888,imaging_report,2024-10-07,en,notes/SYN-TNBC-0421/imaging_report/2024-10-07__syn_1888.txt
SYN-TNBC-0422,syn_1889,rad_onc_followup,2021-01-30,en,notes/SYN-TNBC-0422/rad_onc_followup/2021-01-30__syn_1889.txt
SYN-TNBC-0423,syn_1890,rad_onc_followup,2020-10-11,en,notes/SYN-TNBC-0423/rad_onc_followup/2020-10-11__syn_1890.txt
SYN-TNBC-0424,syn_1891,imaging_report,2024-07-05,en,notes/SYN-TNBC-0424/imaging_report/2024-07-05__syn_1891.txt
SYN-TNBC-0425,syn_1892,imaging_report,2022-02-20,en,notes/SYN-TNBC-0425/imaging_report/2022-02-20__syn_1892.txt
SYN-TNBC-0426,syn_1893,med_onc_note,2025-05-06,en,notes/SYN-TNBC-0426/med_onc_note/2025-05-06__syn_1893.txt
SYN-TNBC-0427,syn_1894,rad_onc_followup,2020-11-16,en,notes/SYN-TNBC-0427/rad_onc_followup/2020-11-16__syn_1894.txt
SYN-TNBC-0428,syn_1895,med_onc_note,2020-10-10,en,notes/SYN-TNBC-0428/med_onc_note/2020-10-10__syn_1895.txt
SYN-TNBC-0429,syn_1896,med_onc_note,2026-02-15,en,notes/SYN-TNBC-0429/med_onc_note/2026-02-15__syn_1896.txt
SYN-TNBC-0430,syn_1897,rad_onc_followup,2023-10-14,en,notes/SYN-TNBC-0430/rad_onc_followup/2023-10-14__syn_1897.txt
SYN-TNBC-0431,syn_1898,rad_onc_followup,2022-01-05,en,notes/SYN-TNBC-0431/rad_onc_followup/2022-01-05__syn_1898.txt
SYN-TNBC-0432,syn_1899,rad_onc_followup,2026-01-15,en,notes/SYN-TNBC-0432/rad_onc_followup/2026-01-15__syn_1899.txt
SYN-TNBC-0433,syn_1900,rad_onc_followup,2020-06-22,en,notes/SYN-TNBC-0433/rad_onc_followup/2020-06-22__syn_1900.txt
SYN-TNBC-0434,syn_1901,rad_onc_followup,2021-03-31,en,notes/SYN-TNBC-0434/rad_onc_followup/2021-03-31__syn_1901.txt
SYN-TNBC-0435,syn_1902,rad_onc_followup,2022-05-03,en,notes/SYN-TNBC-0435/rad_onc_followup/2022-05-03__syn_1902.txt
SYN-TNBC-0436,syn_1903,med_onc_note,2023-12-17,en,notes/SYN-TNBC-0436/med_onc_note/2023-12-17__syn_1903.txt
SYN-TNBC-0437,syn_1904,pathology_report,2021-10-14,en,notes/SYN-TNBC-0437/pathology_report/2021-10-14__syn_1904.txt
SYN-TNBC-0438,syn_1905,rad_onc_followup,2022-05-09,en,notes/SYN-TNBC-0438/rad_onc_followup/2022-05-09__syn_1905.txt
SYN-TNBC-0439,syn_1906,rad_onc_followup,2022-02-08,en,notes/SYN-TNBC-0439/rad_onc_followup/2022-02-08__syn_1906.txt
SYN-TNBC-0440,syn_1907,rad_onc_followup,2025-01-01,en,notes/SYN-TNBC-0440/rad_onc_followup/2025-01-01__syn_1907.txt
SYN-TNBC-0441,syn_1908,rad_onc_followup,2023-02-08,en,notes/SYN-TNBC-0441/rad_onc_followup/2023-02-08__syn_1908.txt
SYN-TNBC-0442,syn_1909,rad_onc_followup,2023-03-08,en,notes/SYN-TNBC-0442/rad_onc_followup/2023-03-08__syn_1909.txt
SYN-TNBC-0443,syn_1910,pathology_report,2020-07-12,en,notes/SYN-TNBC-0443/pathology_report/2020-07-12__syn_1910.txt
SYN-TNBC-0444,syn_1911,rad_onc_followup,2025-12-03,en,notes/SYN-TNBC-0444/rad_onc_followup/2025-12-03__syn_1911.txt
SYN-TNBC-0445,syn_1912,rad_onc_followup,2022-01-16,en,notes/SYN-TNBC-0445/rad_onc_followup/2022-01-16__syn_1912.txt
SYN-TNBC-0446,syn_1913,rad_onc_followup,2023-02-26,en,notes/SYN-TNBC-0446/rad_onc_followup/2023-02-26__syn_1913.txt
SYN-TNBC-0447,syn_1914,rad_onc_followup,2023-05-30,en,notes/SYN-TNBC-0447/rad_onc_followup/2023-05-30__syn_1914.txt
SYN-TNBC-0448,syn_1915,rad_onc_followup,2023-07-08,en,notes/SYN-TNBC-0448/rad_onc_followup/2023-07-08__syn_1915.txt
SYN-TNBC-0449,syn_1916,rad_onc_followup,2026-01-07,en,notes/SYN-TNBC-0449/rad_onc_followup/2026-01-07__syn_1916.txt
SYN-TNBC-0450,syn_1917,rad_onc_followup,2024-05-31,en,notes/SYN-TNBC-0450/rad_onc_followup/2024-05-31__syn_1917.txt
SYN-TNBC-0451,syn_1918,rad_onc_followup,2023-06-04,en,notes/SYN-TNBC-0451/rad_onc_followup/2023-06-04__syn_1918.txt
SYN-TNBC-0452,syn_1919,rad_onc_followup,2024-03-16,en,notes/SYN-TNBC-0452/rad_onc_followup/2024-03-16__syn_1919.txt
SYN-TNBC-0453,syn_1920,rad_onc_followup,2021-09-30,en,notes/SYN-TNBC-0453/rad_onc_followup/2021-09-30__syn_1920.txt
SYN-TNBC-0454,syn_1921,med_onc_note,2025-04-03,en,notes/SYN-TNBC-0454/med_onc_note/2025-04-03__syn_1921.txt
SYN-TNBC-0455,syn_1922,med_onc_note,2025-06-01,en,notes/SYN-TNBC-0455/med_onc_note/2025-06-01__syn_1922.txt
SYN-TNBC-0456,syn_1923,med_onc_note,2024-09-14,en,notes/SYN-TNBC-0456/med_onc_note/2024-09-14__syn_1923.txt
SYN-TNBC-0457,syn_1924,pathology_report,2021-04-19,en,notes/SYN-TNBC-0457/pathology_report/2021-04-19__syn_1924.txt
SYN-TNBC-0458,syn_1925,rad_onc_followup,2022-12-01,en,notes/SYN-TNBC-0458/rad_onc_followup/2022-12-01__syn_1925.txt
SYN-TNBC-0459,syn_1926,rad_onc_followup,2024-05-25,en,notes/SYN-TNBC-0459/rad_onc_followup/2024-05-25__syn_1926.txt
SYN-TNBC-0460,syn_1927,rad_onc_followup,2021-09-19,en,notes/SYN-TNBC-0460/rad_onc_followup/2021-09-19__syn_1927.txt
SYN-TNBC-0461,syn_1928,med_onc_note,2024-07-12,en,notes/SYN-TNBC-0461/med_onc_note/2024-07-12__syn_1928.txt
SYN-TNBC-0462,syn_1929,rad_onc_followup,2023-11-24,en,notes/SYN-TNBC-0462/rad_onc_followup/2023-11-24__syn_1929.txt
SYN-TNBC-0463,syn_1930,rad_onc_followup,2026-01-01,en,notes/SYN-TNBC-0463/rad_onc_followup/2026-01-01__syn_1930.txt
SYN-TNBC-0464,syn_1931,rad_onc_followup,2022-01-30,en,notes/SYN-TNBC-0464/rad_onc_followup/2022-01-30__syn_1931.txt
SYN-TNBC-0465,syn_1932,rad_onc_followup,2021-07-05,en,notes/SYN-TNBC-0465/rad_onc_followup/2021-07-05__syn_1932.txt
SYN-TNBC-0466,syn_1933,pathology_report,2021-02-27,en,notes/SYN-TNBC-0466/pathology_report/2021-02-27__syn_1933.txt
SYN-TNBC-0467,syn_1934,rad_onc_followup,2023-02-10,en,notes/SYN-TNBC-0467/rad_onc_followup/2023-02-10__syn_1934.txt
SYN-TNBC-0468,syn_1935,rad_onc_followup,2021-11-07,en,notes/SYN-TNBC-0468/rad_onc_followup/2021-11-07__syn_1935.txt
SYN-TNBC-0469,syn_1936,rad_onc_followup,2022-02-16,en,notes/SYN-TNBC-0469/rad_onc_followup/2022-02-16__syn_1936.txt
SYN-TNBC-0470,syn_1937,rad_onc_followup,2021-03-28,en,notes/SYN-TNBC-0470/rad_onc_followup/2021-03-28__syn_1937.txt
SYN-TNBC-0471,syn_1938,pathology_report,2021-08-29,en,notes/SYN-TNBC-0471/pathology_report/2021-08-29__syn_1938.txt
SYN-TNBC-0472,syn_1939,rad_onc_followup,2025-01-24,en,notes/SYN-TNBC-0472/rad_onc_followup/2025-01-24__syn_1939.txt
SYN-TNBC-0473,syn_1940,rad_onc_followup,2024-11-24,en,notes/SYN-TNBC-0473/rad_onc_followup/2024-11-24__syn_1940.txt
SYN-TNBC-0474,syn_1941,rad_onc_followup,2022-01-15,en,notes/SYN-TNBC-0474/rad_onc_followup/2022-01-15__syn_1941.txt
SYN-TNBC-0475,syn_1942,rad_onc_followup,2022-03-24,en,notes/SYN-TNBC-0475/rad_onc_followup/2022-03-24__syn_1942.txt
SYN-TNBC-0476,syn_1943,med_onc_note,2024-11-13,en,notes/SYN-TNBC-0476/med_onc_note/2024-11-13__syn_1943.txt
SYN-TNBC-0477,syn_1944,rad_onc_followup,2020-08-05,en,notes/SYN-TNBC-0477/rad_onc_followup/2020-08-05__syn_1944.txt
SYN-TNBC-0478,syn_1945,med_onc_note,2023-10-13,en,notes/SYN-TNBC-0478/med_onc_note/2023-10-13__syn_1945.txt
SYN-TNBC-0479,syn_1946,med_onc_note,2020-11-09,en,notes/SYN-TNBC-0479/med_onc_note/2020-11-09__syn_1946.txt
SYN-TNBC-0480,syn_1947,rad_onc_followup,2021-03-22,en,notes/SYN-TNBC-0480/rad_onc_followup/2021-03-22__syn_1947.txt
SYN-TNBC-0481,syn_1948,rad_onc_followup,2024-11-12,en,notes/SYN-TNBC-0481/rad_onc_followup/2024-11-12__syn_1948.txt
SYN-TNBC-0482,syn_1949,imaging_report,2022-09-19,en,notes/SYN-TNBC-0482/imaging_report/2022-09-19__syn_1949.txt
SYN-TNBC-0483,syn_1950,pathology_report,2023-06-14,en,notes/SYN-TNBC-0483/pathology_report/2023-06-14__syn_1950.txt
SYN-TNBC-0484,syn_1951,med_onc_note,2021-12-09,en,notes/SYN-TNBC-0484/med_onc_note/2021-12-09__syn_1951.txt
SYN-TNBC-0485,syn_1952,rad_onc_followup,2021-03-16,en,notes/SYN-TNBC-0485/rad_onc_followup/2021-03-16__syn_1952.txt
SYN-TNBC-0486,syn_1953,lab_report,2022-03-29,en,notes/SYN-TNBC-0486/lab_report/2022-03-29__syn_1953.txt
SYN-TNBC-0487,syn_1954,pathology_report,2025-04-28,en,notes/SYN-TNBC-0487/pathology_report/2025-04-28__syn_1954.txt
SYN-TNBC-0488,syn_1955,rad_onc_followup,2026-02-07,en,notes/SYN-TNBC-0488/rad_onc_followup/2026-02-07__syn_1955.txt
SYN-TNBC-0489,syn_1956,rad_onc_followup,2020-11-19,en,notes/SYN-TNBC-0489/rad_onc_followup/2020-11-19__syn_1956.txt
SYN-TNBC-0001,syn_1957,rad_onc_followup,2020-12-16,en,notes/SYN-TNBC-0001/rad_onc_followup/2020-12-16__syn_1957.txt
SYN-TNBC-0002,syn_1958,imaging_report,2023-02-21,en,notes/SYN-TNBC-0002/imaging_report/2023-02-21__syn_1958.txt
SYN-TNBC-0003,syn_1959,surgery_followup,2024-06-24,en,notes/SYN-TNBC-0003/surgery_followup/2024-06-24__syn_1959.txt
SYN-TNBC-0004,syn_1960,pathology_report,2025-01-08,en,notes/SYN-TNBC-0004/pathology_report/2025-01-08__syn_1960.txt
SYN-TNBC-0005,syn_1961,rad_onc_followup,2020-08-24,en,notes/SYN-TNBC-0005/rad_onc_followup/2020-08-24__syn_1961.txt
SYN-TNBC-0006,syn_1962,med_onc_note,2026-01-28,en,notes/SYN-TNBC-0006/med_onc_note/2026-01-28__syn_1962.txt
SYN-TNBC-0007,syn_1963,pathology_report,2023-05-02,en,notes/SYN-TNBC-0007/pathology_report/2023-05-02__syn_1963.txt
SYN-TNBC-0008,syn_1964,rad_onc_followup,2021-09-27,en,notes/SYN-TNBC-0008/rad_onc_followup/2021-09-27__syn_1964.txt
SYN-TNBC-0009,syn_1965,rad_onc_followup,2022-05-05,en,notes/SYN-TNBC-0009/rad_onc_followup/2022-05-05__syn_1965.txt
SYN-TNBC-0010,syn_1966,rad_onc_followup,2022-04-01,en,notes/SYN-TNBC-0010/rad_onc_followup/2022-04-01__syn_1966.txt
SYN-TNBC-0011,syn_1967,surgery_followup,2022-10-08,en,notes/SYN-TNBC-0011/surgery_followup/2022-10-08__syn_1967.txt
SYN-TNBC-0012,syn_1968,rad_onc_followup,2020-07-16,en,notes/SYN-TNBC-0012/rad_onc_followup/2020-07-16__syn_1968.txt
SYN-TNBC-0013,syn_1969,rad_onc_followup,2024-05-13,en,notes/SYN-TNBC-0013/rad_onc_followup/2024-05-13__syn_1969.txt
SYN-TNBC-0014,syn_1970,imaging_report,2025-10-26,en,notes/SYN-TNBC-0014/imaging_report/2025-10-26__syn_1970.txt
SYN-TNBC-0015,syn_1971,rad_onc_followup,2022-09-23,en,notes/SYN-TNBC-0015/rad_onc_followup/2022-09-23__syn_1971.txt
SYN-TNBC-0016,syn_1972,med_onc_note,2026-01-20,en,notes/SYN-TNBC-0016/med_onc_note/2026-01-20__syn_1972.txt
SYN-TNBC-0017,syn_1973,rad_onc_followup,2021-05-08,en,notes/SYN-TNBC-0017/rad_onc_followup/2021-05-08__syn_1973.txt
SYN-TNBC-0018,syn_1974,imaging_report,2020-08-30,en,notes/SYN-TNBC-0018/imaging_report/2020-08-30__syn_1974.txt
SYN-TNBC-0019,syn_1975,pathology_report,2026-04-23,en,notes/SYN-TNBC-0019/pathology_report/2026-04-23__syn_1975.txt
SYN-TNBC-0020,syn_1976,rad_onc_followup,2024-10-07,en,notes/SYN-TNBC-0020/rad_onc_followup/2024-10-07__syn_1976.txt
SYN-TNBC-0021,syn_1977,rad_onc_followup,2021-06-28,en,notes/SYN-TNBC-0021/rad_onc_followup/2021-06-28__syn_1977.txt
SYN-TNBC-0022,syn_1978,surgery_followup,2021-02-24,en,notes/SYN-TNBC-0022/surgery_followup/2021-02-24__syn_1978.txt
SYN-TNBC-0023,syn_1979,rad_onc_followup,2023-09-13,en,notes/SYN-TNBC-0023/rad_onc_followup/2023-09-13__syn_1979.txt
SYN-TNBC-0024,syn_1980,rad_onc_followup,2024-04-04,en,notes/SYN-TNBC-0024/rad_onc_followup/2024-04-04__syn_1980.txt
SYN-TNBC-0025,syn_1981,rad_onc_followup,2024-08-06,en,notes/SYN-TNBC-0025/rad_onc_followup/2024-08-06__syn_1981.txt
SYN-TNBC-0026,syn_1982,surgery_followup,2020-08-15,en,notes/SYN-TNBC-0026/surgery_followup/2020-08-15__syn_1982.txt
SYN-TNBC-0027,syn_1983,rad_onc_followup,2022-02-18,en,notes/SYN-TNBC-0027/rad_onc_followup/2022-02-18__syn_1983.txt
SYN-TNBC-0028,syn_1984,lab_report,2024-06-27,en,notes/SYN-TNBC-0028/lab_report/2024-06-27__syn_1984.txt
SYN-TNBC-0029,syn_1985,rad_onc_followup,2026-01-23,en,notes/SYN-TNBC-0029/rad_onc_followup/2026-01-23__syn_1985.txt
SYN-TNBC-0030,syn_1986,imaging_report,2024-12-17,en,notes/SYN-TNBC-0030/imaging_report/2024-12-17__syn_1986.txt
SYN-TNBC-0031,syn_1987,med_onc_note,2020-05-31,en,notes/SYN-TNBC-0031/med_onc_note/2020-05-31__syn_1987.txt
SYN-TNBC-0032,syn_1988,lab_report,2025-07-09,en,notes/SYN-TNBC-0032/lab_report/2025-07-09__syn_1988.txt
SYN-TNBC-0033,syn_1989,rad_onc_followup,2021-02-16,en,notes/SYN-TNBC-0033/rad_onc_followup/2021-02-16__syn_1989.txt
SYN-TNBC-0034,syn_1990,imaging_report,2024-01-16,en,notes/SYN-TNBC-0034/imaging_report/2024-01-16__syn_1990.txt
SYN-TNBC-0035,syn_1991,rad_onc_followup,2024-07-18,en,notes/SYN-TNBC-0035/rad_onc_followup/2024-07-18__syn_1991.txt
SYN-TNBC-0036,syn_1992,med_onc_note,2023-03-07,en,notes/SYN-TNBC-0036/med_onc_note/2023-03-07__syn_1992.txt
SYN-TNBC-0037,syn_1993,rad_onc_followup,2026-03-26,en,notes/SYN-TNBC-0037/rad_onc_followup/2026-03-26__syn_1993.txt
SYN-TNBC-0038,syn_1994,rad_onc_followup,2023-12-07,en,notes/SYN-TNBC-0038/rad_onc_followup/2023-12-07__syn_1994.txt
SYN-TNBC-0039,syn_1995,lab_report,2021-11-08,en,notes/SYN-TNBC-0039/lab_report/2021-11-08__syn_1995.txt
SYN-TNBC-0040,syn_1996,rad_onc_followup,2022-08-29,en,notes/SYN-TNBC-0040/rad_onc_followup/2022-08-29__syn_1996.txt
SYN-TNBC-0041,syn_1997,rad_onc_followup,2021-01-14,en,notes/SYN-TNBC-0041/rad_onc_followup/2021-01-14__syn_1997.txt
SYN-TNBC-0042,syn_1998,imaging_report,2022-03-29,en,notes/SYN-TNBC-0042/imaging_report/2022-03-29__syn_1998.txt
SYN-TNBC-0043,syn_1999,imaging_report,2024-03-30,en,notes/SYN-TNBC-0043/imaging_report/2024-03-30__syn_1999.txt
SYN-TNBC-0044,syn_2000,rad_onc_followup,2022-11-24,en,notes/SYN-TNBC-0044/rad_onc_followup/2022-11-24__syn_2000.txt
SYN-TNBC-0045,syn_2001,rad_onc_followup,2021-08-20,en,notes/SYN-TNBC-0045/rad_onc_followup/2021-08-20__syn_2001.txt
SYN-TNBC-0046,syn_2002,surgery_followup,2026-05-18,en,notes/SYN-TNBC-0046/surgery_followup/2026-05-18__syn_2002.txt
SYN-TNBC-0047,syn_2003,rad_onc_followup,2024-01-02,en,notes/SYN-TNBC-0047/rad_onc_followup/2024-01-02__syn_2003.txt
SYN-TNBC-0048,syn_2004,rad_onc_followup,2021-02-01,en,notes/SYN-TNBC-0048/rad_onc_followup/2021-02-01__syn_2004.txt
SYN-TNBC-0049,syn_2005,rad_onc_followup,2024-10-30,en,notes/SYN-TNBC-0049/rad_onc_followup/2024-10-30__syn_2005.txt
SYN-TNBC-0050,syn_2006,pathology_report,2022-04-15,en,notes/SYN-TNBC-0050/pathology_report/2022-04-15__syn_2006.txt
SYN-TNBC-0051,syn_2007,rad_onc_followup,2021-04-08,en,notes/SYN-TNBC-0051/rad_onc_followup/2021-04-08__syn_2007.txt
SYN-TNBC-0052,syn_2008,rad_onc_followup,2026-04-11,en,notes/SYN-TNBC-0052/rad_onc_followup/2026-04-11__syn_2008.txt
SYN-TNBC-0053,syn_2009,rad_onc_followup,2021-09-17,en,notes/SYN-TNBC-0053/rad_onc_followup/2021-09-17__syn_2009.txt
SYN-TNBC-0054,syn_2010,rad_onc_followup,2022-03-12,en,notes/SYN-TNBC-0054/rad_onc_followup/2022-03-12__syn_2010.txt
SYN-TNBC-0055,syn_2011,med_onc_note,2026-05-27,en,notes/SYN-TNBC-0055/med_onc_note/2026-05-27__syn_2011.txt
SYN-TNBC-0056,syn_2012,surgery_followup,2020-07-30,en,notes/SYN-TNBC-0056/surgery_followup/2020-07-30__syn_2012.txt
SYN-TNBC-0057,syn_2013,rad_onc_followup,2022-07-06,en,notes/SYN-TNBC-0057/rad_onc_followup/2022-07-06__syn_2013.txt
SYN-TNBC-0058,syn_2014,rad_onc_followup,2025-01-04,en,notes/SYN-TNBC-0058/rad_onc_followup/2025-01-04__syn_2014.txt
SYN-TNBC-0059,syn_2015,imaging_report,2022-10-28,en,notes/SYN-TNBC-0059/imaging_report/2022-10-28__syn_2015.txt
SYN-TNBC-0060,syn_2016,lab_report,2021-11-14,en,notes/SYN-TNBC-0060/lab_report/2021-11-14__syn_2016.txt
SYN-TNBC-0061,syn_2017,rad_onc_followup,2025-02-11,en,notes/SYN-TNBC-0061/rad_onc_followup/2025-02-11__syn_2017.txt
SYN-TNBC-0062,syn_2018,pathology_report,2021-09-17,en,notes/SYN-TNBC-0062/pathology_report/2021-09-17__syn_2018.txt
SYN-TNBC-0063,syn_2019,rad_onc_followup,2020-06-29,en,notes/SYN-TNBC-0063/rad_onc_followup/2020-06-29__syn_2019.txt
SYN-TNBC-0064,syn_2020,rad_onc_followup,2021-05-20,en,notes/SYN-TNBC-0064/rad_onc_followup/2021-05-20__syn_2020.txt
SYN-TNBC-0065,syn_2021,med_onc_note,2022-01-19,en,notes/SYN-TNBC-0065/med_onc_note/2022-01-19__syn_2021.txt
SYN-TNBC-0066,syn_2022,rad_onc_followup,2022-09-11,en,notes/SYN-TNBC-0066/rad_onc_followup/2022-09-11__syn_2022.txt
SYN-TNBC-0067,syn_2023,rad_onc_followup,2025-11-10,en,notes/SYN-TNBC-0067/rad_onc_followup/2025-11-10__syn_2023.txt
SYN-TNBC-0068,syn_2024,rad_onc_followup,2025-11-10,en,notes/SYN-TNBC-0068/rad_onc_followup/2025-11-10__syn_2024.txt
SYN-TNBC-0069,syn_2025,rad_onc_followup,2021-01-22,en,notes/SYN-TNBC-0069/rad_onc_followup/2021-01-22__syn_2025.txt
SYN-TNBC-0070,syn_2026,rad_onc_followup,2023-09-14,en,notes/SYN-TNBC-0070/rad_onc_followup/2023-09-14__syn_2026.txt
SYN-TNBC-0071,syn_2027,med_onc_note,2024-06-29,en,notes/SYN-TNBC-0071/med_onc_note/2024-06-29__syn_2027.txt
SYN-TNBC-0072,syn_2028,rad_onc_followup,2022-03-28,en,notes/SYN-TNBC-0072/rad_onc_followup/2022-03-28__syn_2028.txt
SYN-TNBC-0073,syn_2029,rad_onc_followup,2020-12-26,en,notes/SYN-TNBC-0073/rad_onc_followup/2020-12-26__syn_2029.txt
SYN-TNBC-0074,syn_2030,med_onc_note,2020-10-24,en,notes/SYN-TNBC-0074/med_onc_note/2020-10-24__syn_2030.txt
SYN-TNBC-0075,syn_2031,rad_onc_followup,2022-12-23,en,notes/SYN-TNBC-0075/rad_onc_followup/2022-12-23__syn_2031.txt
SYN-TNBC-0076,syn_2032,pathology_report,2025-12-01,en,notes/SYN-TNBC-0076/pathology_report/2025-12-01__syn_2032.txt
SYN-TNBC-0077,syn_2033,rad_onc_followup,2023-12-21,en,notes/SYN-TNBC-0077/rad_onc_followup/2023-12-21__syn_2033.txt
SYN-TNBC-0078,syn_2034,rad_onc_followup,2023-03-16,en,notes/SYN-TNBC-0078/rad_onc_followup/2023-03-16__syn_2034.txt
SYN-TNBC-0079,syn_2035,med_onc_note,2024-06-03,en,notes/SYN-TNBC-0079/med_onc_note/2024-06-03__syn_2035.txt
SYN-TNBC-0080,syn_2036,rad_onc_followup,2020-08-07,en,notes/SYN-TNBC-0080/rad_onc_followup/2020-08-07__syn_2036.txt
SYN-TNBC-0081,syn_2037,rad_onc_followup,2020-07-29,en,notes/SYN-TNBC-0081/rad_onc_followup/2020-07-29__syn_2037.txt
SYN-TNBC-0082,syn_2038,rad_onc_followup,2021-07-07,en,notes/SYN-TNBC-0082/rad_onc_followup/2021-07-07__syn_2038.txt
SYN-TNBC-0083,syn_2039,imaging_report,2022-03-15,en,notes/SYN-TNBC-0083/imaging_report/2022-03-15__syn_2039.txt
SYN-TNBC-0084,syn_2040,pathology_report,2025-06-14,en,notes/SYN-TNBC-0084/pathology_report/2025-06-14__syn_2040.txt
SYN-TNBC-0085,syn_2041,rad_onc_followup,2025-07-21,en,notes/SYN-TNBC-0085/rad_onc_followup/2025-07-21__syn_2041.txt
SYN-TNBC-0086,syn_2042,rad_onc_followup,2024-04-06,en,notes/SYN-TNBC-0086/rad_onc_followup/2024-04-06__syn_2042.txt
SYN-TNBC-0087,syn_2043,rad_onc_followup,2023-04-14,en,notes/SYN-TNBC-0087/rad_onc_followup/2023-04-14__syn_2043.txt
SYN-TNBC-0088,syn_2044,rad_onc_followup,2024-02-06,en,notes/SYN-TNBC-0088/rad_onc_followup/2024-02-06__syn_2044.txt
SYN-TNBC-0089,syn_2045,rad_onc_followup,2024-07-06,en,notes/SYN-TNBC-0089/rad_onc_followup/2024-07-06__syn_2045.txt
SYN-TNBC-0090,syn_2046,rad_onc_followup,2021-11-12,en,notes/SYN-TNBC-0090/rad_onc_followup/2021-11-12__syn_2046.txt
SYN-TNBC-0091,syn_2047,surgery_followup,2021-06-28,en,notes/SYN-TNBC-0091/surgery_followup/2021-06-28__syn_2047.txt
SYN-TNBC-0092,syn_2048,rad_onc_followup,2021-07-19,en,notes/SYN-TNBC-0092/rad_onc_followup/2021-07-19__syn_2048.txt
SYN-TNBC-0093,syn_2049,rad_onc_followup,2025-09-02,en,notes/SYN-TNBC-0093/rad_onc_followup/2025-09-02__syn_2049.txt
SYN-TNBC-0094,syn_2050,pathology_report,2022-04-06,en,notes/SYN-TNBC-0094/pathology_report/2022-04-06__syn_2050.txt
SYN-TNBC-0095,syn_2051,imaging_report,2020-09-23,en,notes/SYN-TNBC-0095/imaging_report/2020-09-23__syn_2051.txt
SYN-TNBC-0096,syn_2052,rad_onc_followup,2023-07-04,en,notes/SYN-TNBC-0096/rad_onc_followup/2023-07-04__syn_2052.txt
SYN-TNBC-0097,syn_2053,rad_onc_followup,2020-12-13,en,notes/SYN-TNBC-0097/rad_onc_followup/2020-12-13__syn_2053.txt
SYN-TNBC-0098,syn_2054,med_onc_note,2021-04-24,en,notes/SYN-TNBC-0098/med_onc_note/2021-04-24__syn_2054.txt
SYN-TNBC-0099,syn_2055,rad_onc_followup,2023-12-07,en,notes/SYN-TNBC-0099/rad_onc_followup/2023-12-07__syn_2055.txt
SYN-TNBC-0100,syn_2056,rad_onc_followup,2025-09-19,en,notes/SYN-TNBC-0100/rad_onc_followup/2025-09-19__syn_2056.txt
SYN-TNBC-0101,syn_2057,imaging_report,2024-02-17,en,notes/SYN-TNBC-0101/imaging_report/2024-02-17__syn_2057.txt
SYN-TNBC-0102,syn_2058,rad_onc_followup,2023-12-30,en,notes/SYN-TNBC-0102/rad_onc_followup/2023-12-30__syn_2058.txt
SYN-TNBC-0103,syn_2059,imaging_report,2023-10-26,en,notes/SYN-TNBC-0103/imaging_report/2023-10-26__syn_2059.txt
SYN-TNBC-0104,syn_2060,rad_onc_followup,2025-09-23,en,notes/SYN-TNBC-0104/rad_onc_followup/2025-09-23__syn_2060.txt
SYN-TNBC-0105,syn_2061,surgery_followup,2025-09-27,en,notes/SYN-TNBC-0105/surgery_followup/2025-09-27__syn_2061.txt
SYN-TNBC-0106,syn_2062,rad_onc_followup,2020-10-24,en,notes/SYN-TNBC-0106/rad_onc_followup/2020-10-24__syn_2062.txt
SYN-TNBC-0107,syn_2063,rad_onc_followup,2023-10-23,en,notes/SYN-TNBC-0107/rad_onc_followup/2023-10-23__syn_2063.txt
SYN-TNBC-0108,syn_2064,med_onc_note,2022-08-24,en,notes/SYN-TNBC-0108/med_onc_note/2022-08-24__syn_2064.txt
SYN-TNBC-0109,syn_2065,rad_onc_followup,2023-06-19,en,notes/SYN-TNBC-0109/rad_onc_followup/2023-06-19__syn_2065.txt
SYN-TNBC-0110,syn_2066,rad_onc_followup,2023-06-14,en,notes/SYN-TNBC-0110/rad_onc_followup/2023-06-14__syn_2066.txt
SYN-TNBC-0111,syn_2067,rad_onc_followup,2023-08-22,en,notes/SYN-TNBC-0111/rad_onc_followup/2023-08-22__syn_2067.txt
SYN-TNBC-0112,syn_2068,rad_onc_followup,2021-10-12,en,notes/SYN-TNBC-0112/rad_onc_followup/2021-10-12__syn_2068.txt
SYN-TNBC-0113,syn_2069,imaging_report,2021-03-29,en,notes/SYN-TNBC-0113/imaging_report/2021-03-29__syn_2069.txt
SYN-TNBC-0114,syn_2070,rad_onc_followup,2025-07-04,en,notes/SYN-TNBC-0114/rad_onc_followup/2025-07-04__syn_2070.txt
SYN-TNBC-0115,syn_2071,med_onc_note,2023-12-02,en,notes/SYN-TNBC-0115/med_onc_note/2023-12-02__syn_2071.txt
SYN-TNBC-0116,syn_2072,rad_onc_followup,2022-01-21,en,notes/SYN-TNBC-0116/rad_onc_followup/2022-01-21__syn_2072.txt
SYN-TNBC-0117,syn_2073,rad_onc_followup,2025-01-15,en,notes/SYN-TNBC-0117/rad_onc_followup/2025-01-15__syn_2073.txt
SYN-TNBC-0118,syn_2074,med_onc_note,2026-05-09,en,notes/SYN-TNBC-0118/med_onc_note/2026-05-09__syn_2074.txt
SYN-TNBC-0119,syn_2075,imaging_report,2021-12-25,en,notes/SYN-TNBC-0119/imaging_report/2021-12-25__syn_2075.txt
SYN-TNBC-0120,syn_2076,pathology_report,2020-11-09,en,notes/SYN-TNBC-0120/pathology_report/2020-11-09__syn_2076.txt
SYN-TNBC-0121,syn_2077,med_onc_note,2023-12-19,en,notes/SYN-TNBC-0121/med_onc_note/2023-12-19__syn_2077.txt
SYN-TNBC-0122,syn_2078,imaging_report,2021-10-12,en,notes/SYN-TNBC-0122/imaging_report/2021-10-12__syn_2078.txt
SYN-TNBC-0123,syn_2079,med_onc_note,2023-09-11,en,notes/SYN-TNBC-0123/med_onc_note/2023-09-11__syn_2079.txt
SYN-TNBC-0124,syn_2080,rad_onc_followup,2024-04-04,en,notes/SYN-TNBC-0124/rad_onc_followup/2024-04-04__syn_2080.txt
SYN-TNBC-0125,syn_2081,med_onc_note,2023-03-11,en,notes/SYN-TNBC-0125/med_onc_note/2023-03-11__syn_2081.txt
SYN-TNBC-0126,syn_2082,rad_onc_followup,2025-05-03,en,notes/SYN-TNBC-0126/rad_onc_followup/2025-05-03__syn_2082.txt
SYN-TNBC-0127,syn_2083,med_onc_note,2022-03-05,en,notes/SYN-TNBC-0127/med_onc_note/2022-03-05__syn_2083.txt
SYN-TNBC-0128,syn_2084,rad_onc_followup,2024-05-17,en,notes/SYN-TNBC-0128/rad_onc_followup/2024-05-17__syn_2084.txt
SYN-TNBC-0129,syn_2085,rad_onc_followup,2022-04-16,en,notes/SYN-TNBC-0129/rad_onc_followup/2022-04-16__syn_2085.txt
SYN-TNBC-0130,syn_2086,rad_onc_followup,2022-02-14,en,notes/SYN-TNBC-0130/rad_onc_followup/2022-02-14__syn_2086.txt
SYN-TNBC-0131,syn_2087,rad_onc_followup,2022-07-05,en,notes/SYN-TNBC-0131/rad_onc_followup/2022-07-05__syn_2087.txt
SYN-TNBC-0132,syn_2088,rad_onc_followup,2023-10-30,en,notes/SYN-TNBC-0132/rad_onc_followup/2023-10-30__syn_2088.txt
SYN-TNBC-0133,syn_2089,lab_report,2020-06-16,en,notes/SYN-TNBC-0133/lab_report/2020-06-16__syn_2089.txt
SYN-TNBC-0134,syn_2090,rad_onc_followup,2023-07-05,en,notes/SYN-TNBC-0134/rad_onc_followup/2023-07-05__syn_2090.txt
SYN-TNBC-0135,syn_2091,med_onc_note,2023-01-30,en,notes/SYN-TNBC-0135/med_onc_note/2023-01-30__syn_2091.txt
SYN-TNBC-0136,syn_2092,med_onc_note,2025-09-02,en,notes/SYN-TNBC-0136/med_onc_note/2025-09-02__syn_2092.txt
SYN-TNBC-0137,syn_2093,rad_onc_followup,2024-05-20,en,notes/SYN-TNBC-0137/rad_onc_followup/2024-05-20__syn_2093.txt
SYN-TNBC-0138,syn_2094,pathology_report,2021-08-22,en,notes/SYN-TNBC-0138/pathology_report/2021-08-22__syn_2094.txt
SYN-TNBC-0139,syn_2095,rad_onc_followup,2020-11-23,en,notes/SYN-TNBC-0139/rad_onc_followup/2020-11-23__syn_2095.txt
SYN-TNBC-0140,syn_2096,rad_onc_followup,2021-02-04,en,notes/SYN-TNBC-0140/rad_onc_followup/2021-02-04__syn_2096.txt
SYN-TNBC-0141,syn_2097,rad_onc_followup,2024-07-06,en,notes/SYN-TNBC-0141/rad_onc_followup/2024-07-06__syn_2097.txt
SYN-TNBC-0142,syn_2098,imaging_report,2023-07-22,en,notes/SYN-TNBC-0142/imaging_report/2023-07-22__syn_2098.txt
SYN-TNBC-0143,syn_2099,med_onc_note,2026-01-20,en,notes/SYN-TNBC-0143/med_onc_note/2026-01-20__syn_2099.txt
SYN-TNBC-0144,syn_2100,surgery_followup,2023-05-16,en,notes/SYN-TNBC-0144/surgery_followup/2023-05-16__syn_2100.txt
SYN-TNBC-0145,syn_2101,imaging_report,2022-02-10,en,notes/SYN-TNBC-0145/imaging_report/2022-02-10__syn_2101.txt
SYN-TNBC-0146,syn_2102,imaging_report,2023-08-04,en,notes/SYN-TNBC-0146/imaging_report/2023-08-04__syn_2102.txt
SYN-TNBC-0147,syn_2103,rad_onc_followup,2026-01-03,en,notes/SYN-TNBC-0147/rad_onc_followup/2026-01-03__syn_2103.txt
SYN-TNBC-0148,syn_2104,rad_onc_followup,2021-08-19,en,notes/SYN-TNBC-0148/rad_onc_followup/2021-08-19__syn_2104.txt
SYN-TNBC-0149,syn_2105,rad_onc_followup,2024-12-14,en,notes/SYN-TNBC-0149/rad_onc_followup/2024-12-14__syn_2105.txt
SYN-TNBC-0150,syn_2106,rad_onc_followup,2021-05-31,en,notes/SYN-TNBC-0150/rad_onc_followup/2021-05-31__syn_2106.txt
SYN-TNBC-0151,syn_2107,rad_onc_followup,2025-02-07,en,notes/SYN-TNBC-0151/rad_onc_followup/2025-02-07__syn_2107.txt
SYN-TNBC-0152,syn_2108,rad_onc_followup,2021-10-08,en,notes/SYN-TNBC-0152/rad_onc_followup/2021-10-08__syn_2108.txt
SYN-TNBC-0153,syn_2109,rad_onc_followup,2020-12-29,en,notes/SYN-TNBC-0153/rad_onc_followup/2020-12-29__syn_2109.txt
SYN-TNBC-0154,syn_2110,med_onc_note,2020-05-25,en,notes/SYN-TNBC-0154/med_onc_note/2020-05-25__syn_2110.txt
SYN-TNBC-0155,syn_2111,rad_onc_followup,2022-02-06,en,notes/SYN-TNBC-0155/rad_onc_followup/2022-02-06__syn_2111.txt
SYN-TNBC-0156,syn_2112,rad_onc_followup,2024-11-11,en,notes/SYN-TNBC-0156/rad_onc_followup/2024-11-11__syn_2112.txt
SYN-TNBC-0157,syn_2113,med_onc_note,2024-09-18,en,notes/SYN-TNBC-0157/med_onc_note/2024-09-18__syn_2113.txt
SYN-TNBC-0158,syn_2114,rad_onc_followup,2021-10-05,en,notes/SYN-TNBC-0158/rad_onc_followup/2021-10-05__syn_2114.txt
SYN-TNBC-0159,syn_2115,surgery_followup,2023-02-01,en,notes/SYN-TNBC-0159/surgery_followup/2023-02-01__syn_2115.txt
SYN-TNBC-0160,syn_2116,pathology_report,2024-04-24,en,notes/SYN-TNBC-0160/pathology_report/2024-04-24__syn_2116.txt
SYN-TNBC-0161,syn_2117,pathology_report,2021-08-31,en,notes/SYN-TNBC-0161/pathology_report/2021-08-31__syn_2117.txt
SYN-TNBC-0162,syn_2118,rad_onc_followup,2024-08-16,en,notes/SYN-TNBC-0162/rad_onc_followup/2024-08-16__syn_2118.txt
SYN-TNBC-0163,syn_2119,pathology_report,2023-01-29,en,notes/SYN-TNBC-0163/pathology_report/2023-01-29__syn_2119.txt
SYN-TNBC-0164,syn_2120,rad_onc_followup,2022-09-22,en,notes/SYN-TNBC-0164/rad_onc_followup/2022-09-22__syn_2120.txt
SYN-TNBC-0165,syn_2121,rad_onc_followup,2022-08-29,en,notes/SYN-TNBC-0165/rad_onc_followup/2022-08-29__syn_2121.txt
SYN-TNBC-0166,syn_2122,med_onc_note,2020-08-01,en,notes/SYN-TNBC-0166/med_onc_note/2020-08-01__syn_2122.txt
SYN-TNBC-0167,syn_2123,rad_onc_followup,2021-08-09,en,notes/SYN-TNBC-0167/rad_onc_followup/2021-08-09__syn_2123.txt
SYN-TNBC-0168,syn_2124,med_onc_note,2021-07-04,en,notes/SYN-TNBC-0168/med_onc_note/2021-07-04__syn_2124.txt
SYN-TNBC-0169,syn_2125,rad_onc_followup,2025-06-18,en,notes/SYN-TNBC-0169/rad_onc_followup/2025-06-18__syn_2125.txt
SYN-TNBC-0170,syn_2126,rad_onc_followup,2023-08-27,en,notes/SYN-TNBC-0170/rad_onc_followup/2023-08-27__syn_2126.txt
SYN-TNBC-0171,syn_2127,med_onc_note,2023-07-21,en,notes/SYN-TNBC-0171/med_onc_note/2023-07-21__syn_2127.txt
SYN-TNBC-0172,syn_2128,rad_onc_followup,2021-04-28,en,notes/SYN-TNBC-0172/rad_onc_followup/2021-04-28__syn_2128.txt
SYN-TNBC-0173,syn_2129,rad_onc_followup,2023-05-20,en,notes/SYN-TNBC-0173/rad_onc_followup/2023-05-20__syn_2129.txt
SYN-TNBC-0174,syn_2130,med_onc_note,2025-09-04,en,notes/SYN-TNBC-0174/med_onc_note/2025-09-04__syn_2130.txt
SYN-TNBC-0175,syn_2131,rad_onc_followup,2021-05-25,en,notes/SYN-TNBC-0175/rad_onc_followup/2021-05-25__syn_2131.txt
SYN-TNBC-0176,syn_2132,rad_onc_followup,2025-12-02,en,notes/SYN-TNBC-0176/rad_onc_followup/2025-12-02__syn_2132.txt
SYN-TNBC-0177,syn_2133,surgery_followup,2022-11-04,en,notes/SYN-TNBC-0177/surgery_followup/2022-11-04__syn_2133.txt
SYN-TNBC-0178,syn_2134,rad_onc_followup,2024-09-25,en,notes/SYN-TNBC-0178/rad_onc_followup/2024-09-25__syn_2134.txt
SYN-TNBC-0179,syn_2135,rad_onc_followup,2023-05-15,en,notes/SYN-TNBC-0179/rad_onc_followup/2023-05-15__syn_2135.txt
SYN-TNBC-0180,syn_2136,rad_onc_followup,2023-01-09,en,notes/SYN-TNBC-0180/rad_onc_followup/2023-01-09__syn_2136.txt
SYN-TNBC-0181,syn_2137,rad_onc_followup,2024-03-13,en,notes/SYN-TNBC-0181/rad_onc_followup/2024-03-13__syn_2137.txt
SYN-TNBC-0182,syn_2138,rad_onc_followup,2024-11-02,en,notes/SYN-TNBC-0182/rad_onc_followup/2024-11-02__syn_2138.txt
SYN-TNBC-0183,syn_2139,rad_onc_followup,2024-04-14,en,notes/SYN-TNBC-0183/rad_onc_followup/2024-04-14__syn_2139.txt
SYN-TNBC-0184,syn_2140,pathology_report,2025-07-30,en,notes/SYN-TNBC-0184/pathology_report/2025-07-30__syn_2140.txt
SYN-TNBC-0185,syn_2141,rad_onc_followup,2022-05-05,en,notes/SYN-TNBC-0185/rad_onc_followup/2022-05-05__syn_2141.txt
SYN-TNBC-0186,syn_2142,rad_onc_followup,2023-09-03,en,notes/SYN-TNBC-0186/rad_onc_followup/2023-09-03__syn_2142.txt
SYN-TNBC-0187,syn_2143,med_onc_note,2020-10-06,en,notes/SYN-TNBC-0187/med_onc_note/2020-10-06__syn_2143.txt
SYN-TNBC-0188,syn_2144,pathology_report,2022-12-03,en,notes/SYN-TNBC-0188/pathology_report/2022-12-03__syn_2144.txt
SYN-TNBC-0189,syn_2145,imaging_report,2025-02-12,en,notes/SYN-TNBC-0189/imaging_report/2025-02-12__syn_2145.txt
SYN-TNBC-0190,syn_2146,med_onc_note,2024-04-18,en,notes/SYN-TNBC-0190/med_onc_note/2024-04-18__syn_2146.txt
SYN-TNBC-0191,syn_2147,imaging_report,2022-06-12,en,notes/SYN-TNBC-0191/imaging_report/2022-06-12__syn_2147.txt
SYN-TNBC-0192,syn_2148,rad_onc_followup,2024-05-28,en,notes/SYN-TNBC-0192/rad_onc_followup/2024-05-28__syn_2148.txt
SYN-TNBC-0193,syn_2149,med_onc_note,2022-09-25,en,notes/SYN-TNBC-0193/med_onc_note/2022-09-25__syn_2149.txt
SYN-TNBC-0194,syn_2150,rad_onc_followup,2025-07-29,en,notes/SYN-TNBC-0194/rad_onc_followup/2025-07-29__syn_2150.txt
SYN-TNBC-0195,syn_2151,imaging_report,2020-09-04,en,notes/SYN-TNBC-0195/imaging_report/2020-09-04__syn_2151.txt
SYN-TNBC-0196,syn_2152,rad_onc_followup,2021-02-19,en,notes/SYN-TNBC-0196/rad_onc_followup/2021-02-19__syn_2152.txt
SYN-TNBC-0197,syn_2153,rad_onc_followup,2022-11-15,en,notes/SYN-TNBC-0197/rad_onc_followup/2022-11-15__syn_2153.txt
SYN-TNBC-0198,syn_2154,lab_report,2024-05-18,en,notes/SYN-TNBC-0198/lab_report/2024-05-18__syn_2154.txt
SYN-TNBC-0199,syn_2155,imaging_report,2020-12-17,en,notes/SYN-TNBC-0199/imaging_report/2020-12-17__syn_2155.txt
SYN-TNBC-0200,syn_2156,med_onc_note,2024-03-01,en,notes/SYN-TNBC-0200/med_onc_note/2024-03-01__syn_2156.txt
SYN-TNBC-0201,syn_2157,med_onc_note,2023-04-05,en,notes/SYN-TNBC-0201/med_onc_note/2023-04-05__syn_2157.txt
SYN-TNBC-0202,syn_2158,surgery_followup,2021-03-17,en,notes/SYN-TNBC-0202/surgery_followup/2021-03-17__syn_2158.txt
SYN-TNBC-0203,syn_2159,med_onc_note,2026-03-16,en,notes/SYN-TNBC-0203/med_onc_note/2026-03-16__syn_2159.txt
SYN-TNBC-0204,syn_2160,pathology_report,2025-01-02,en,notes/SYN-TNBC-0204/pathology_report/2025-01-02__syn_2160.txt
SYN-TNBC-0205,syn_2161,rad_onc_followup,2023-08-12,en,notes/SYN-TNBC-0205/rad_onc_followup/2023-08-12__syn_2161.txt
SYN-TNBC-0206,syn_2162,rad_onc_followup,2025-05-16,en,notes/SYN-TNBC-0206/rad_onc_followup/2025-05-16__syn_2162.txt
SYN-TNBC-0207,syn_2163,surgery_followup,2024-09-10,en,notes/SYN-TNBC-0207/surgery_followup/2024-09-10__syn_2163.txt
SYN-TNBC-0208,syn_2164,imaging_report,2025-06-20,en,notes/SYN-TNBC-0208/imaging_report/2025-06-20__syn_2164.txt
SYN-TNBC-0209,syn_2165,imaging_report,2025-03-04,en,notes/SYN-TNBC-0209/imaging_report/2025-03-04__syn_2165.txt
SYN-TNBC-0210,syn_2166,rad_onc_followup,2023-02-14,en,notes/SYN-TNBC-0210/rad_onc_followup/2023-02-14__syn_2166.txt
SYN-TNBC-0211,syn_2167,rad_onc_followup,2020-08-13,en,notes/SYN-TNBC-0211/rad_onc_followup/2020-08-13__syn_2167.txt
SYN-TNBC-0212,syn_2168,rad_onc_followup,2026-04-28,en,notes/SYN-TNBC-0212/rad_onc_followup/2026-04-28__syn_2168.txt
SYN-TNBC-0213,syn_2169,rad_onc_followup,2023-06-12,en,notes/SYN-TNBC-0213/rad_onc_followup/2023-06-12__syn_2169.txt
SYN-TNBC-0214,syn_2170,rad_onc_followup,2025-05-20,en,notes/SYN-TNBC-0214/rad_onc_followup/2025-05-20__syn_2170.txt
SYN-TNBC-0215,syn_2171,rad_onc_followup,2025-04-08,en,notes/SYN-TNBC-0215/rad_onc_followup/2025-04-08__syn_2171.txt
SYN-TNBC-0216,syn_2172,rad_onc_followup,2023-05-30,en,notes/SYN-TNBC-0216/rad_onc_followup/2023-05-30__syn_2172.txt
SYN-TNBC-0217,syn_2173,med_onc_note,2024-06-27,en,notes/SYN-TNBC-0217/med_onc_note/2024-06-27__syn_2173.txt
SYN-TNBC-0218,syn_2174,rad_onc_followup,2025-10-23,en,notes/SYN-TNBC-0218/rad_onc_followup/2025-10-23__syn_2174.txt
SYN-TNBC-0219,syn_2175,pathology_report,2025-12-05,en,notes/SYN-TNBC-0219/pathology_report/2025-12-05__syn_2175.txt
SYN-TNBC-0220,syn_2176,lab_report,2021-08-09,en,notes/SYN-TNBC-0220/lab_report/2021-08-09__syn_2176.txt
SYN-TNBC-0221,syn_2177,pathology_report,2022-01-21,en,notes/SYN-TNBC-0221/pathology_report/2022-01-21__syn_2177.txt
SYN-TNBC-0222,syn_2178,imaging_report,2021-04-23,en,notes/SYN-TNBC-0222/imaging_report/2021-04-23__syn_2178.txt
SYN-TNBC-0223,syn_2179,pathology_report,2021-10-15,en,notes/SYN-TNBC-0223/pathology_report/2021-10-15__syn_2179.txt
SYN-TNBC-0224,syn_2180,rad_onc_followup,2020-11-23,en,notes/SYN-TNBC-0224/rad_onc_followup/2020-11-23__syn_2180.txt
SYN-TNBC-0225,syn_2181,surgery_followup,2025-12-02,en,notes/SYN-TNBC-0225/surgery_followup/2025-12-02__syn_2181.txt
SYN-TNBC-0226,syn_2182,surgery_followup,2021-12-25,en,notes/SYN-TNBC-0226/surgery_followup/2021-12-25__syn_2182.txt
SYN-TNBC-0227,syn_2183,rad_onc_followup,2023-11-23,en,notes/SYN-TNBC-0227/rad_onc_followup/2023-11-23__syn_2183.txt
SYN-TNBC-0228,syn_2184,rad_onc_followup,2026-06-13,en,notes/SYN-TNBC-0228/rad_onc_followup/2026-06-13__syn_2184.txt
SYN-TNBC-0229,syn_2185,rad_onc_followup,2024-08-17,en,notes/SYN-TNBC-0229/rad_onc_followup/2024-08-17__syn_2185.txt
SYN-TNBC-0230,syn_2186,rad_onc_followup,2021-01-17,en,notes/SYN-TNBC-0230/rad_onc_followup/2021-01-17__syn_2186.txt
SYN-TNBC-0231,syn_2187,imaging_report,2025-12-04,en,notes/SYN-TNBC-0231/imaging_report/2025-12-04__syn_2187.txt
SYN-TNBC-0232,syn_2188,med_onc_note,2021-01-19,en,notes/SYN-TNBC-0232/med_onc_note/2021-01-19__syn_2188.txt
SYN-TNBC-0233,syn_2189,rad_onc_followup,2022-11-02,en,notes/SYN-TNBC-0233/rad_onc_followup/2022-11-02__syn_2189.txt
SYN-TNBC-0234,syn_2190,med_onc_note,2022-04-03,en,notes/SYN-TNBC-0234/med_onc_note/2022-04-03__syn_2190.txt
SYN-TNBC-0235,syn_2191,imaging_report,2025-07-08,en,notes/SYN-TNBC-0235/imaging_report/2025-07-08__syn_2191.txt
SYN-TNBC-0236,syn_2192,rad_onc_followup,2021-01-31,en,notes/SYN-TNBC-0236/rad_onc_followup/2021-01-31__syn_2192.txt
SYN-TNBC-0237,syn_2193,rad_onc_followup,2025-10-01,en,notes/SYN-TNBC-0237/rad_onc_followup/2025-10-01__syn_2193.txt
SYN-TNBC-0238,syn_2194,rad_onc_followup,2024-03-22,en,notes/SYN-TNBC-0238/rad_onc_followup/2024-03-22__syn_2194.txt
SYN-TNBC-0239,syn_2195,surgery_followup,2022-11-06,en,notes/SYN-TNBC-0239/surgery_followup/2022-11-06__syn_2195.txt
SYN-TNBC-0240,syn_2196,rad_onc_followup,2026-02-22,en,notes/SYN-TNBC-0240/rad_onc_followup/2026-02-22__syn_2196.txt
SYN-TNBC-0241,syn_2197,med_onc_note,2026-03-24,en,notes/SYN-TNBC-0241/med_onc_note/2026-03-24__syn_2197.txt
SYN-TNBC-0242,syn_2198,surgery_followup,2023-02-19,en,notes/SYN-TNBC-0242/surgery_followup/2023-02-19__syn_2198.txt
SYN-TNBC-0243,syn_2199,med_onc_note,2022-10-28,en,notes/SYN-TNBC-0243/med_onc_note/2022-10-28__syn_2199.txt
SYN-TNBC-0244,syn_2200,med_onc_note,2022-10-01,en,notes/SYN-TNBC-0244/med_onc_note/2022-10-01__syn_2200.txt
SYN-TNBC-0245,syn_2201,med_onc_note,2023-03-14,en,notes/SYN-TNBC-0245/med_onc_note/2023-03-14__syn_2201.txt
SYN-TNBC-0246,syn_2202,med_onc_note,2026-04-10,en,notes/SYN-TNBC-0246/med_onc_note/2026-04-10__syn_2202.txt
SYN-TNBC-0247,syn_2203,med_onc_note,2025-09-08,en,notes/SYN-TNBC-0247/med_onc_note/2025-09-08__syn_2203.txt
SYN-TNBC-0248,syn_2204,lab_report,2021-12-06,en,notes/SYN-TNBC-0248/lab_report/2021-12-06__syn_2204.txt
SYN-TNBC-0249,syn_2205,imaging_report,2023-05-29,en,notes/SYN-TNBC-0249/imaging_report/2023-05-29__syn_2205.txt
SYN-TNBC-0250,syn_2206,rad_onc_followup,2022-10-02,en,notes/SYN-TNBC-0250/rad_onc_followup/2022-10-02__syn_2206.txt
SYN-TNBC-0251,syn_2207,med_onc_note,2025-10-18,en,notes/SYN-TNBC-0251/med_onc_note/2025-10-18__syn_2207.txt
SYN-TNBC-0252,syn_2208,rad_onc_followup,2024-08-26,en,notes/SYN-TNBC-0252/rad_onc_followup/2024-08-26__syn_2208.txt
SYN-TNBC-0253,syn_2209,imaging_report,2023-05-29,en,notes/SYN-TNBC-0253/imaging_report/2023-05-29__syn_2209.txt
SYN-TNBC-0254,syn_2210,pathology_report,2024-02-21,en,notes/SYN-TNBC-0254/pathology_report/2024-02-21__syn_2210.txt
SYN-TNBC-0255,syn_2211,imaging_report,2023-09-21,en,notes/SYN-TNBC-0255/imaging_report/2023-09-21__syn_2211.txt
SYN-TNBC-0256,syn_2212,rad_onc_followup,2024-02-04,en,notes/SYN-TNBC-0256/rad_onc_followup/2024-02-04__syn_2212.txt
SYN-TNBC-0257,syn_2213,rad_onc_followup,2021-07-10,en,notes/SYN-TNBC-0257/rad_onc_followup/2021-07-10__syn_2213.txt
SYN-TNBC-0258,syn_2214,med_onc_note,2020-07-16,en,notes/SYN-TNBC-0258/med_onc_note/2020-07-16__syn_2214.txt
SYN-TNBC-0259,syn_2215,surgery_followup,2021-07-28,en,notes/SYN-TNBC-0259/surgery_followup/2021-07-28__syn_2215.txt
SYN-TNBC-0260,syn_2216,rad_onc_followup,2024-05-17,en,notes/SYN-TNBC-0260/rad_onc_followup/2024-05-17__syn_2216.txt
SYN-TNBC-0261,syn_2217,rad_onc_followup,2022-11-05,en,notes/SYN-TNBC-0261/rad_onc_followup/2022-11-05__syn_2217.txt
SYN-TNBC-0262,syn_2218,med_onc_note,2024-10-22,en,notes/SYN-TNBC-0262/med_onc_note/2024-10-22__syn_2218.txt
SYN-TNBC-0263,syn_2219,med_onc_note,2025-01-18,en,notes/SYN-TNBC-0263/med_onc_note/2025-01-18__syn_2219.txt
SYN-TNBC-0264,syn_2220,rad_onc_followup,2023-11-08,en,notes/SYN-TNBC-0264/rad_onc_followup/2023-11-08__syn_2220.txt
SYN-TNBC-0265,syn_2221,rad_onc_followup,2025-04-15,en,notes/SYN-TNBC-0265/rad_onc_followup/2025-04-15__syn_2221.txt
SYN-TNBC-0266,syn_2222,rad_onc_followup,2021-12-30,en,notes/SYN-TNBC-0266/rad_onc_followup/2021-12-30__syn_2222.txt
SYN-TNBC-0267,syn_2223,med_onc_note,2021-08-15,en,notes/SYN-TNBC-0267/med_onc_note/2021-08-15__syn_2223.txt
SYN-TNBC-0268,syn_2224,med_onc_note,2024-03-04,en,notes/SYN-TNBC-0268/med_onc_note/2024-03-04__syn_2224.txt
SYN-TNBC-0269,syn_2225,rad_onc_followup,2021-07-23,en,notes/SYN-TNBC-0269/rad_onc_followup/2021-07-23__syn_2225.txt
SYN-TNBC-0270,syn_2226,rad_onc_followup,2022-05-10,en,notes/SYN-TNBC-0270/rad_onc_followup/2022-05-10__syn_2226.txt
SYN-TNBC-0271,syn_2227,med_onc_note,2022-10-01,en,notes/SYN-TNBC-0271/med_onc_note/2022-10-01__syn_2227.txt
SYN-TNBC-0272,syn_2228,rad_onc_followup,2022-11-04,en,notes/SYN-TNBC-0272/rad_onc_followup/2022-11-04__syn_2228.txt
SYN-TNBC-0273,syn_2229,rad_onc_followup,2024-03-28,en,notes/SYN-TNBC-0273/rad_onc_followup/2024-03-28__syn_2229.txt
SYN-TNBC-0274,syn_2230,med_onc_note,2026-05-28,en,notes/SYN-TNBC-0274/med_onc_note/2026-05-28__syn_2230.txt
SYN-TNBC-0275,syn_2231,med_onc_note,2022-10-29,en,notes/SYN-TNBC-0275/med_onc_note/2022-10-29__syn_2231.txt
SYN-TNBC-0276,syn_2232,rad_onc_followup,2022-01-05,en,notes/SYN-TNBC-0276/rad_onc_followup/2022-01-05__syn_2232.txt
SYN-TNBC-0277,syn_2233,med_onc_note,2024-09-06,en,notes/SYN-TNBC-0277/med_onc_note/2024-09-06__syn_2233.txt
SYN-TNBC-0278,syn_2234,med_onc_note,2024-05-09,en,notes/SYN-TNBC-0278/med_onc_note/2024-05-09__syn_2234.txt
SYN-TNBC-0279,syn_2235,rad_onc_followup,2026-01-05,en,notes/SYN-TNBC-0279/rad_onc_followup/2026-01-05__syn_2235.txt
SYN-TNBC-0280,syn_2236,rad_onc_followup,2022-11-27,en,notes/SYN-TNBC-0280/rad_onc_followup/2022-11-27__syn_2236.txt
SYN-TNBC-0281,syn_2237,imaging_report,2025-05-23,en,notes/SYN-TNBC-0281/imaging_report/2025-05-23__syn_2237.txt
SYN-TNBC-0282,syn_2238,rad_onc_followup,2021-01-28,en,notes/SYN-TNBC-0282/rad_onc_followup/2021-01-28__syn_2238.txt
SYN-TNBC-0283,syn_2239,rad_onc_followup,2021-07-30,en,notes/SYN-TNBC-0283/rad_onc_followup/2021-07-30__syn_2239.txt
SYN-TNBC-0284,syn_2240,imaging_report,2022-12-19,en,notes/SYN-TNBC-0284/imaging_report/2022-12-19__syn_2240.txt
SYN-TNBC-0285,syn_2241,surgery_followup,2021-09-27,en,notes/SYN-TNBC-0285/surgery_followup/2021-09-27__syn_2241.txt
SYN-TNBC-0286,syn_2242,rad_onc_followup,2021-03-03,en,notes/SYN-TNBC-0286/rad_onc_followup/2021-03-03__syn_2242.txt
SYN-TNBC-0287,syn_2243,med_onc_note,2025-09-27,en,notes/SYN-TNBC-0287/med_onc_note/2025-09-27__syn_2243.txt
SYN-TNBC-0288,syn_2244,med_onc_note,2021-10-18,en,notes/SYN-TNBC-0288/med_onc_note/2021-10-18__syn_2244.txt
SYN-TNBC-0289,syn_2245,rad_onc_followup,2020-10-18,en,notes/SYN-TNBC-0289/rad_onc_followup/2020-10-18__syn_2245.txt
SYN-TNBC-0290,syn_2246,med_onc_note,2024-12-11,en,notes/SYN-TNBC-0290/med_onc_note/2024-12-11__syn_2246.txt
SYN-TNBC-0291,syn_2247,rad_onc_followup,2021-05-20,en,notes/SYN-TNBC-0291/rad_onc_followup/2021-05-20__syn_2247.txt
SYN-TNBC-0292,syn_2248,med_onc_note,2020-12-19,en,notes/SYN-TNBC-0292/med_onc_note/2020-12-19__syn_2248.txt
SYN-TNBC-0293,syn_2249,med_onc_note,2023-07-22,en,notes/SYN-TNBC-0293/med_onc_note/2023-07-22__syn_2249.txt
SYN-TNBC-0294,syn_2250,imaging_report,2023-04-08,en,notes/SYN-TNBC-0294/imaging_report/2023-04-08__syn_2250.txt
SYN-TNBC-0295,syn_2251,rad_onc_followup,2025-09-21,en,notes/SYN-TNBC-0295/rad_onc_followup/2025-09-21__syn_2251.txt
SYN-TNBC-0296,syn_2252,rad_onc_followup,2020-06-08,en,notes/SYN-TNBC-0296/rad_onc_followup/2020-06-08__syn_2252.txt
SYN-TNBC-0297,syn_2253,lab_report,2024-06-28,en,notes/SYN-TNBC-0297/lab_report/2024-06-28__syn_2253.txt
SYN-TNBC-0298,syn_2254,rad_onc_followup,2024-12-26,en,notes/SYN-TNBC-0298/rad_onc_followup/2024-12-26__syn_2254.txt
SYN-TNBC-0299,syn_2255,rad_onc_followup,2026-05-19,en,notes/SYN-TNBC-0299/rad_onc_followup/2026-05-19__syn_2255.txt
SYN-TNBC-0300,syn_2256,rad_onc_followup,2024-12-26,en,notes/SYN-TNBC-0300/rad_onc_followup/2024-12-26__syn_2256.txt
SYN-TNBC-0301,syn_2257,pathology_report,2022-11-07,en,notes/SYN-TNBC-0301/pathology_report/2022-11-07__syn_2257.txt
SYN-TNBC-0302,syn_2258,imaging_report,2022-09-12,en,notes/SYN-TNBC-0302/imaging_report/2022-09-12__syn_2258.txt
SYN-TNBC-0303,syn_2259,rad_onc_followup,2021-11-19,en,notes/SYN-TNBC-0303/rad_onc_followup/2021-11-19__syn_2259.txt
SYN-TNBC-0304,syn_2260,rad_onc_followup,2025-10-13,en,notes/SYN-TNBC-0304/rad_onc_followup/2025-10-13__syn_2260.txt
SYN-TNBC-0305,syn_2261,rad_onc_followup,2022-01-28,en,notes/SYN-TNBC-0305/rad_onc_followup/2022-01-28__syn_2261.txt
SYN-TNBC-0306,syn_2262,rad_onc_followup,2022-08-16,en,notes/SYN-TNBC-0306/rad_onc_followup/2022-08-16__syn_2262.txt
SYN-TNBC-0307,syn_2263,med_onc_note,2022-06-04,en,notes/SYN-TNBC-0307/med_onc_note/2022-06-04__syn_2263.txt
SYN-TNBC-0308,syn_2264,rad_onc_followup,2024-05-21,en,notes/SYN-TNBC-0308/rad_onc_followup/2024-05-21__syn_2264.txt
SYN-TNBC-0309,syn_2265,imaging_report,2025-03-12,en,notes/SYN-TNBC-0309/imaging_report/2025-03-12__syn_2265.txt
SYN-TNBC-0310,syn_2266,rad_onc_followup,2023-07-05,en,notes/SYN-TNBC-0310/rad_onc_followup/2023-07-05__syn_2266.txt
SYN-TNBC-0311,syn_2267,imaging_report,2021-07-03,en,notes/SYN-TNBC-0311/imaging_report/2021-07-03__syn_2267.txt
SYN-TNBC-0312,syn_2268,rad_onc_followup,2020-07-02,en,notes/SYN-TNBC-0312/rad_onc_followup/2020-07-02__syn_2268.txt
SYN-TNBC-0313,syn_2269,imaging_report,2024-01-13,en,notes/SYN-TNBC-0313/imaging_report/2024-01-13__syn_2269.txt
SYN-TNBC-0314,syn_2270,imaging_report,2022-10-20,en,notes/SYN-TNBC-0314/imaging_report/2022-10-20__syn_2270.txt
SYN-TNBC-0315,syn_2271,lab_report,2024-02-12,en,notes/SYN-TNBC-0315/lab_report/2024-02-12__syn_2271.txt
SYN-TNBC-0316,syn_2272,rad_onc_followup,2026-06-14,en,notes/SYN-TNBC-0316/rad_onc_followup/2026-06-14__syn_2272.txt
SYN-TNBC-0317,syn_2273,rad_onc_followup,2024-01-23,en,notes/SYN-TNBC-0317/rad_onc_followup/2024-01-23__syn_2273.txt
SYN-TNBC-0318,syn_2274,pathology_report,2021-07-19,en,notes/SYN-TNBC-0318/pathology_report/2021-07-19__syn_2274.txt
SYN-TNBC-0319,syn_2275,imaging_report,2023-08-29,en,notes/SYN-TNBC-0319/imaging_report/2023-08-29__syn_2275.txt
SYN-TNBC-0320,syn_2276,rad_onc_followup,2022-02-18,en,notes/SYN-TNBC-0320/rad_onc_followup/2022-02-18__syn_2276.txt
SYN-TNBC-0321,syn_2277,rad_onc_followup,2021-11-04,en,notes/SYN-TNBC-0321/rad_onc_followup/2021-11-04__syn_2277.txt
SYN-TNBC-0322,syn_2278,rad_onc_followup,2020-08-02,en,notes/SYN-TNBC-0322/rad_onc_followup/2020-08-02__syn_2278.txt
SYN-TNBC-0323,syn_2279,imaging_report,2020-09-07,en,notes/SYN-TNBC-0323/imaging_report/2020-09-07__syn_2279.txt
SYN-TNBC-0324,syn_2280,rad_onc_followup,2021-04-16,en,notes/SYN-TNBC-0324/rad_onc_followup/2021-04-16__syn_2280.txt
SYN-TNBC-0325,syn_2281,pathology_report,2023-12-26,en,notes/SYN-TNBC-0325/pathology_report/2023-12-26__syn_2281.txt
SYN-TNBC-0326,syn_2282,rad_onc_followup,2025-12-15,en,notes/SYN-TNBC-0326/rad_onc_followup/2025-12-15__syn_2282.txt
SYN-TNBC-0327,syn_2283,rad_onc_followup,2026-02-19,en,notes/SYN-TNBC-0327/rad_onc_followup/2026-02-19__syn_2283.txt
SYN-TNBC-0328,syn_2284,rad_onc_followup,2021-09-10,en,notes/SYN-TNBC-0328/rad_onc_followup/2021-09-10__syn_2284.txt
SYN-TNBC-0329,syn_2285,rad_onc_followup,2024-09-08,en,notes/SYN-TNBC-0329/rad_onc_followup/2024-09-08__syn_2285.txt
SYN-TNBC-0330,syn_2286,med_onc_note,2022-09-08,en,notes/SYN-TNBC-0330/med_onc_note/2022-09-08__syn_2286.txt
SYN-TNBC-0331,syn_2287,rad_onc_followup,2021-11-01,en,notes/SYN-TNBC-0331/rad_onc_followup/2021-11-01__syn_2287.txt
SYN-TNBC-0332,syn_2288,med_onc_note,2024-12-03,en,notes/SYN-TNBC-0332/med_onc_note/2024-12-03__syn_2288.txt
SYN-TNBC-0333,syn_2289,lab_report,2020-11-16,en,notes/SYN-TNBC-0333/lab_report/2020-11-16__syn_2289.txt
SYN-TNBC-0334,syn_2290,rad_onc_followup,2020-11-08,en,notes/SYN-TNBC-0334/rad_onc_followup/2020-11-08__syn_2290.txt
SYN-TNBC-0335,syn_2291,rad_onc_followup,2023-11-16,en,notes/SYN-TNBC-0335/rad_onc_followup/2023-11-16__syn_2291.txt
SYN-TNBC-0336,syn_2292,pathology_report,2022-01-27,en,notes/SYN-TNBC-0336/pathology_report/2022-01-27__syn_2292.txt
SYN-TNBC-0337,syn_2293,rad_onc_followup,2021-12-20,en,notes/SYN-TNBC-0337/rad_onc_followup/2021-12-20__syn_2293.txt
SYN-TNBC-0338,syn_2294,rad_onc_followup,2024-10-15,en,notes/SYN-TNBC-0338/rad_onc_followup/2024-10-15__syn_2294.txt
SYN-TNBC-0339,syn_2295,rad_onc_followup,2021-03-26,en,notes/SYN-TNBC-0339/rad_onc_followup/2021-03-26__syn_2295.txt
SYN-TNBC-0340,syn_2296,imaging_report,2021-06-16,en,notes/SYN-TNBC-0340/imaging_report/2021-06-16__syn_2296.txt
SYN-TNBC-0341,syn_2297,rad_onc_followup,2021-04-18,en,notes/SYN-TNBC-0341/rad_onc_followup/2021-04-18__syn_2297.txt
SYN-TNBC-0342,syn_2298,rad_onc_followup,2026-07-05,en,notes/SYN-TNBC-0342/rad_onc_followup/2026-07-05__syn_2298.txt
SYN-TNBC-0343,syn_2299,pathology_report,2022-10-21,en,notes/SYN-TNBC-0343/pathology_report/2022-10-21__syn_2299.txt
SYN-TNBC-0344,syn_2300,rad_onc_followup,2021-01-21,en,notes/SYN-TNBC-0344/rad_onc_followup/2021-01-21__syn_2300.txt
SYN-TNBC-0345,syn_2301,pathology_report,2023-07-02,en,notes/SYN-TNBC-0345/pathology_report/2023-07-02__syn_2301.txt
SYN-TNBC-0346,syn_2302,surgery_followup,2021-02-20,en,notes/SYN-TNBC-0346/surgery_followup/2021-02-20__syn_2302.txt
SYN-TNBC-0347,syn_2303,rad_onc_followup,2022-08-07,en,notes/SYN-TNBC-0347/rad_onc_followup/2022-08-07__syn_2303.txt
SYN-TNBC-0348,syn_2304,surgery_followup,2025-10-28,en,notes/SYN-TNBC-0348/surgery_followup/2025-10-28__syn_2304.txt
SYN-TNBC-0349,syn_2305,rad_onc_followup,2026-01-28,en,notes/SYN-TNBC-0349/rad_onc_followup/2026-01-28__syn_2305.txt
SYN-TNBC-0350,syn_2306,rad_onc_followup,2023-05-30,en,notes/SYN-TNBC-0350/rad_onc_followup/2023-05-30__syn_2306.txt
SYN-TNBC-0351,syn_2307,med_onc_note,2023-04-11,en,notes/SYN-TNBC-0351/med_onc_note/2023-04-11__syn_2307.txt
SYN-TNBC-0352,syn_2308,rad_onc_followup,2021-08-01,en,notes/SYN-TNBC-0352/rad_onc_followup/2021-08-01__syn_2308.txt
SYN-TNBC-0353,syn_2309,rad_onc_followup,2021-03-05,en,notes/SYN-TNBC-0353/rad_onc_followup/2021-03-05__syn_2309.txt
SYN-TNBC-0354,syn_2310,surgery_followup,2023-05-07,en,notes/SYN-TNBC-0354/surgery_followup/2023-05-07__syn_2310.txt
SYN-TNBC-0355,syn_2311,rad_onc_followup,2023-07-27,en,notes/SYN-TNBC-0355/rad_onc_followup/2023-07-27__syn_2311.txt
SYN-TNBC-0356,syn_2312,rad_onc_followup,2025-10-24,en,notes/SYN-TNBC-0356/rad_onc_followup/2025-10-24__syn_2312.txt
SYN-TNBC-0357,syn_2313,pathology_report,2022-06-15,en,notes/SYN-TNBC-0357/pathology_report/2022-06-15__syn_2313.txt
SYN-TNBC-0358,syn_2314,med_onc_note,2023-09-27,en,notes/SYN-TNBC-0358/med_onc_note/2023-09-27__syn_2314.txt
SYN-TNBC-0359,syn_2315,rad_onc_followup,2026-01-07,en,notes/SYN-TNBC-0359/rad_onc_followup/2026-01-07__syn_2315.txt
SYN-TNBC-0360,syn_2316,surgery_followup,2025-12-10,en,notes/SYN-TNBC-0360/surgery_followup/2025-12-10__syn_2316.txt
SYN-TNBC-0361,syn_2317,rad_onc_followup,2025-09-11,en,notes/SYN-TNBC-0361/rad_onc_followup/2025-09-11__syn_2317.txt
SYN-TNBC-0362,syn_2318,rad_onc_followup,2023-12-23,en,notes/SYN-TNBC-0362/rad_onc_followup/2023-12-23__syn_2318.txt
SYN-TNBC-0363,syn_2319,rad_onc_followup,2025-01-30,en,notes/SYN-TNBC-0363/rad_onc_followup/2025-01-30__syn_2319.txt
SYN-TNBC-0364,syn_2320,rad_onc_followup,2021-03-23,en,notes/SYN-TNBC-0364/rad_onc_followup/2021-03-23__syn_2320.txt
SYN-TNBC-0365,syn_2321,med_onc_note,2020-08-22,en,notes/SYN-TNBC-0365/med_onc_note/2020-08-22__syn_2321.txt
SYN-TNBC-0366,syn_2322,rad_onc_followup,2026-04-21,en,notes/SYN-TNBC-0366/rad_onc_followup/2026-04-21__syn_2322.txt
SYN-TNBC-0367,syn_2323,rad_onc_followup,2025-02-10,en,notes/SYN-TNBC-0367/rad_onc_followup/2025-02-10__syn_2323.txt
SYN-TNBC-0368,syn_2324,rad_onc_followup,2025-06-12,en,notes/SYN-TNBC-0368/rad_onc_followup/2025-06-12__syn_2324.txt
SYN-TNBC-0369,syn_2325,rad_onc_followup,2023-06-09,en,notes/SYN-TNBC-0369/rad_onc_followup/2023-06-09__syn_2325.txt
SYN-TNBC-0370,syn_2326,med_onc_note,2021-01-14,en,notes/SYN-TNBC-0370/med_onc_note/2021-01-14__syn_2326.txt
SYN-TNBC-0371,syn_2327,rad_onc_followup,2025-02-27,en,notes/SYN-TNBC-0371/rad_onc_followup/2025-02-27__syn_2327.txt
SYN-TNBC-0372,syn_2328,rad_onc_followup,2022-09-18,en,notes/SYN-TNBC-0372/rad_onc_followup/2022-09-18__syn_2328.txt
SYN-TNBC-0373,syn_2329,rad_onc_followup,2024-09-30,en,notes/SYN-TNBC-0373/rad_onc_followup/2024-09-30__syn_2329.txt
SYN-TNBC-0374,syn_2330,imaging_report,2022-03-07,en,notes/SYN-TNBC-0374/imaging_report/2022-03-07__syn_2330.txt
SYN-TNBC-0375,syn_2331,rad_onc_followup,2020-10-02,en,notes/SYN-TNBC-0375/rad_onc_followup/2020-10-02__syn_2331.txt
SYN-TNBC-0376,syn_2332,rad_onc_followup,2026-04-15,en,notes/SYN-TNBC-0376/rad_onc_followup/2026-04-15__syn_2332.txt
SYN-TNBC-0377,syn_2333,rad_onc_followup,2024-05-08,en,notes/SYN-TNBC-0377/rad_onc_followup/2024-05-08__syn_2333.txt
SYN-TNBC-0378,syn_2334,rad_onc_followup,2020-08-16,en,notes/SYN-TNBC-0378/rad_onc_followup/2020-08-16__syn_2334.txt
SYN-TNBC-0379,syn_2335,rad_onc_followup,2025-10-15,en,notes/SYN-TNBC-0379/rad_onc_followup/2025-10-15__syn_2335.txt
SYN-TNBC-0380,syn_2336,rad_onc_followup,2023-04-22,en,notes/SYN-TNBC-0380/rad_onc_followup/2023-04-22__syn_2336.txt
SYN-TNBC-0381,syn_2337,pathology_report,2022-06-03,en,notes/SYN-TNBC-0381/pathology_report/2022-06-03__syn_2337.txt
SYN-TNBC-0382,syn_2338,rad_onc_followup,2022-06-02,en,notes/SYN-TNBC-0382/rad_onc_followup/2022-06-02__syn_2338.txt
SYN-TNBC-0383,syn_2339,rad_onc_followup,2023-04-13,en,notes/SYN-TNBC-0383/rad_onc_followup/2023-04-13__syn_2339.txt
SYN-TNBC-0384,syn_2340,med_onc_note,2021-06-15,en,notes/SYN-TNBC-0384/med_onc_note/2021-06-15__syn_2340.txt
SYN-TNBC-0385,syn_2341,pathology_report,2022-06-28,en,notes/SYN-TNBC-0385/pathology_report/2022-06-28__syn_2341.txt
SYN-TNBC-0386,syn_2342,pathology_report,2024-11-27,en,notes/SYN-TNBC-0386/pathology_report/2024-11-27__syn_2342.txt
SYN-TNBC-0387,syn_2343,rad_onc_followup,2021-01-04,en,notes/SYN-TNBC-0387/rad_onc_followup/2021-01-04__syn_2343.txt
SYN-TNBC-0388,syn_2344,imaging_report,2022-04-06,en,notes/SYN-TNBC-0388/imaging_report/2022-04-06__syn_2344.txt
SYN-TNBC-0389,syn_2345,rad_onc_followup,2020-05-29,en,notes/SYN-TNBC-0389/rad_onc_followup/2020-05-29__syn_2345.txt
SYN-TNBC-0390,syn_2346,rad_onc_followup,2026-02-19,en,notes/SYN-TNBC-0390/rad_onc_followup/2026-02-19__syn_2346.txt
SYN-TNBC-0391,syn_2347,imaging_report,2022-06-17,en,notes/SYN-TNBC-0391/imaging_report/2022-06-17__syn_2347.txt
SYN-TNBC-0392,syn_2348,med_onc_note,2024-12-18,en,notes/SYN-TNBC-0392/med_onc_note/2024-12-18__syn_2348.txt
SYN-TNBC-0393,syn_2349,rad_onc_followup,2025-06-27,en,notes/SYN-TNBC-0393/rad_onc_followup/2025-06-27__syn_2349.txt
SYN-TNBC-0394,syn_2350,med_onc_note,2026-01-14,en,notes/SYN-TNBC-0394/med_onc_note/2026-01-14__syn_2350.txt
SYN-TNBC-0395,syn_2351,med_onc_note,2021-07-17,en,notes/SYN-TNBC-0395/med_onc_note/2021-07-17__syn_2351.txt
SYN-TNBC-0396,syn_2352,rad_onc_followup,2021-05-02,en,notes/SYN-TNBC-0396/rad_onc_followup/2021-05-02__syn_2352.txt
SYN-TNBC-0397,syn_2353,rad_onc_followup,2022-11-29,en,notes/SYN-TNBC-0397/rad_onc_followup/2022-11-29__syn_2353.txt
SYN-TNBC-0398,syn_2354,rad_onc_followup,2024-07-02,en,notes/SYN-TNBC-0398/rad_onc_followup/2024-07-02__syn_2354.txt
SYN-TNBC-0399,syn_2355,rad_onc_followup,2025-07-21,en,notes/SYN-TNBC-0399/rad_onc_followup/2025-07-21__syn_2355.txt
SYN-TNBC-0400,syn_2356,pathology_report,2025-12-16,en,notes/SYN-TNBC-0400/pathology_report/2025-12-16__syn_2356.txt
SYN-TNBC-0401,syn_2357,rad_onc_followup,2020-05-24,en,notes/SYN-TNBC-0401/rad_onc_followup/2020-05-24__syn_2357.txt
SYN-TNBC-0402,syn_2358,rad_onc_followup,2025-11-10,en,notes/SYN-TNBC-0402/rad_onc_followup/2025-11-10__syn_2358.txt
SYN-TNBC-0403,syn_2359,med_onc_note,2023-07-16,en,notes/SYN-TNBC-0403/med_onc_note/2023-07-16__syn_2359.txt
SYN-TNBC-0404,syn_2360,rad_onc_followup,2022-11-26,en,notes/SYN-TNBC-0404/rad_onc_followup/2022-11-26__syn_2360.txt
SYN-TNBC-0405,syn_2361,pathology_report,2025-07-16,en,notes/SYN-TNBC-0405/pathology_report/2025-07-16__syn_2361.txt
SYN-TNBC-0406,syn_2362,pathology_report,2020-11-12,en,notes/SYN-TNBC-0406/pathology_report/2020-11-12__syn_2362.txt
SYN-TNBC-0407,syn_2363,rad_onc_followup,2022-06-01,en,notes/SYN-TNBC-0407/rad_onc_followup/2022-06-01__syn_2363.txt
SYN-TNBC-0408,syn_2364,rad_onc_followup,2021-07-04,en,notes/SYN-TNBC-0408/rad_onc_followup/2021-07-04__syn_2364.txt
SYN-TNBC-0409,syn_2365,rad_onc_followup,2024-08-09,en,notes/SYN-TNBC-0409/rad_onc_followup/2024-08-09__syn_2365.txt
SYN-TNBC-0410,syn_2366,rad_onc_followup,2024-09-29,en,notes/SYN-TNBC-0410/rad_onc_followup/2024-09-29__syn_2366.txt
SYN-TNBC-0411,syn_2367,rad_onc_followup,2020-11-20,en,notes/SYN-TNBC-0411/rad_onc_followup/2020-11-20__syn_2367.txt
SYN-TNBC-0412,syn_2368,rad_onc_followup,2020-07-02,en,notes/SYN-TNBC-0412/rad_onc_followup/2020-07-02__syn_2368.txt
SYN-TNBC-0413,syn_2369,rad_onc_followup,2020-12-04,en,notes/SYN-TNBC-0413/rad_onc_followup/2020-12-04__syn_2369.txt
SYN-TNBC-0414,syn_2370,med_onc_note,2020-12-12,en,notes/SYN-TNBC-0414/med_onc_note/2020-12-12__syn_2370.txt
SYN-TNBC-0415,syn_2371,pathology_report,2021-08-21,en,notes/SYN-TNBC-0415/pathology_report/2021-08-21__syn_2371.txt
SYN-TNBC-0416,syn_2372,rad_onc_followup,2025-06-29,en,notes/SYN-TNBC-0416/rad_onc_followup/2025-06-29__syn_2372.txt
SYN-TNBC-0417,syn_2373,pathology_report,2021-10-18,en,notes/SYN-TNBC-0417/pathology_report/2021-10-18__syn_2373.txt
SYN-TNBC-0418,syn_2374,rad_onc_followup,2026-01-11,en,notes/SYN-TNBC-0418/rad_onc_followup/2026-01-11__syn_2374.txt
SYN-TNBC-0419,syn_2375,med_onc_note,2022-01-01,en,notes/SYN-TNBC-0419/med_onc_note/2022-01-01__syn_2375.txt
SYN-TNBC-0420,syn_2376,rad_onc_followup,2026-01-03,en,notes/SYN-TNBC-0420/rad_onc_followup/2026-01-03__syn_2376.txt
SYN-TNBC-0421,syn_2377,rad_onc_followup,2024-11-29,en,notes/SYN-TNBC-0421/rad_onc_followup/2024-11-29__syn_2377.txt
SYN-TNBC-0422,syn_2378,med_onc_note,2021-07-16,en,notes/SYN-TNBC-0422/med_onc_note/2021-07-16__syn_2378.txt
SYN-TNBC-0423,syn_2379,rad_onc_followup,2020-10-28,en,notes/SYN-TNBC-0423/rad_onc_followup/2020-10-28__syn_2379.txt
SYN-TNBC-0424,syn_2380,rad_onc_followup,2024-09-14,en,notes/SYN-TNBC-0424/rad_onc_followup/2024-09-14__syn_2380.txt
SYN-TNBC-0425,syn_2381,rad_onc_followup,2022-03-13,en,notes/SYN-TNBC-0425/rad_onc_followup/2022-03-13__syn_2381.txt
SYN-TNBC-0426,syn_2382,rad_onc_followup,2025-06-20,en,notes/SYN-TNBC-0426/rad_onc_followup/2025-06-20__syn_2382.txt
SYN-TNBC-0427,syn_2383,rad_onc_followup,2021-02-28,en,notes/SYN-TNBC-0427/rad_onc_followup/2021-02-28__syn_2383.txt
SYN-TNBC-0428,syn_2384,rad_onc_followup,2021-01-21,en,notes/SYN-TNBC-0428/rad_onc_followup/2021-01-21__syn_2384.txt
SYN-TNBC-0429,syn_2385,rad_onc_followup,2026-03-25,en,notes/SYN-TNBC-0429/rad_onc_followup/2026-03-25__syn_2385.txt
SYN-TNBC-0430,syn_2386,med_onc_note,2024-01-27,en,notes/SYN-TNBC-0430/med_onc_note/2024-01-27__syn_2386.txt
SYN-TNBC-0431,syn_2387,lab_report,2022-04-27,en,notes/SYN-TNBC-0431/lab_report/2022-04-27__syn_2387.txt
SYN-TNBC-0432,syn_2388,surgery_followup,2026-04-17,en,notes/SYN-TNBC-0432/surgery_followup/2026-04-17__syn_2388.txt
SYN-TNBC-0433,syn_2389,rad_onc_followup,2020-10-17,en,notes/SYN-TNBC-0433/rad_onc_followup/2020-10-17__syn_2389.txt
SYN-TNBC-0434,syn_2390,pathology_report,2021-06-08,en,notes/SYN-TNBC-0434/pathology_report/2021-06-08__syn_2390.txt
SYN-TNBC-0435,syn_2391,pathology_report,2022-09-28,en,notes/SYN-TNBC-0435/pathology_report/2022-09-28__syn_2391.txt
SYN-TNBC-0436,syn_2392,rad_onc_followup,2023-12-29,en,notes/SYN-TNBC-0436/rad_onc_followup/2023-12-29__syn_2392.txt
SYN-TNBC-0437,syn_2393,rad_onc_followup,2021-12-06,en,notes/SYN-TNBC-0437/rad_onc_followup/2021-12-06__syn_2393.txt
SYN-TNBC-0438,syn_2394,rad_onc_followup,2022-08-21,en,notes/SYN-TNBC-0438/rad_onc_followup/2022-08-21__syn_2394.txt
SYN-TNBC-0439,syn_2395,imaging_report,2022-04-04,en,notes/SYN-TNBC-0439/imaging_report/2022-04-04__syn_2395.txt
SYN-TNBC-0440,syn_2396,rad_onc_followup,2025-04-03,en,notes/SYN-TNBC-0440/rad_onc_followup/2025-04-03__syn_2396.txt
SYN-TNBC-0441,syn_2397,rad_onc_followup,2023-06-08,en,notes/SYN-TNBC-0441/rad_onc_followup/2023-06-08__syn_2397.txt
SYN-TNBC-0442,syn_2398,rad_onc_followup,2023-04-06,en,notes/SYN-TNBC-0442/rad_onc_followup/2023-04-06__syn_2398.txt
SYN-TNBC-0443,syn_2399,rad_onc_followup,2020-10-14,en,notes/SYN-TNBC-0443/rad_onc_followup/2020-10-14__syn_2399.txt
SYN-TNBC-0444,syn_2400,imaging_report,2026-02-26,en,notes/SYN-TNBC-0444/imaging_report/2026-02-26__syn_2400.txt
SYN-TNBC-0445,syn_2401,pathology_report,2022-03-30,en,notes/SYN-TNBC-0445/pathology_report/2022-03-30__syn_2401.txt
SYN-TNBC-0446,syn_2402,rad_onc_followup,2023-07-14,en,notes/SYN-TNBC-0446/rad_onc_followup/2023-07-14__syn_2402.txt
SYN-TNBC-0447,syn_2403,imaging_report,2023-10-20,en,notes/SYN-TNBC-0447/imaging_report/2023-10-20__syn_2403.txt
SYN-TNBC-0448,syn_2404,rad_onc_followup,2023-11-03,en,notes/SYN-TNBC-0448/rad_onc_followup/2023-11-03__syn_2404.txt
SYN-TNBC-0449,syn_2405,med_onc_note,2026-04-11,en,notes/SYN-TNBC-0449/med_onc_note/2026-04-11__syn_2405.txt
SYN-TNBC-0450,syn_2406,rad_onc_followup,2024-07-31,en,notes/SYN-TNBC-0450/rad_onc_followup/2024-07-31__syn_2406.txt
SYN-TNBC-0451,syn_2407,rad_onc_followup,2023-10-23,en,notes/SYN-TNBC-0451/rad_onc_followup/2023-10-23__syn_2407.txt
SYN-TNBC-0452,syn_2408,rad_onc_followup,2024-06-01,en,notes/SYN-TNBC-0452/rad_onc_followup/2024-06-01__syn_2408.txt
SYN-TNBC-0453,syn_2409,rad_onc_followup,2021-12-15,en,notes/SYN-TNBC-0453/rad_onc_followup/2021-12-15__syn_2409.txt
SYN-TNBC-0454,syn_2410,rad_onc_followup,2025-08-25,en,notes/SYN-TNBC-0454/rad_onc_followup/2025-08-25__syn_2410.txt
SYN-TNBC-0455,syn_2411,rad_onc_followup,2025-10-21,en,notes/SYN-TNBC-0455/rad_onc_followup/2025-10-21__syn_2411.txt
SYN-TNBC-0456,syn_2412,rad_onc_followup,2024-10-31,en,notes/SYN-TNBC-0456/rad_onc_followup/2024-10-31__syn_2412.txt
SYN-TNBC-0457,syn_2413,med_onc_note,2021-07-09,en,notes/SYN-TNBC-0457/med_onc_note/2021-07-09__syn_2413.txt
SYN-TNBC-0458,syn_2414,lab_report,2023-02-01,en,notes/SYN-TNBC-0458/lab_report/2023-02-01__syn_2414.txt
SYN-TNBC-0459,syn_2415,rad_onc_followup,2024-07-19,en,notes/SYN-TNBC-0459/rad_onc_followup/2024-07-19__syn_2415.txt
SYN-TNBC-0460,syn_2416,rad_onc_followup,2021-12-02,en,notes/SYN-TNBC-0460/rad_onc_followup/2021-12-02__syn_2416.txt
SYN-TNBC-0461,syn_2417,med_onc_note,2024-10-29,en,notes/SYN-TNBC-0461/med_onc_note/2024-10-29__syn_2417.txt
SYN-TNBC-0462,syn_2418,rad_onc_followup,2024-04-19,en,notes/SYN-TNBC-0462/rad_onc_followup/2024-04-19__syn_2418.txt
SYN-TNBC-0463,syn_2419,rad_onc_followup,2026-04-19,en,notes/SYN-TNBC-0463/rad_onc_followup/2026-04-19__syn_2419.txt
SYN-TNBC-0464,syn_2420,rad_onc_followup,2022-07-01,en,notes/SYN-TNBC-0464/rad_onc_followup/2022-07-01__syn_2420.txt
SYN-TNBC-0465,syn_2421,med_onc_note,2021-11-01,en,notes/SYN-TNBC-0465/med_onc_note/2021-11-01__syn_2421.txt
SYN-TNBC-0466,syn_2422,imaging_report,2021-06-24,en,notes/SYN-TNBC-0466/imaging_report/2021-06-24__syn_2422.txt
SYN-TNBC-0467,syn_2423,rad_onc_followup,2023-05-16,en,notes/SYN-TNBC-0467/rad_onc_followup/2023-05-16__syn_2423.txt
SYN-TNBC-0468,syn_2424,rad_onc_followup,2021-11-18,en,notes/SYN-TNBC-0468/rad_onc_followup/2021-11-18__syn_2424.txt
SYN-TNBC-0469,syn_2425,rad_onc_followup,2022-05-20,en,notes/SYN-TNBC-0469/rad_onc_followup/2022-05-20__syn_2425.txt
SYN-TNBC-0470,syn_2426,rad_onc_followup,2021-06-18,en,notes/SYN-TNBC-0470/rad_onc_followup/2021-06-18__syn_2426.txt
SYN-TNBC-0471,syn_2427,pathology_report,2021-11-14,en,notes/SYN-TNBC-0471/pathology_report/2021-11-14__syn_2427.txt
SYN-TNBC-0472,syn_2428,surgery_followup,2025-05-14,en,notes/SYN-TNBC-0472/surgery_followup/2025-05-14__syn_2428.txt
SYN-TNBC-0473,syn_2429,rad_onc_followup,2025-04-09,en,notes/SYN-TNBC-0473/rad_onc_followup/2025-04-09__syn_2429.txt
SYN-TNBC-0474,syn_2430,med_onc_note,2022-02-21,en,notes/SYN-TNBC-0474/med_onc_note/2022-02-21__syn_2430.txt
SYN-TNBC-0475,syn_2431,med_onc_note,2022-06-04,en,notes/SYN-TNBC-0475/med_onc_note/2022-06-04__syn_2431.txt
SYN-TNBC-0476,syn_2432,med_onc_note,2025-02-12,en,notes/SYN-TNBC-0476/med_onc_note/2025-02-12__syn_2432.txt
SYN-TNBC-0477,syn_2433,rad_onc_followup,2020-12-03,en,notes/SYN-TNBC-0477/rad_onc_followup/2020-12-03__syn_2433.txt
SYN-TNBC-0478,syn_2434,rad_onc_followup,2024-01-29,en,notes/SYN-TNBC-0478/rad_onc_followup/2024-01-29__syn_2434.txt
SYN-TNBC-0479,syn_2435,imaging_report,2021-01-27,en,notes/SYN-TNBC-0479/imaging_report/2021-01-27__syn_2435.txt
SYN-TNBC-0480,syn_2436,imaging_report,2021-07-11,en,notes/SYN-TNBC-0480/imaging_report/2021-07-11__syn_2436.txt
SYN-TNBC-0481,syn_2437,med_onc_note,2025-01-20,en,notes/SYN-TNBC-0481/med_onc_note/2025-01-20__syn_2437.txt
SYN-TNBC-0482,syn_2438,imaging_report,2023-01-14,en,notes/SYN-TNBC-0482/imaging_report/2023-01-14__syn_2438.txt
SYN-TNBC-0483,syn_2439,imaging_report,2023-09-28,en,notes/SYN-TNBC-0483/imaging_report/2023-09-28__syn_2439.txt
SYN-TNBC-0484,syn_2440,rad_onc_followup,2022-03-31,en,notes/SYN-TNBC-0484/rad_onc_followup/2022-03-31__syn_2440.txt
SYN-TNBC-0485,syn_2441,rad_onc_followup,2021-04-26,en,notes/SYN-TNBC-0485/rad_onc_followup/2021-04-26__syn_2441.txt
SYN-TNBC-0486,syn_2442,rad_onc_followup,2022-07-24,en,notes/SYN-TNBC-0486/rad_onc_followup/2022-07-24__syn_2442.txt
SYN-TNBC-0487,syn_2443,pathology_report,2025-08-06,en,notes/SYN-TNBC-0487/pathology_report/2025-08-06__syn_2443.txt
SYN-TNBC-0488,syn_2444,med_onc_note,2026-04-03,en,notes/SYN-TNBC-0488/med_onc_note/2026-04-03__syn_2444.txt
SYN-TNBC-0489,syn_2445,rad_onc_followup,2021-02-23,en,notes/SYN-TNBC-0489/rad_onc_followup/2021-02-23__syn_2445.txt
SYN-TNBC-0001,syn_2446,rad_onc_followup,2021-03-22,en,notes/SYN-TNBC-0001/rad_onc_followup/2021-03-22__syn_2446.txt
SYN-TNBC-0002,syn_2447,imaging_report,2023-05-28,en,notes/SYN-TNBC-0002/imaging_report/2023-05-28__syn_2447.txt
SYN-TNBC-0003,syn_2448,med_onc_note,2024-11-08,en,notes/SYN-TNBC-0003/med_onc_note/2024-11-08__syn_2448.txt
SYN-TNBC-0004,syn_2449,rad_onc_followup,2025-03-01,en,notes/SYN-TNBC-0004/rad_onc_followup/2025-03-01__syn_2449.txt
SYN-TNBC-0005,syn_2450,imaging_report,2020-11-18,en,notes/SYN-TNBC-0005/imaging_report/2020-11-18__syn_2450.txt
SYN-TNBC-0006,syn_2451,imaging_report,2026-04-27,en,notes/SYN-TNBC-0006/imaging_report/2026-04-27__syn_2451.txt
SYN-TNBC-0007,syn_2452,med_onc_note,2023-08-17,en,notes/SYN-TNBC-0007/med_onc_note/2023-08-17__syn_2452.txt
SYN-TNBC-0008,syn_2453,pathology_report,2022-01-19,en,notes/SYN-TNBC-0008/pathology_report/2022-01-19__syn_2453.txt
SYN-TNBC-0009,syn_2454,rad_onc_followup,2022-09-19,en,notes/SYN-TNBC-0009/rad_onc_followup/2022-09-19__syn_2454.txt
SYN-TNBC-0010,syn_2455,rad_onc_followup,2022-05-18,en,notes/SYN-TNBC-0010/rad_onc_followup/2022-05-18__syn_2455.txt
SYN-TNBC-0011,syn_2456,rad_onc_followup,2023-01-15,en,notes/SYN-TNBC-0011/rad_onc_followup/2023-01-15__syn_2456.txt
SYN-TNBC-0012,syn_2457,pathology_report,2020-10-31,en,notes/SYN-TNBC-0012/pathology_report/2020-10-31__syn_2457.txt
SYN-TNBC-0013,syn_2458,pathology_report,2024-08-08,en,notes/SYN-TNBC-0013/pathology_report/2024-08-08__syn_2458.txt
SYN-TNBC-0014,syn_2459,rad_onc_followup,2026-01-23,en,notes/SYN-TNBC-0014/rad_onc_followup/2026-01-23__syn_2459.txt
SYN-TNBC-0015,syn_2460,imaging_report,2022-12-04,en,notes/SYN-TNBC-0015/imaging_report/2022-12-04__syn_2460.txt
SYN-TNBC-0016,syn_2461,rad_onc_followup,2026-04-27,en,notes/SYN-TNBC-0016/rad_onc_followup/2026-04-27__syn_2461.txt
SYN-TNBC-0017,syn_2462,surgery_followup,2021-07-10,en,notes/SYN-TNBC-0017/surgery_followup/2021-07-10__syn_2462.txt
SYN-TNBC-0018,syn_2463,rad_onc_followup,2021-01-10,en,notes/SYN-TNBC-0018/rad_onc_followup/2021-01-10__syn_2463.txt
SYN-TNBC-0019,syn_2464,imaging_report,2026-06-26,en,notes/SYN-TNBC-0019/imaging_report/2026-06-26__syn_2464.txt
SYN-TNBC-0020,syn_2465,rad_onc_followup,2024-12-02,en,notes/SYN-TNBC-0020/rad_onc_followup/2024-12-02__syn_2465.txt
SYN-TNBC-0021,syn_2466,pathology_report,2021-11-02,en,notes/SYN-TNBC-0021/pathology_report/2021-11-02__syn_2466.txt
SYN-TNBC-0022,syn_2467,lab_report,2021-05-31,en,notes/SYN-TNBC-0022/lab_report/2021-05-31__syn_2467.txt
SYN-TNBC-0023,syn_2468,rad_onc_followup,2023-12-18,en,notes/SYN-TNBC-0023/rad_onc_followup/2023-12-18__syn_2468.txt
SYN-TNBC-0024,syn_2469,imaging_report,2024-05-27,en,notes/SYN-TNBC-0024/imaging_report/2024-05-27__syn_2469.txt
SYN-TNBC-0025,syn_2470,rad_onc_followup,2024-11-25,en,notes/SYN-TNBC-0025/rad_onc_followup/2024-11-25__syn_2470.txt
SYN-TNBC-0026,syn_2471,rad_onc_followup,2020-11-20,en,notes/SYN-TNBC-0026/rad_onc_followup/2020-11-20__syn_2471.txt
SYN-TNBC-0027,syn_2472,rad_onc_followup,2022-06-24,en,notes/SYN-TNBC-0027/rad_onc_followup/2022-06-24__syn_2472.txt
SYN-TNBC-0028,syn_2473,rad_onc_followup,2024-10-03,en,notes/SYN-TNBC-0028/rad_onc_followup/2024-10-03__syn_2473.txt
SYN-TNBC-0029,syn_2474,med_onc_note,2026-03-04,en,notes/SYN-TNBC-0029/med_onc_note/2026-03-04__syn_2474.txt
SYN-TNBC-0030,syn_2475,lab_report,2025-04-04,en,notes/SYN-TNBC-0030/lab_report/2025-04-04__syn_2475.txt
SYN-TNBC-0031,syn_2476,imaging_report,2020-08-31,en,notes/SYN-TNBC-0031/imaging_report/2020-08-31__syn_2476.txt
SYN-TNBC-0032,syn_2477,rad_onc_followup,2025-08-18,en,notes/SYN-TNBC-0032/rad_onc_followup/2025-08-18__syn_2477.txt
SYN-TNBC-0033,syn_2478,med_onc_note,2021-04-30,en,notes/SYN-TNBC-0033/med_onc_note/2021-04-30__syn_2478.txt
SYN-TNBC-0034,syn_2479,rad_onc_followup,2024-05-30,en,notes/SYN-TNBC-0034/rad_onc_followup/2024-05-30__syn_2479.txt
SYN-TNBC-0035,syn_2480,med_onc_note,2024-11-26,en,notes/SYN-TNBC-0035/med_onc_note/2024-11-26__syn_2480.txt
SYN-TNBC-0036,syn_2481,surgery_followup,2023-07-25,en,notes/SYN-TNBC-0036/surgery_followup/2023-07-25__syn_2481.txt
SYN-TNBC-0037,syn_2482,med_onc_note,2026-07-26,en,notes/SYN-TNBC-0037/med_onc_note/2026-07-26__syn_2482.txt
SYN-TNBC-0038,syn_2483,rad_onc_followup,2024-04-23,en,notes/SYN-TNBC-0038/rad_onc_followup/2024-04-23__syn_2483.txt
SYN-TNBC-0039,syn_2484,rad_onc_followup,2021-12-21,en,notes/SYN-TNBC-0039/rad_onc_followup/2021-12-21__syn_2484.txt
SYN-TNBC-0040,syn_2485,rad_onc_followup,2022-12-10,en,notes/SYN-TNBC-0040/rad_onc_followup/2022-12-10__syn_2485.txt
SYN-TNBC-0041,syn_2486,rad_onc_followup,2021-03-25,en,notes/SYN-TNBC-0041/rad_onc_followup/2021-03-25__syn_2486.txt
SYN-TNBC-0042,syn_2487,rad_onc_followup,2022-08-16,en,notes/SYN-TNBC-0042/rad_onc_followup/2022-08-16__syn_2487.txt
SYN-TNBC-0043,syn_2488,med_onc_note,2024-06-22,en,notes/SYN-TNBC-0043/med_onc_note/2024-06-22__syn_2488.txt
SYN-TNBC-0044,syn_2489,imaging_report,2023-01-21,en,notes/SYN-TNBC-0044/imaging_report/2023-01-21__syn_2489.txt
SYN-TNBC-0045,syn_2490,rad_onc_followup,2021-11-05,en,notes/SYN-TNBC-0045/rad_onc_followup/2021-11-05__syn_2490.txt
SYN-TNBC-0046,syn_2491,med_onc_note,2026-10-01,en,notes/SYN-TNBC-0046/med_onc_note/2026-10-01__syn_2491.txt
SYN-TNBC-0047,syn_2492,rad_onc_followup,2024-05-06,en,notes/SYN-TNBC-0047/rad_onc_followup/2024-05-06__syn_2492.txt
SYN-TNBC-0048,syn_2493,rad_onc_followup,2021-06-07,en,notes/SYN-TNBC-0048/rad_onc_followup/2021-06-07__syn_2493.txt
SYN-TNBC-0049,syn_2494,rad_onc_followup,2025-03-01,en,notes/SYN-TNBC-0049/rad_onc_followup/2025-03-01__syn_2494.txt
SYN-TNBC-0050,syn_2495,rad_onc_followup,2022-08-18,en,notes/SYN-TNBC-0050/rad_onc_followup/2022-08-18__syn_2495.txt
SYN-TNBC-0051,syn_2496,med_onc_note,2021-08-23,en,notes/SYN-TNBC-0051/med_onc_note/2021-08-23__syn_2496.txt
SYN-TNBC-0052,syn_2497,rad_onc_followup,2026-06-04,en,notes/SYN-TNBC-0052/rad_onc_followup/2026-06-04__syn_2497.txt
SYN-TNBC-0053,syn_2498,rad_onc_followup,2021-12-06,en,notes/SYN-TNBC-0053/rad_onc_followup/2021-12-06__syn_2498.txt
SYN-TNBC-0054,syn_2499,rad_onc_followup,2022-07-15,en,notes/SYN-TNBC-0054/rad_onc_followup/2022-07-15__syn_2499.txt
SYN-TNBC-0055,syn_2500,rad_onc_followup,2026-09-07,en,notes/SYN-TNBC-0055/rad_onc_followup/2026-09-07__syn_2500.txt
SYN-TNBC-0056,syn_2501,rad_onc_followup,2020-11-11,en,notes/SYN-TNBC-0056/rad_onc_followup/2020-11-11__syn_2501.txt
SYN-TNBC-0057,syn_2502,surgery_followup,2022-09-05,en,notes/SYN-TNBC-0057/surgery_followup/2022-09-05__syn_2502.txt
SYN-TNBC-0058,syn_2503,rad_onc_followup,2025-04-12,en,notes/SYN-TNBC-0058/rad_onc_followup/2025-04-12__syn_2503.txt
SYN-TNBC-0059,syn_2504,lab_report,2023-02-08,en,notes/SYN-TNBC-0059/lab_report/2023-02-08__syn_2504.txt
SYN-TNBC-0060,syn_2505,rad_onc_followup,2022-01-22,en,notes/SYN-TNBC-0060/rad_onc_followup/2022-01-22__syn_2505.txt
SYN-TNBC-0061,syn_2506,rad_onc_followup,2025-07-01,en,notes/SYN-TNBC-0061/rad_onc_followup/2025-07-01__syn_2506.txt
SYN-TNBC-0062,syn_2507,rad_onc_followup,2021-11-01,en,notes/SYN-TNBC-0062/rad_onc_followup/2021-11-01__syn_2507.txt
SYN-TNBC-0063,syn_2508,rad_onc_followup,2020-09-21,en,notes/SYN-TNBC-0063/rad_onc_followup/2020-09-21__syn_2508.txt
SYN-TNBC-0064,syn_2509,med_onc_note,2021-06-26,en,notes/SYN-TNBC-0064/med_onc_note/2021-06-26__syn_2509.txt
SYN-TNBC-0065,syn_2510,imaging_report,2022-03-31,en,notes/SYN-TNBC-0065/imaging_report/2022-03-31__syn_2510.txt
SYN-TNBC-0066,syn_2511,rad_onc_followup,2023-01-21,en,notes/SYN-TNBC-0066/rad_onc_followup/2023-01-21__syn_2511.txt
SYN-TNBC-0067,syn_2512,med_onc_note,2026-02-12,en,notes/SYN-TNBC-0067/med_onc_note/2026-02-12__syn_2512.txt
SYN-TNBC-0068,syn_2513,rad_onc_followup,2025-12-15,en,notes/SYN-TNBC-0068/rad_onc_followup/2025-12-15__syn_2513.txt
SYN-TNBC-0069,syn_2514,pathology_report,2021-02-28,en,notes/SYN-TNBC-0069/pathology_report/2021-02-28__syn_2514.txt
SYN-TNBC-0070,syn_2515,rad_onc_followup,2023-11-21,en,notes/SYN-TNBC-0070/rad_onc_followup/2023-11-21__syn_2515.txt
SYN-TNBC-0071,syn_2516,rad_onc_followup,2024-09-26,en,notes/SYN-TNBC-0071/rad_onc_followup/2024-09-26__syn_2516.txt
SYN-TNBC-0072,syn_2517,pathology_report,2022-05-05,en,notes/SYN-TNBC-0072/pathology_report/2022-05-05__syn_2517.txt
SYN-TNBC-0073,syn_2518,imaging_report,2021-04-24,en,notes/SYN-TNBC-0073/imaging_report/2021-04-24__syn_2518.txt
SYN-TNBC-0074,syn_2519,rad_onc_followup,2021-01-29,en,notes/SYN-TNBC-0074/rad_onc_followup/2021-01-29__syn_2519.txt
SYN-TNBC-0075,syn_2520,imaging_report,2023-03-11,en,notes/SYN-TNBC-0075/imaging_report/2023-03-11__syn_2520.txt
SYN-TNBC-0076,syn_2521,pathology_report,2026-01-17,en,notes/SYN-TNBC-0076/pathology_report/2026-01-17__syn_2521.txt
SYN-TNBC-0077,syn_2522,rad_onc_followup,2024-01-30,en,notes/SYN-TNBC-0077/rad_onc_followup/2024-01-30__syn_2522.txt
SYN-TNBC-0078,syn_2523,rad_onc_followup,2023-05-29,en,notes/SYN-TNBC-0078/rad_onc_followup/2023-05-29__syn_2523.txt
SYN-TNBC-0079,syn_2524,rad_onc_followup,2024-09-17,en,notes/SYN-TNBC-0079/rad_onc_followup/2024-09-17__syn_2524.txt
SYN-TNBC-0080,syn_2525,rad_onc_followup,2020-10-07,en,notes/SYN-TNBC-0080/rad_onc_followup/2020-10-07__syn_2525.txt
SYN-TNBC-0081,syn_2526,imaging_report,2020-09-27,en,notes/SYN-TNBC-0081/imaging_report/2020-09-27__syn_2526.txt
SYN-TNBC-0082,syn_2527,med_onc_note,2021-08-13,en,notes/SYN-TNBC-0082/med_onc_note/2021-08-13__syn_2527.txt
SYN-TNBC-0083,syn_2528,rad_onc_followup,2022-07-03,en,notes/SYN-TNBC-0083/rad_onc_followup/2022-07-03__syn_2528.txt
SYN-TNBC-0084,syn_2529,lab_report,2025-08-24,en,notes/SYN-TNBC-0084/lab_report/2025-08-24__syn_2529.txt
SYN-TNBC-0085,syn_2530,pathology_report,2025-11-24,en,notes/SYN-TNBC-0085/pathology_report/2025-11-24__syn_2530.txt
SYN-TNBC-0086,syn_2531,rad_onc_followup,2024-06-30,en,notes/SYN-TNBC-0086/rad_onc_followup/2024-06-30__syn_2531.txt
SYN-TNBC-0087,syn_2532,surgery_followup,2023-08-03,en,notes/SYN-TNBC-0087/surgery_followup/2023-08-03__syn_2532.txt
SYN-TNBC-0088,syn_2533,med_onc_note,2024-05-03,en,notes/SYN-TNBC-0088/med_onc_note/2024-05-03__syn_2533.txt
SYN-TNBC-0089,syn_2534,med_onc_note,2024-08-16,en,notes/SYN-TNBC-0089/med_onc_note/2024-08-16__syn_2534.txt
SYN-TNBC-0090,syn_2535,rad_onc_followup,2022-04-01,en,notes/SYN-TNBC-0090/rad_onc_followup/2022-04-01__syn_2535.txt
SYN-TNBC-0091,syn_2536,rad_onc_followup,2021-09-14,en,notes/SYN-TNBC-0091/rad_onc_followup/2021-09-14__syn_2536.txt
SYN-TNBC-0092,syn_2537,med_onc_note,2021-10-19,en,notes/SYN-TNBC-0092/med_onc_note/2021-10-19__syn_2537.txt
SYN-TNBC-0093,syn_2538,rad_onc_followup,2025-11-16,en,notes/SYN-TNBC-0093/rad_onc_followup/2025-11-16__syn_2538.txt
SYN-TNBC-0094,syn_2539,rad_onc_followup,2022-05-20,en,notes/SYN-TNBC-0094/rad_onc_followup/2022-05-20__syn_2539.txt
SYN-TNBC-0095,syn_2540,rad_onc_followup,2020-11-29,en,notes/SYN-TNBC-0095/rad_onc_followup/2020-11-29__syn_2540.txt
SYN-TNBC-0096,syn_2541,med_onc_note,2023-10-28,en,notes/SYN-TNBC-0096/med_onc_note/2023-10-28__syn_2541.txt
SYN-TNBC-0097,syn_2542,rad_onc_followup,2021-04-06,en,notes/SYN-TNBC-0097/rad_onc_followup/2021-04-06__syn_2542.txt
SYN-TNBC-0098,syn_2543,pathology_report,2021-07-28,en,notes/SYN-TNBC-0098/pathology_report/2021-07-28__syn_2543.txt
SYN-TNBC-0099,syn_2544,rad_onc_followup,2024-03-06,en,notes/SYN-TNBC-0099/rad_onc_followup/2024-03-06__syn_2544.txt
SYN-TNBC-0100,syn_2545,rad_onc_followup,2025-12-16,en,notes/SYN-TNBC-0100/rad_onc_followup/2025-12-16__syn_2545.txt
SYN-TNBC-0101,syn_2546,med_onc_note,2024-04-07,en,notes/SYN-TNBC-0101/med_onc_note/2024-04-07__syn_2546.txt
SYN-TNBC-0102,syn_2547,lab_report,2024-03-22,en,notes/SYN-TNBC-0102/lab_report/2024-03-22__syn_2547.txt
SYN-TNBC-0103,syn_2548,rad_onc_followup,2024-02-16,en,notes/SYN-TNBC-0103/rad_onc_followup/2024-02-16__syn_2548.txt
SYN-TNBC-0104,syn_2549,rad_onc_followup,2025-10-23,en,notes/SYN-TNBC-0104/rad_onc_followup/2025-10-23__syn_2549.txt
SYN-TNBC-0105,syn_2550,rad_onc_followup,2025-11-27,en,notes/SYN-TNBC-0105/rad_onc_followup/2025-11-27__syn_2550.txt
SYN-TNBC-0106,syn_2551,rad_onc_followup,2021-01-28,en,notes/SYN-TNBC-0106/rad_onc_followup/2021-01-28__syn_2551.txt
SYN-TNBC-0107,syn_2552,rad_onc_followup,2024-03-04,en,notes/SYN-TNBC-0107/rad_onc_followup/2024-03-04__syn_2552.txt
SYN-TNBC-0108,syn_2553,imaging_report,2022-10-01,en,notes/SYN-TNBC-0108/imaging_report/2022-10-01__syn_2553.txt
SYN-TNBC-0109,syn_2554,rad_onc_followup,2023-10-14,en,notes/SYN-TNBC-0109/rad_onc_followup/2023-10-14__syn_2554.txt
SYN-TNBC-0110,syn_2555,pathology_report,2023-07-18,en,notes/SYN-TNBC-0110/pathology_report/2023-07-18__syn_2555.txt
SYN-TNBC-0111,syn_2556,lab_report,2023-12-09,en,notes/SYN-TNBC-0111/lab_report/2023-12-09__syn_2556.txt
SYN-TNBC-0112,syn_2557,surgery_followup,2022-01-09,en,notes/SYN-TNBC-0112/surgery_followup/2022-01-09__syn_2557.txt
SYN-TNBC-0113,syn_2558,med_onc_note,2021-06-08,en,notes/SYN-TNBC-0113/med_onc_note/2021-06-08__syn_2558.txt
SYN-TNBC-0114,syn_2559,rad_onc_followup,2025-08-29,en,notes/SYN-TNBC-0114/rad_onc_followup/2025-08-29__syn_2559.txt
SYN-TNBC-0115,syn_2560,med_onc_note,2024-04-14,en,notes/SYN-TNBC-0115/med_onc_note/2024-04-14__syn_2560.txt
SYN-TNBC-0116,syn_2561,rad_onc_followup,2022-03-30,en,notes/SYN-TNBC-0116/rad_onc_followup/2022-03-30__syn_2561.txt
SYN-TNBC-0117,syn_2562,rad_onc_followup,2025-03-19,en,notes/SYN-TNBC-0117/rad_onc_followup/2025-03-19__syn_2562.txt
SYN-TNBC-0118,syn_2563,surgery_followup,2026-07-25,en,notes/SYN-TNBC-0118/surgery_followup/2026-07-25__syn_2563.txt
SYN-TNBC-0119,syn_2564,rad_onc_followup,2022-01-28,en,notes/SYN-TNBC-0119/rad_onc_followup/2022-01-28__syn_2564.txt
SYN-TNBC-0120,syn_2565,med_onc_note,2021-02-18,en,notes/SYN-TNBC-0120/med_onc_note/2021-02-18__syn_2565.txt
SYN-TNBC-0121,syn_2566,rad_onc_followup,2024-02-04,en,notes/SYN-TNBC-0121/rad_onc_followup/2024-02-04__syn_2566.txt
SYN-TNBC-0122,syn_2567,rad_onc_followup,2021-12-08,en,notes/SYN-TNBC-0122/rad_onc_followup/2021-12-08__syn_2567.txt
SYN-TNBC-0123,syn_2568,rad_onc_followup,2023-10-29,en,notes/SYN-TNBC-0123/rad_onc_followup/2023-10-29__syn_2568.txt
SYN-TNBC-0124,syn_2569,rad_onc_followup,2024-05-30,en,notes/SYN-TNBC-0124/rad_onc_followup/2024-05-30__syn_2569.txt
SYN-TNBC-0125,syn_2570,rad_onc_followup,2023-07-28,en,notes/SYN-TNBC-0125/rad_onc_followup/2023-07-28__syn_2570.txt
SYN-TNBC-0126,syn_2571,rad_onc_followup,2025-06-15,en,notes/SYN-TNBC-0126/rad_onc_followup/2025-06-15__syn_2571.txt
SYN-TNBC-0127,syn_2572,med_onc_note,2022-05-07,en,notes/SYN-TNBC-0127/med_onc_note/2022-05-07__syn_2572.txt
SYN-TNBC-0128,syn_2573,rad_onc_followup,2024-08-13,en,notes/SYN-TNBC-0128/rad_onc_followup/2024-08-13__syn_2573.txt
SYN-TNBC-0129,syn_2574,med_onc_note,2022-08-20,en,notes/SYN-TNBC-0129/med_onc_note/2022-08-20__syn_2574.txt
SYN-TNBC-0130,syn_2575,rad_onc_followup,2022-05-30,en,notes/SYN-TNBC-0130/rad_onc_followup/2022-05-30__syn_2575.txt
SYN-TNBC-0131,syn_2576,surgery_followup,2022-08-31,en,notes/SYN-TNBC-0131/surgery_followup/2022-08-31__syn_2576.txt
SYN-TNBC-0132,syn_2577,rad_onc_followup,2024-02-10,en,notes/SYN-TNBC-0132/rad_onc_followup/2024-02-10__syn_2577.txt
SYN-TNBC-0133,syn_2578,rad_onc_followup,2020-10-26,en,notes/SYN-TNBC-0133/rad_onc_followup/2020-10-26__syn_2578.txt
SYN-TNBC-0134,syn_2579,rad_onc_followup,2023-10-06,en,notes/SYN-TNBC-0134/rad_onc_followup/2023-10-06__syn_2579.txt
SYN-TNBC-0135,syn_2580,imaging_report,2023-05-28,en,notes/SYN-TNBC-0135/imaging_report/2023-05-28__syn_2580.txt
SYN-TNBC-0136,syn_2581,pathology_report,2025-12-25,en,notes/SYN-TNBC-0136/pathology_report/2025-12-25__syn_2581.txt
SYN-TNBC-0137,syn_2582,surgery_followup,2024-09-07,en,notes/SYN-TNBC-0137/surgery_followup/2024-09-07__syn_2582.txt
SYN-TNBC-0138,syn_2583,med_onc_note,2021-09-21,en,notes/SYN-TNBC-0138/med_onc_note/2021-09-21__syn_2583.txt
SYN-TNBC-0139,syn_2584,rad_onc_followup,2021-01-14,en,notes/SYN-TNBC-0139/rad_onc_followup/2021-01-14__syn_2584.txt
SYN-TNBC-0140,syn_2585,pathology_report,2021-06-11,en,notes/SYN-TNBC-0140/pathology_report/2021-06-11__syn_2585.txt
SYN-TNBC-0141,syn_2586,rad_onc_followup,2024-10-22,en,notes/SYN-TNBC-0141/rad_onc_followup/2024-10-22__syn_2586.txt
SYN-TNBC-0142,syn_2587,rad_onc_followup,2023-11-26,en,notes/SYN-TNBC-0142/rad_onc_followup/2023-11-26__syn_2587.txt
SYN-TNBC-0143,syn_2588,imaging_report,2026-03-31,en,notes/SYN-TNBC-0143/imaging_report/2026-03-31__syn_2588.txt
SYN-TNBC-0144,syn_2589,rad_onc_followup,2023-07-29,en,notes/SYN-TNBC-0144/rad_onc_followup/2023-07-29__syn_2589.txt
SYN-TNBC-0145,syn_2590,rad_onc_followup,2022-06-10,en,notes/SYN-TNBC-0145/rad_onc_followup/2022-06-10__syn_2590.txt
SYN-TNBC-0146,syn_2591,imaging_report,2023-12-18,en,notes/SYN-TNBC-0146/imaging_report/2023-12-18__syn_2591.txt
SYN-TNBC-0147,syn_2592,imaging_report,2026-04-11,en,notes/SYN-TNBC-0147/imaging_report/2026-04-11__syn_2592.txt
SYN-TNBC-0148,syn_2593,rad_onc_followup,2021-11-15,en,notes/SYN-TNBC-0148/rad_onc_followup/2021-11-15__syn_2593.txt
SYN-TNBC-0149,syn_2594,rad_onc_followup,2025-03-16,en,notes/SYN-TNBC-0149/rad_onc_followup/2025-03-16__syn_2594.txt
SYN-TNBC-0150,syn_2595,pathology_report,2021-08-03,en,notes/SYN-TNBC-0150/pathology_report/2021-08-03__syn_2595.txt
SYN-TNBC-0151,syn_2596,med_onc_note,2025-03-11,en,notes/SYN-TNBC-0151/med_onc_note/2025-03-11__syn_2596.txt
SYN-TNBC-0152,syn_2597,imaging_report,2021-12-31,en,notes/SYN-TNBC-0152/imaging_report/2021-12-31__syn_2597.txt
SYN-TNBC-0153,syn_2598,lab_report,2021-04-09,en,notes/SYN-TNBC-0153/lab_report/2021-04-09__syn_2598.txt
SYN-TNBC-0154,syn_2599,rad_onc_followup,2020-10-02,en,notes/SYN-TNBC-0154/rad_onc_followup/2020-10-02__syn_2599.txt
SYN-TNBC-0155,syn_2600,imaging_report,2022-04-26,en,notes/SYN-TNBC-0155/imaging_report/2022-04-26__syn_2600.txt
SYN-TNBC-0156,syn_2601,rad_onc_followup,2025-03-26,en,notes/SYN-TNBC-0156/rad_onc_followup/2025-03-26__syn_2601.txt
SYN-TNBC-0157,syn_2602,imaging_report,2025-01-18,en,notes/SYN-TNBC-0157/imaging_report/2025-01-18__syn_2602.txt
SYN-TNBC-0158,syn_2603,rad_onc_followup,2021-11-08,en,notes/SYN-TNBC-0158/rad_onc_followup/2021-11-08__syn_2603.txt
SYN-TNBC-0159,syn_2604,med_onc_note,2023-03-29,en,notes/SYN-TNBC-0159/med_onc_note/2023-03-29__syn_2604.txt
SYN-TNBC-0160,syn_2605,med_onc_note,2024-08-29,en,notes/SYN-TNBC-0160/med_onc_note/2024-08-29__syn_2605.txt
SYN-TNBC-0161,syn_2606,rad_onc_followup,2021-10-08,en,notes/SYN-TNBC-0161/rad_onc_followup/2021-10-08__syn_2606.txt
SYN-TNBC-0162,syn_2607,med_onc_note,2024-10-11,en,notes/SYN-TNBC-0162/med_onc_note/2024-10-11__syn_2607.txt
SYN-TNBC-0163,syn_2608,med_onc_note,2023-04-25,en,notes/SYN-TNBC-0163/med_onc_note/2023-04-25__syn_2608.txt
SYN-TNBC-0164,syn_2609,surgery_followup,2022-12-06,en,notes/SYN-TNBC-0164/surgery_followup/2022-12-06__syn_2609.txt
SYN-TNBC-0165,syn_2610,imaging_report,2022-10-26,en,notes/SYN-TNBC-0165/imaging_report/2022-10-26__syn_2610.txt
SYN-TNBC-0166,syn_2611,rad_onc_followup,2020-09-27,en,notes/SYN-TNBC-0166/rad_onc_followup/2020-09-27__syn_2611.txt
SYN-TNBC-0167,syn_2612,rad_onc_followup,2021-12-14,en,notes/SYN-TNBC-0167/rad_onc_followup/2021-12-14__syn_2612.txt
SYN-TNBC-0168,syn_2613,imaging_report,2021-08-04,en,notes/SYN-TNBC-0168/imaging_report/2021-08-04__syn_2613.txt
SYN-TNBC-0169,syn_2614,rad_onc_followup,2025-07-30,en,notes/SYN-TNBC-0169/rad_onc_followup/2025-07-30__syn_2614.txt
SYN-TNBC-0170,syn_2615,med_onc_note,2023-09-27,en,notes/SYN-TNBC-0170/med_onc_note/2023-09-27__syn_2615.txt
SYN-TNBC-0171,syn_2616,pathology_report,2023-11-07,en,notes/SYN-TNBC-0171/pathology_report/2023-11-07__syn_2616.txt
SYN-TNBC-0172,syn_2617,rad_onc_followup,2021-07-11,en,notes/SYN-TNBC-0172/rad_onc_followup/2021-07-11__syn_2617.txt
SYN-TNBC-0173,syn_2618,med_onc_note,2023-10-02,en,notes/SYN-TNBC-0173/med_onc_note/2023-10-02__syn_2618.txt
SYN-TNBC-0174,syn_2619,surgery_followup,2025-11-26,en,notes/SYN-TNBC-0174/surgery_followup/2025-11-26__syn_2619.txt
SYN-TNBC-0175,syn_2620,med_onc_note,2021-07-17,en,notes/SYN-TNBC-0175/med_onc_note/2021-07-17__syn_2620.txt
SYN-TNBC-0176,syn_2621,rad_onc_followup,2026-02-20,en,notes/SYN-TNBC-0176/rad_onc_followup/2026-02-20__syn_2621.txt
SYN-TNBC-0177,syn_2622,imaging_report,2023-01-06,en,notes/SYN-TNBC-0177/imaging_report/2023-01-06__syn_2622.txt
SYN-TNBC-0178,syn_2623,surgery_followup,2024-10-30,en,notes/SYN-TNBC-0178/surgery_followup/2024-10-30__syn_2623.txt
SYN-TNBC-0179,syn_2624,med_onc_note,2023-06-22,en,notes/SYN-TNBC-0179/med_onc_note/2023-06-22__syn_2624.txt
SYN-TNBC-0180,syn_2625,pathology_report,2023-03-01,en,notes/SYN-TNBC-0180/pathology_report/2023-03-01__syn_2625.txt
SYN-TNBC-0181,syn_2626,pathology_report,2024-05-11,en,notes/SYN-TNBC-0181/pathology_report/2024-05-11__syn_2626.txt
SYN-TNBC-0182,syn_2627,rad_onc_followup,2025-02-18,en,notes/SYN-TNBC-0182/rad_onc_followup/2025-02-18__syn_2627.txt
SYN-TNBC-0183,syn_2628,rad_onc_followup,2024-08-05,en,notes/SYN-TNBC-0183/rad_onc_followup/2024-08-05__syn_2628.txt
SYN-TNBC-0184,syn_2629,rad_onc_followup,2025-10-27,en,notes/SYN-TNBC-0184/rad_onc_followup/2025-10-27__syn_2629.txt
SYN-TNBC-0185,syn_2630,imaging_report,2022-07-08,en,notes/SYN-TNBC-0185/imaging_report/2022-07-08__syn_2630.txt
SYN-TNBC-0186,syn_2631,rad_onc_followup,2023-10-11,en,notes/SYN-TNBC-0186/rad_onc_followup/2023-10-11__syn_2631.txt
SYN-TNBC-0187,syn_2632,med_onc_note,2021-02-03,en,notes/SYN-TNBC-0187/med_onc_note/2021-02-03__syn_2632.txt
SYN-TNBC-0188,syn_2633,med_onc_note,2023-03-31,en,notes/SYN-TNBC-0188/med_onc_note/2023-03-31__syn_2633.txt
SYN-TNBC-0189,syn_2634,rad_onc_followup,2025-06-12,en,notes/SYN-TNBC-0189/rad_onc_followup/2025-06-12__syn_2634.txt
SYN-TNBC-0190,syn_2635,rad_onc_followup,2024-07-29,en,notes/SYN-TNBC-0190/rad_onc_followup/2024-07-29__syn_2635.txt
SYN-TNBC-0191,syn_2636,rad_onc_followup,2022-08-15,en,notes/SYN-TNBC-0191/rad_onc_followup/2022-08-15__syn_2636.txt
SYN-TNBC-0192,syn_2637,rad_onc_followup,2024-10-04,en,notes/SYN-TNBC-0192/rad_onc_followup/2024-10-04__syn_2637.txt
SYN-TNBC-0193,syn_2638,med_onc_note,2023-01-03,en,notes/SYN-TNBC-0193/med_onc_note/2023-01-03__syn_2638.txt
SYN-TNBC-0194,syn_2639,med_onc_note,2025-09-04,en,notes/SYN-TNBC-0194/med_onc_note/2025-09-04__syn_2639.txt
SYN-TNBC-0195,syn_2640,med_onc_note,2021-01-03,en,notes/SYN-TNBC-0195/med_onc_note/2021-01-03__syn_2640.txt
SYN-TNBC-0196,syn_2641,surgery_followup,2021-04-02,en,notes/SYN-TNBC-0196/surgery_followup/2021-04-02__syn_2641.txt
SYN-TNBC-0197,syn_2642,rad_onc_followup,2023-01-02,en,notes/SYN-TNBC-0197/rad_onc_followup/2023-01-02__syn_2642.txt
SYN-TNBC-0198,syn_2643,med_onc_note,2024-07-22,en,notes/SYN-TNBC-0198/med_onc_note/2024-07-22__syn_2643.txt
SYN-TNBC-0199,syn_2644,rad_onc_followup,2021-03-16,en,notes/SYN-TNBC-0199/rad_onc_followup/2021-03-16__syn_2644.txt
SYN-TNBC-0200,syn_2645,imaging_report,2024-07-02,en,notes/SYN-TNBC-0200/imaging_report/2024-07-02__syn_2645.txt
SYN-TNBC-0201,syn_2646,rad_onc_followup,2023-07-04,en,notes/SYN-TNBC-0201/rad_onc_followup/2023-07-04__syn_2646.txt
SYN-TNBC-0202,syn_2647,lab_report,2021-06-04,en,notes/SYN-TNBC-0202/lab_report/2021-06-04__syn_2647.txt
SYN-TNBC-0203,syn_2648,surgery_followup,2026-08-03,en,notes/SYN-TNBC-0203/surgery_followup/2026-08-03__syn_2648.txt
SYN-TNBC-0204,syn_2649,rad_onc_followup,2025-03-25,en,notes/SYN-TNBC-0204/rad_onc_followup/2025-03-25__syn_2649.txt
SYN-TNBC-0205,syn_2650,rad_onc_followup,2023-10-03,en,notes/SYN-TNBC-0205/rad_onc_followup/2023-10-03__syn_2650.txt
SYN-TNBC-0206,syn_2651,pathology_report,2025-08-17,en,notes/SYN-TNBC-0206/pathology_report/2025-08-17__syn_2651.txt
SYN-TNBC-0207,syn_2652,rad_onc_followup,2025-01-19,en,notes/SYN-TNBC-0207/rad_onc_followup/2025-01-19__syn_2652.txt
SYN-TNBC-0208,syn_2653,rad_onc_followup,2025-08-26,en,notes/SYN-TNBC-0208/rad_onc_followup/2025-08-26__syn_2653.txt
SYN-TNBC-0209,syn_2654,pathology_report,2025-07-18,en,notes/SYN-TNBC-0209/pathology_report/2025-07-18__syn_2654.txt
SYN-TNBC-0210,syn_2655,med_onc_note,2023-06-06,en,notes/SYN-TNBC-0210/med_onc_note/2023-06-06__syn_2655.txt
SYN-TNBC-0211,syn_2656,rad_onc_followup,2020-10-04,en,notes/SYN-TNBC-0211/rad_onc_followup/2020-10-04__syn_2656.txt
SYN-TNBC-0212,syn_2657,med_onc_note,2026-06-10,en,notes/SYN-TNBC-0212/med_onc_note/2026-06-10__syn_2657.txt
SYN-TNBC-0213,syn_2658,rad_onc_followup,2023-09-29,en,notes/SYN-TNBC-0213/rad_onc_followup/2023-09-29__syn_2658.txt
SYN-TNBC-0214,syn_2659,rad_onc_followup,2025-07-13,en,notes/SYN-TNBC-0214/rad_onc_followup/2025-07-13__syn_2659.txt
SYN-TNBC-0215,syn_2660,rad_onc_followup,2025-07-14,en,notes/SYN-TNBC-0215/rad_onc_followup/2025-07-14__syn_2660.txt
SYN-TNBC-0216,syn_2661,rad_onc_followup,2023-09-25,en,notes/SYN-TNBC-0216/rad_onc_followup/2023-09-25__syn_2661.txt
SYN-TNBC-0217,syn_2662,rad_onc_followup,2024-08-02,en,notes/SYN-TNBC-0217/rad_onc_followup/2024-08-02__syn_2662.txt
SYN-TNBC-0218,syn_2663,med_onc_note,2025-12-11,en,notes/SYN-TNBC-0218/med_onc_note/2025-12-11__syn_2663.txt
SYN-TNBC-0219,syn_2664,med_onc_note,2026-03-02,en,notes/SYN-TNBC-0219/med_onc_note/2026-03-02__syn_2664.txt
SYN-TNBC-0220,syn_2665,rad_onc_followup,2021-09-29,en,notes/SYN-TNBC-0220/rad_onc_followup/2021-09-29__syn_2665.txt
SYN-TNBC-0221,syn_2666,imaging_report,2022-03-11,en,notes/SYN-TNBC-0221/imaging_report/2022-03-11__syn_2666.txt
SYN-TNBC-0222,syn_2667,med_onc_note,2021-05-27,en,notes/SYN-TNBC-0222/med_onc_note/2021-05-27__syn_2667.txt
SYN-TNBC-0223,syn_2668,imaging_report,2022-02-21,en,notes/SYN-TNBC-0223/imaging_report/2022-02-21__syn_2668.txt
SYN-TNBC-0224,syn_2669,pathology_report,2021-02-11,en,notes/SYN-TNBC-0224/pathology_report/2021-02-11__syn_2669.txt
SYN-TNBC-0225,syn_2670,imaging_report,2026-02-23,en,notes/SYN-TNBC-0225/imaging_report/2026-02-23__syn_2670.txt
SYN-TNBC-0226,syn_2671,med_onc_note,2022-02-01,en,notes/SYN-TNBC-0226/med_onc_note/2022-02-01__syn_2671.txt
SYN-TNBC-0227,syn_2672,rad_onc_followup,2024-01-17,en,notes/SYN-TNBC-0227/rad_onc_followup/2024-01-17__syn_2672.txt
SYN-TNBC-0228,syn_2673,med_onc_note,2026-09-20,en,notes/SYN-TNBC-0228/med_onc_note/2026-09-20__syn_2673.txt
SYN-TNBC-0229,syn_2674,rad_onc_followup,2024-09-17,en,notes/SYN-TNBC-0229/rad_onc_followup/2024-09-17__syn_2674.txt
SYN-TNBC-0230,syn_2675,med_onc_note,2021-04-17,en,notes/SYN-TNBC-0230/med_onc_note/2021-04-17__syn_2675.txt
SYN-TNBC-0231,syn_2676,rad_onc_followup,2026-01-06,en,notes/SYN-TNBC-0231/rad_onc_followup/2026-01-06__syn_2676.txt
SYN-TNBC-0232,syn_2677,rad_onc_followup,2021-04-22,en,notes/SYN-TNBC-0232/rad_onc_followup/2021-04-22__syn_2677.txt
SYN-TNBC-0233,syn_2678,surgery_followup,2023-01-13,en,notes/SYN-TNBC-0233/surgery_followup/2023-01-13__syn_2678.txt
SYN-TNBC-0234,syn_2679,surgery_followup,2022-07-14,en,notes/SYN-TNBC-0234/surgery_followup/2022-07-14__syn_2679.txt
SYN-TNBC-0235,syn_2680,imaging_report,2025-08-10,en,notes/SYN-TNBC-0235/imaging_report/2025-08-10__syn_2680.txt
SYN-TNBC-0236,syn_2681,med_onc_note,2021-03-29,en,notes/SYN-TNBC-0236/med_onc_note/2021-03-29__syn_2681.txt
SYN-TNBC-0237,syn_2682,rad_onc_followup,2025-11-11,en,notes/SYN-TNBC-0237/rad_onc_followup/2025-11-11__syn_2682.txt
SYN-TNBC-0238,syn_2683,rad_onc_followup,2024-07-29,en,notes/SYN-TNBC-0238/rad_onc_followup/2024-07-29__syn_2683.txt
SYN-TNBC-0239,syn_2684,rad_onc_followup,2023-02-01,en,notes/SYN-TNBC-0239/rad_onc_followup/2023-02-01__syn_2684.txt
SYN-TNBC-0240,syn_2685,rad_onc_followup,2026-04-04,en,notes/SYN-TNBC-0240/rad_onc_followup/2026-04-04__syn_2685.txt
SYN-TNBC-0241,syn_2686,imaging_report,2026-07-01,en,notes/SYN-TNBC-0241/imaging_report/2026-07-01__syn_2686.txt
SYN-TNBC-0242,syn_2687,rad_onc_followup,2023-06-01,en,notes/SYN-TNBC-0242/rad_onc_followup/2023-06-01__syn_2687.txt
SYN-TNBC-0243,syn_2688,rad_onc_followup,2023-01-31,en,notes/SYN-TNBC-0243/rad_onc_followup/2023-01-31__syn_2688.txt
SYN-TNBC-0244,syn_2689,med_onc_note,2022-11-09,en,notes/SYN-TNBC-0244/med_onc_note/2022-11-09__syn_2689.txt
SYN-TNBC-0245,syn_2690,rad_onc_followup,2023-06-15,en,notes/SYN-TNBC-0245/rad_onc_followup/2023-06-15__syn_2690.txt
SYN-TNBC-0246,syn_2691,rad_onc_followup,2026-05-25,en,notes/SYN-TNBC-0246/rad_onc_followup/2026-05-25__syn_2691.txt
SYN-TNBC-0247,syn_2692,rad_onc_followup,2026-01-21,en,notes/SYN-TNBC-0247/rad_onc_followup/2026-01-21__syn_2692.txt
SYN-TNBC-0248,syn_2693,imaging_report,2022-04-05,en,notes/SYN-TNBC-0248/imaging_report/2022-04-05__syn_2693.txt
SYN-TNBC-0249,syn_2694,rad_onc_followup,2023-10-01,en,notes/SYN-TNBC-0249/rad_onc_followup/2023-10-01__syn_2694.txt
SYN-TNBC-0250,syn_2695,lab_report,2022-11-15,en,notes/SYN-TNBC-0250/lab_report/2022-11-15__syn_2695.txt
SYN-TNBC-0251,syn_2696,med_onc_note,2025-12-01,en,notes/SYN-TNBC-0251/med_onc_note/2025-12-01__syn_2696.txt
SYN-TNBC-0252,syn_2697,imaging_report,2024-12-04,en,notes/SYN-TNBC-0252/imaging_report/2024-12-04__syn_2697.txt
SYN-TNBC-0253,syn_2698,rad_onc_followup,2023-07-06,en,notes/SYN-TNBC-0253/rad_onc_followup/2023-07-06__syn_2698.txt
SYN-TNBC-0254,syn_2699,rad_onc_followup,2024-03-22,en,notes/SYN-TNBC-0254/rad_onc_followup/2024-03-22__syn_2699.txt
SYN-TNBC-0255,syn_2700,rad_onc_followup,2023-11-29,en,notes/SYN-TNBC-0255/rad_onc_followup/2023-11-29__syn_2700.txt
SYN-TNBC-0256,syn_2701,lab_report,2024-03-11,en,notes/SYN-TNBC-0256/lab_report/2024-03-11__syn_2701.txt
SYN-TNBC-0257,syn_2702,imaging_report,2021-08-27,en,notes/SYN-TNBC-0257/imaging_report/2021-08-27__syn_2702.txt
SYN-TNBC-0258,syn_2703,rad_onc_followup,2020-11-20,en,notes/SYN-TNBC-0258/rad_onc_followup/2020-11-20__syn_2703.txt
SYN-TNBC-0259,syn_2704,imaging_report,2021-12-14,en,notes/SYN-TNBC-0259/imaging_report/2021-12-14__syn_2704.txt
SYN-TNBC-0260,syn_2705,rad_onc_followup,2024-07-02,en,notes/SYN-TNBC-0260/rad_onc_followup/2024-07-02__syn_2705.txt
SYN-TNBC-0261,syn_2706,rad_onc_followup,2022-12-23,en,notes/SYN-TNBC-0261/rad_onc_followup/2022-12-23__syn_2706.txt
SYN-TNBC-0262,syn_2707,rad_onc_followup,2025-01-10,en,notes/SYN-TNBC-0262/rad_onc_followup/2025-01-10__syn_2707.txt
SYN-TNBC-0263,syn_2708,rad_onc_followup,2025-04-01,en,notes/SYN-TNBC-0263/rad_onc_followup/2025-04-01__syn_2708.txt
SYN-TNBC-0264,syn_2709,rad_onc_followup,2024-02-21,en,notes/SYN-TNBC-0264/rad_onc_followup/2024-02-21__syn_2709.txt
SYN-TNBC-0265,syn_2710,rad_onc_followup,2025-05-25,en,notes/SYN-TNBC-0265/rad_onc_followup/2025-05-25__syn_2710.txt
SYN-TNBC-0266,syn_2711,pathology_report,2022-05-02,en,notes/SYN-TNBC-0266/pathology_report/2022-05-02__syn_2711.txt
SYN-TNBC-0267,syn_2712,imaging_report,2021-12-08,en,notes/SYN-TNBC-0267/imaging_report/2021-12-08__syn_2712.txt
SYN-TNBC-0268,syn_2713,rad_onc_followup,2024-06-16,en,notes/SYN-TNBC-0268/rad_onc_followup/2024-06-16__syn_2713.txt
SYN-TNBC-0269,syn_2714,imaging_report,2021-11-24,en,notes/SYN-TNBC-0269/imaging_report/2021-11-24__syn_2714.txt
SYN-TNBC-0270,syn_2715,pathology_report,2022-09-19,en,notes/SYN-TNBC-0270/pathology_report/2022-09-19__syn_2715.txt
SYN-TNBC-0271,syn_2716,rad_onc_followup,2022-11-23,en,notes/SYN-TNBC-0271/rad_onc_followup/2022-11-23__syn_2716.txt
SYN-TNBC-0272,syn_2717,rad_onc_followup,2022-12-06,en,notes/SYN-TNBC-0272/rad_onc_followup/2022-12-06__syn_2717.txt
SYN-TNBC-0273,syn_2718,rad_onc_followup,2024-05-20,en,notes/SYN-TNBC-0273/rad_onc_followup/2024-05-20__syn_2718.txt
SYN-TNBC-0274,syn_2719,rad_onc_followup,2026-09-15,en,notes/SYN-TNBC-0274/rad_onc_followup/2026-09-15__syn_2719.txt
SYN-TNBC-0275,syn_2720,rad_onc_followup,2022-12-10,en,notes/SYN-TNBC-0275/rad_onc_followup/2022-12-10__syn_2720.txt
SYN-TNBC-0276,syn_2721,rad_onc_followup,2022-02-20,en,notes/SYN-TNBC-0276/rad_onc_followup/2022-02-20__syn_2721.txt
SYN-TNBC-0277,syn_2722,med_onc_note,2024-10-16,en,notes/SYN-TNBC-0277/med_onc_note/2024-10-16__syn_2722.txt
SYN-TNBC-0278,syn_2723,imaging_report,2024-08-24,en,notes/SYN-TNBC-0278/imaging_report/2024-08-24__syn_2723.txt
SYN-TNBC-0279,syn_2724,med_onc_note,2026-05-07,en,notes/SYN-TNBC-0279/med_onc_note/2026-05-07__syn_2724.txt
SYN-TNBC-0280,syn_2725,rad_onc_followup,2023-03-23,en,notes/SYN-TNBC-0280/rad_onc_followup/2023-03-23__syn_2725.txt
SYN-TNBC-0281,syn_2726,imaging_report,2025-08-05,en,notes/SYN-TNBC-0281/imaging_report/2025-08-05__syn_2726.txt
SYN-TNBC-0282,syn_2727,med_onc_note,2021-04-13,en,notes/SYN-TNBC-0282/med_onc_note/2021-04-13__syn_2727.txt
SYN-TNBC-0283,syn_2728,rad_onc_followup,2021-10-12,en,notes/SYN-TNBC-0283/rad_onc_followup/2021-10-12__syn_2728.txt
SYN-TNBC-0284,syn_2729,rad_onc_followup,2023-01-22,en,notes/SYN-TNBC-0284/rad_onc_followup/2023-01-22__syn_2729.txt
SYN-TNBC-0285,syn_2730,med_onc_note,2021-11-09,en,notes/SYN-TNBC-0285/med_onc_note/2021-11-09__syn_2730.txt
SYN-TNBC-0286,syn_2731,rad_onc_followup,2021-04-16,en,notes/SYN-TNBC-0286/rad_onc_followup/2021-04-16__syn_2731.txt
SYN-TNBC-0287,syn_2732,med_onc_note,2026-01-03,en,notes/SYN-TNBC-0287/med_onc_note/2026-01-03__syn_2732.txt
SYN-TNBC-0288,syn_2733,rad_onc_followup,2022-03-04,en,notes/SYN-TNBC-0288/rad_onc_followup/2022-03-04__syn_2733.txt
SYN-TNBC-0289,syn_2734,rad_onc_followup,2021-02-28,en,notes/SYN-TNBC-0289/rad_onc_followup/2021-02-28__syn_2734.txt
SYN-TNBC-0290,syn_2735,lab_report,2025-03-02,en,notes/SYN-TNBC-0290/lab_report/2025-03-02__syn_2735.txt
SYN-TNBC-0291,syn_2736,rad_onc_followup,2021-09-16,en,notes/SYN-TNBC-0291/rad_onc_followup/2021-09-16__syn_2736.txt
SYN-TNBC-0292,syn_2737,imaging_report,2021-04-05,en,notes/SYN-TNBC-0292/imaging_report/2021-04-05__syn_2737.txt
SYN-TNBC-0293,syn_2738,rad_onc_followup,2023-10-12,en,notes/SYN-TNBC-0293/rad_onc_followup/2023-10-12__syn_2738.txt
SYN-TNBC-0294,syn_2739,rad_onc_followup,2023-07-18,en,notes/SYN-TNBC-0294/rad_onc_followup/2023-07-18__syn_2739.txt
SYN-TNBC-0295,syn_2740,med_onc_note,2025-12-25,en,notes/SYN-TNBC-0295/med_onc_note/2025-12-25__syn_2740.txt
SYN-TNBC-0296,syn_2741,rad_onc_followup,2020-07-24,en,notes/SYN-TNBC-0296/rad_onc_followup/2020-07-24__syn_2741.txt
SYN-TNBC-0297,syn_2742,lab_report,2024-09-14,en,notes/SYN-TNBC-0297/lab_report/2024-09-14__syn_2742.txt
SYN-TNBC-0298,syn_2743,rad_onc_followup,2025-01-26,en,notes/SYN-TNBC-0298/rad_onc_followup/2025-01-26__syn_2743.txt
SYN-TNBC-0299,syn_2744,rad_onc_followup,2026-07-22,en,notes/SYN-TNBC-0299/rad_onc_followup/2026-07-22__syn_2744.txt
SYN-TNBC-0300,syn_2745,rad_onc_followup,2025-02-27,en,notes/SYN-TNBC-0300/rad_onc_followup/2025-02-27__syn_2745.txt
SYN-TNBC-0301,syn_2746,rad_onc_followup,2023-03-12,en,notes/SYN-TNBC-0301/rad_onc_followup/2023-03-12__syn_2746.txt
SYN-TNBC-0302,syn_2747,med_onc_note,2023-01-25,en,notes/SYN-TNBC-0302/med_onc_note/2023-01-25__syn_2747.txt
SYN-TNBC-0303,syn_2748,lab_report,2021-12-30,en,notes/SYN-TNBC-0303/lab_report/2021-12-30__syn_2748.txt
SYN-TNBC-0304,syn_2749,med_onc_note,2025-11-26,en,notes/SYN-TNBC-0304/med_onc_note/2025-11-26__syn_2749.txt
SYN-TNBC-0305,syn_2750,rad_onc_followup,2022-04-30,en,notes/SYN-TNBC-0305/rad_onc_followup/2022-04-30__syn_2750.txt
SYN-TNBC-0306,syn_2751,med_onc_note,2023-01-01,en,notes/SYN-TNBC-0306/med_onc_note/2023-01-01__syn_2751.txt
SYN-TNBC-0307,syn_2752,rad_onc_followup,2022-07-14,en,notes/SYN-TNBC-0307/rad_onc_followup/2022-07-14__syn_2752.txt
SYN-TNBC-0308,syn_2753,rad_onc_followup,2024-06-25,en,notes/SYN-TNBC-0308/rad_onc_followup/2024-06-25__syn_2753.txt
SYN-TNBC-0309,syn_2754,imaging_report,2025-06-23,en,notes/SYN-TNBC-0309/imaging_report/2025-06-23__syn_2754.txt
SYN-TNBC-0310,syn_2755,med_onc_note,2023-11-09,en,notes/SYN-TNBC-0310/med_onc_note/2023-11-09__syn_2755.txt
SYN-TNBC-0311,syn_2756,imaging_report,2021-11-15,en,notes/SYN-TNBC-0311/imaging_report/2021-11-15__syn_2756.txt
SYN-TNBC-0312,syn_2757,rad_onc_followup,2020-08-26,en,notes/SYN-TNBC-0312/rad_onc_followup/2020-08-26__syn_2757.txt
SYN-TNBC-0313,syn_2758,med_onc_note,2024-05-15,en,notes/SYN-TNBC-0313/med_onc_note/2024-05-15__syn_2758.txt
SYN-TNBC-0314,syn_2759,rad_onc_followup,2023-03-05,en,notes/SYN-TNBC-0314/rad_onc_followup/2023-03-05__syn_2759.txt
SYN-TNBC-0315,syn_2760,lab_report,2024-04-23,en,notes/SYN-TNBC-0315/lab_report/2024-04-23__syn_2760.txt
SYN-TNBC-0316,syn_2761,med_onc_note,2026-08-18,en,notes/SYN-TNBC-0316/med_onc_note/2026-08-18__syn_2761.txt
SYN-TNBC-0317,syn_2762,rad_onc_followup,2024-04-27,en,notes/SYN-TNBC-0317/rad_onc_followup/2024-04-27__syn_2762.txt
SYN-TNBC-0318,syn_2763,surgery_followup,2021-10-14,en,notes/SYN-TNBC-0318/surgery_followup/2021-10-14__syn_2763.txt
SYN-TNBC-0319,syn_2764,rad_onc_followup,2023-10-03,en,notes/SYN-TNBC-0319/rad_onc_followup/2023-10-03__syn_2764.txt
SYN-TNBC-0320,syn_2765,rad_onc_followup,2022-04-04,en,notes/SYN-TNBC-0320/rad_onc_followup/2022-04-04__syn_2765.txt
SYN-TNBC-0321,syn_2766,rad_onc_followup,2022-02-09,en,notes/SYN-TNBC-0321/rad_onc_followup/2022-02-09__syn_2766.txt
SYN-TNBC-0322,syn_2767,rad_onc_followup,2020-10-06,en,notes/SYN-TNBC-0322/rad_onc_followup/2020-10-06__syn_2767.txt
SYN-TNBC-0323,syn_2768,med_onc_note,2020-10-25,en,notes/SYN-TNBC-0323/med_onc_note/2020-10-25__syn_2768.txt
SYN-TNBC-0324,syn_2769,rad_onc_followup,2021-05-17,en,notes/SYN-TNBC-0324/rad_onc_followup/2021-05-17__syn_2769.txt
SYN-TNBC-0325,syn_2770,rad_onc_followup,2024-02-15,en,notes/SYN-TNBC-0325/rad_onc_followup/2024-02-15__syn_2770.txt
SYN-TNBC-0326,syn_2771,rad_onc_followup,2026-04-17,en,notes/SYN-TNBC-0326/rad_onc_followup/2026-04-17__syn_2771.txt
SYN-TNBC-0327,syn_2772,rad_onc_followup,2026-06-24,en,notes/SYN-TNBC-0327/rad_onc_followup/2026-06-24__syn_2772.txt
SYN-TNBC-0328,syn_2773,rad_onc_followup,2021-10-11,en,notes/SYN-TNBC-0328/rad_onc_followup/2021-10-11__syn_2773.txt
SYN-TNBC-0329,syn_2774,rad_onc_followup,2024-11-19,en,notes/SYN-TNBC-0329/rad_onc_followup/2024-11-19__syn_2774.txt
SYN-TNBC-0330,syn_2775,imaging_report,2022-11-03,en,notes/SYN-TNBC-0330/imaging_report/2022-11-03__syn_2775.txt
SYN-TNBC-0331,syn_2776,rad_onc_followup,2021-12-01,en,notes/SYN-TNBC-0331/rad_onc_followup/2021-12-01__syn_2776.txt
SYN-TNBC-0332,syn_2777,med_onc_note,2025-01-04,en,notes/SYN-TNBC-0332/med_onc_note/2025-01-04__syn_2777.txt
SYN-TNBC-0333,syn_2778,rad_onc_followup,2021-02-02,en,notes/SYN-TNBC-0333/rad_onc_followup/2021-02-02__syn_2778.txt
SYN-TNBC-0334,syn_2779,imaging_report,2021-01-14,en,notes/SYN-TNBC-0334/imaging_report/2021-01-14__syn_2779.txt
SYN-TNBC-0335,syn_2780,rad_onc_followup,2024-02-05,en,notes/SYN-TNBC-0335/rad_onc_followup/2024-02-05__syn_2780.txt
SYN-TNBC-0336,syn_2781,rad_onc_followup,2022-05-12,en,notes/SYN-TNBC-0336/rad_onc_followup/2022-05-12__syn_2781.txt
SYN-TNBC-0337,syn_2782,rad_onc_followup,2022-01-19,en,notes/SYN-TNBC-0337/rad_onc_followup/2022-01-19__syn_2782.txt
SYN-TNBC-0338,syn_2783,med_onc_note,2025-01-19,en,notes/SYN-TNBC-0338/med_onc_note/2025-01-19__syn_2783.txt
SYN-TNBC-0339,syn_2784,med_onc_note,2021-08-02,en,notes/SYN-TNBC-0339/med_onc_note/2021-08-02__syn_2784.txt
SYN-TNBC-0340,syn_2785,rad_onc_followup,2021-07-27,en,notes/SYN-TNBC-0340/rad_onc_followup/2021-07-27__syn_2785.txt
SYN-TNBC-0341,syn_2786,rad_onc_followup,2021-06-02,en,notes/SYN-TNBC-0341/rad_onc_followup/2021-06-02__syn_2786.txt
SYN-TNBC-0342,syn_2787,rad_onc_followup,2026-08-04,en,notes/SYN-TNBC-0342/rad_onc_followup/2026-08-04__syn_2787.txt
SYN-TNBC-0343,syn_2788,pathology_report,2023-03-09,en,notes/SYN-TNBC-0343/pathology_report/2023-03-09__syn_2788.txt
SYN-TNBC-0344,syn_2789,med_onc_note,2021-04-10,en,notes/SYN-TNBC-0344/med_onc_note/2021-04-10__syn_2789.txt
SYN-TNBC-0345,syn_2790,med_onc_note,2023-11-03,en,notes/SYN-TNBC-0345/med_onc_note/2023-11-03__syn_2790.txt
SYN-TNBC-0346,syn_2791,rad_onc_followup,2021-07-05,en,notes/SYN-TNBC-0346/rad_onc_followup/2021-07-05__syn_2791.txt
SYN-TNBC-0347,syn_2792,rad_onc_followup,2022-12-02,en,notes/SYN-TNBC-0347/rad_onc_followup/2022-12-02__syn_2792.txt
SYN-TNBC-0348,syn_2793,imaging_report,2026-01-24,en,notes/SYN-TNBC-0348/imaging_report/2026-01-24__syn_2793.txt
SYN-TNBC-0349,syn_2794,med_onc_note,2026-05-12,en,notes/SYN-TNBC-0349/med_onc_note/2026-05-12__syn_2794.txt
SYN-TNBC-0350,syn_2795,med_onc_note,2023-10-05,en,notes/SYN-TNBC-0350/med_onc_note/2023-10-05__syn_2795.txt
SYN-TNBC-0351,syn_2796,imaging_report,2023-07-08,en,notes/SYN-TNBC-0351/imaging_report/2023-07-08__syn_2796.txt
SYN-TNBC-0352,syn_2797,rad_onc_followup,2021-11-18,en,notes/SYN-TNBC-0352/rad_onc_followup/2021-11-18__syn_2797.txt
SYN-TNBC-0353,syn_2798,med_onc_note,2021-04-05,en,notes/SYN-TNBC-0353/med_onc_note/2021-04-05__syn_2798.txt
SYN-TNBC-0354,syn_2799,rad_onc_followup,2023-09-07,en,notes/SYN-TNBC-0354/rad_onc_followup/2023-09-07__syn_2799.txt
SYN-TNBC-0355,syn_2800,lab_report,2023-11-03,en,notes/SYN-TNBC-0355/lab_report/2023-11-03__syn_2800.txt
SYN-TNBC-0356,syn_2801,surgery_followup,2025-12-03,en,notes/SYN-TNBC-0356/surgery_followup/2025-12-03__syn_2801.txt
SYN-TNBC-0357,syn_2802,pathology_report,2022-11-02,en,notes/SYN-TNBC-0357/pathology_report/2022-11-02__syn_2802.txt
SYN-TNBC-0358,syn_2803,rad_onc_followup,2023-12-20,en,notes/SYN-TNBC-0358/rad_onc_followup/2023-12-20__syn_2803.txt
SYN-TNBC-0359,syn_2804,rad_onc_followup,2026-03-11,en,notes/SYN-TNBC-0359/rad_onc_followup/2026-03-11__syn_2804.txt
SYN-TNBC-0360,syn_2805,rad_onc_followup,2026-01-14,en,notes/SYN-TNBC-0360/rad_onc_followup/2026-01-14__syn_2805.txt
SYN-TNBC-0361,syn_2806,imaging_report,2025-12-26,en,notes/SYN-TNBC-0361/imaging_report/2025-12-26__syn_2806.txt
SYN-TNBC-0362,syn_2807,rad_onc_followup,2024-04-06,en,notes/SYN-TNBC-0362/rad_onc_followup/2024-04-06__syn_2807.txt
SYN-TNBC-0363,syn_2808,rad_onc_followup,2025-05-27,en,notes/SYN-TNBC-0363/rad_onc_followup/2025-05-27__syn_2808.txt
SYN-TNBC-0364,syn_2809,rad_onc_followup,2021-06-16,en,notes/SYN-TNBC-0364/rad_onc_followup/2021-06-16__syn_2809.txt
SYN-TNBC-0365,syn_2810,imaging_report,2020-10-03,en,notes/SYN-TNBC-0365/imaging_report/2020-10-03__syn_2810.txt
SYN-TNBC-0366,syn_2811,surgery_followup,2026-06-21,en,notes/SYN-TNBC-0366/surgery_followup/2026-06-21__syn_2811.txt
SYN-TNBC-0367,syn_2812,surgery_followup,2025-03-22,en,notes/SYN-TNBC-0367/surgery_followup/2025-03-22__syn_2812.txt
SYN-TNBC-0368,syn_2813,pathology_report,2025-09-16,en,notes/SYN-TNBC-0368/pathology_report/2025-09-16__syn_2813.txt
SYN-TNBC-0369,syn_2814,rad_onc_followup,2023-08-18,en,notes/SYN-TNBC-0369/rad_onc_followup/2023-08-18__syn_2814.txt
SYN-TNBC-0370,syn_2815,med_onc_note,2021-05-01,en,notes/SYN-TNBC-0370/med_onc_note/2021-05-01__syn_2815.txt
SYN-TNBC-0371,syn_2816,med_onc_note,2025-05-15,en,notes/SYN-TNBC-0371/med_onc_note/2025-05-15__syn_2816.txt
SYN-TNBC-0372,syn_2817,rad_onc_followup,2022-11-29,en,notes/SYN-TNBC-0372/rad_onc_followup/2022-11-29__syn_2817.txt
SYN-TNBC-0373,syn_2818,med_onc_note,2025-02-04,en,notes/SYN-TNBC-0373/med_onc_note/2025-02-04__syn_2818.txt
SYN-TNBC-0374,syn_2819,rad_onc_followup,2022-07-18,en,notes/SYN-TNBC-0374/rad_onc_followup/2022-07-18__syn_2819.txt
SYN-TNBC-0375,syn_2820,rad_onc_followup,2020-11-03,en,notes/SYN-TNBC-0375/rad_onc_followup/2020-11-03__syn_2820.txt
SYN-TNBC-0376,syn_2821,imaging_report,2026-06-17,en,notes/SYN-TNBC-0376/imaging_report/2026-06-17__syn_2821.txt
SYN-TNBC-0377,syn_2822,rad_onc_followup,2024-08-31,en,notes/SYN-TNBC-0377/rad_onc_followup/2024-08-31__syn_2822.txt
SYN-TNBC-0378,syn_2823,rad_onc_followup,2020-10-31,en,notes/SYN-TNBC-0378/rad_onc_followup/2020-10-31__syn_2823.txt
SYN-TNBC-0379,syn_2824,rad_onc_followup,2026-02-19,en,notes/SYN-TNBC-0379/rad_onc_followup/2026-02-19__syn_2824.txt
SYN-TNBC-0380,syn_2825,rad_onc_followup,2023-07-13,en,notes/SYN-TNBC-0380/rad_onc_followup/2023-07-13__syn_2825.txt
SYN-TNBC-0381,syn_2826,rad_onc_followup,2022-08-29,en,notes/SYN-TNBC-0381/rad_onc_followup/2022-08-29__syn_2826.txt
SYN-TNBC-0382,syn_2827,med_onc_note,2022-09-13,en,notes/SYN-TNBC-0382/med_onc_note/2022-09-13__syn_2827.txt
SYN-TNBC-0383,syn_2828,rad_onc_followup,2023-06-14,en,notes/SYN-TNBC-0383/rad_onc_followup/2023-06-14__syn_2828.txt
SYN-TNBC-0384,syn_2829,rad_onc_followup,2021-10-13,en,notes/SYN-TNBC-0384/rad_onc_followup/2021-10-13__syn_2829.txt
SYN-TNBC-0385,syn_2830,rad_onc_followup,2022-09-17,en,notes/SYN-TNBC-0385/rad_onc_followup/2022-09-17__syn_2830.txt
SYN-TNBC-0386,syn_2831,med_onc_note,2025-01-14,en,notes/SYN-TNBC-0386/med_onc_note/2025-01-14__syn_2831.txt
SYN-TNBC-0387,syn_2832,rad_onc_followup,2021-02-15,en,notes/SYN-TNBC-0387/rad_onc_followup/2021-02-15__syn_2832.txt
SYN-TNBC-0388,syn_2833,rad_onc_followup,2022-05-23,en,notes/SYN-TNBC-0388/rad_onc_followup/2022-05-23__syn_2833.txt
SYN-TNBC-0389,syn_2834,imaging_report,2020-09-18,en,notes/SYN-TNBC-0389/imaging_report/2020-09-18__syn_2834.txt
SYN-TNBC-0390,syn_2835,rad_onc_followup,2026-07-02,en,notes/SYN-TNBC-0390/rad_onc_followup/2026-07-02__syn_2835.txt
SYN-TNBC-0391,syn_2836,med_onc_note,2022-10-23,en,notes/SYN-TNBC-0391/med_onc_note/2022-10-23__syn_2836.txt
SYN-TNBC-0392,syn_2837,med_onc_note,2025-01-28,en,notes/SYN-TNBC-0392/med_onc_note/2025-01-28__syn_2837.txt
SYN-TNBC-0393,syn_2838,surgery_followup,2025-08-15,en,notes/SYN-TNBC-0393/surgery_followup/2025-08-15__syn_2838.txt
SYN-TNBC-0394,syn_2839,rad_onc_followup,2026-05-07,en,notes/SYN-TNBC-0394/rad_onc_followup/2026-05-07__syn_2839.txt
SYN-TNBC-0395,syn_2840,med_onc_note,2021-10-12,en,notes/SYN-TNBC-0395/med_onc_note/2021-10-12__syn_2840.txt
SYN-TNBC-0396,syn_2841,rad_onc_followup,2021-09-07,en,notes/SYN-TNBC-0396/rad_onc_followup/2021-09-07__syn_2841.txt
SYN-TNBC-0397,syn_2842,rad_onc_followup,2022-12-29,en,notes/SYN-TNBC-0397/rad_onc_followup/2022-12-29__syn_2842.txt
SYN-TNBC-0398,syn_2843,rad_onc_followup,2024-09-20,en,notes/SYN-TNBC-0398/rad_onc_followup/2024-09-20__syn_2843.txt
SYN-TNBC-0399,syn_2844,rad_onc_followup,2025-10-26,en,notes/SYN-TNBC-0399/rad_onc_followup/2025-10-26__syn_2844.txt
SYN-TNBC-0400,syn_2845,rad_onc_followup,2026-01-23,en,notes/SYN-TNBC-0400/rad_onc_followup/2026-01-23__syn_2845.txt
SYN-TNBC-0401,syn_2846,rad_onc_followup,2020-09-19,en,notes/SYN-TNBC-0401/rad_onc_followup/2020-09-19__syn_2846.txt
SYN-TNBC-0402,syn_2847,rad_onc_followup,2025-12-27,en,notes/SYN-TNBC-0402/rad_onc_followup/2025-12-27__syn_2847.txt
SYN-TNBC-0403,syn_2848,pathology_report,2023-11-24,en,notes/SYN-TNBC-0403/pathology_report/2023-11-24__syn_2848.txt
SYN-TNBC-0404,syn_2849,lab_report,2023-03-17,en,notes/SYN-TNBC-0404/lab_report/2023-03-17__syn_2849.txt
SYN-TNBC-0405,syn_2850,rad_onc_followup,2025-10-06,en,notes/SYN-TNBC-0405/rad_onc_followup/2025-10-06__syn_2850.txt
SYN-TNBC-0406,syn_2851,rad_onc_followup,2021-01-09,en,notes/SYN-TNBC-0406/rad_onc_followup/2021-01-09__syn_2851.txt
SYN-TNBC-0407,syn_2852,rad_onc_followup,2022-08-28,en,notes/SYN-TNBC-0407/rad_onc_followup/2022-08-28__syn_2852.txt
SYN-TNBC-0408,syn_2853,rad_onc_followup,2021-09-09,en,notes/SYN-TNBC-0408/rad_onc_followup/2021-09-09__syn_2853.txt
SYN-TNBC-0409,syn_2854,rad_onc_followup,2024-11-26,en,notes/SYN-TNBC-0409/rad_onc_followup/2024-11-26__syn_2854.txt
SYN-TNBC-0410,syn_2855,med_onc_note,2025-02-04,en,notes/SYN-TNBC-0410/med_onc_note/2025-02-04__syn_2855.txt
SYN-TNBC-0411,syn_2856,med_onc_note,2021-01-06,en,notes/SYN-TNBC-0411/med_onc_note/2021-01-06__syn_2856.txt
SYN-TNBC-0412,syn_2857,rad_onc_followup,2020-09-12,en,notes/SYN-TNBC-0412/rad_onc_followup/2020-09-12__syn_2857.txt
SYN-TNBC-0413,syn_2858,med_onc_note,2021-01-17,en,notes/SYN-TNBC-0413/med_onc_note/2021-01-17__syn_2858.txt
SYN-TNBC-0414,syn_2859,med_onc_note,2021-01-19,en,notes/SYN-TNBC-0414/med_onc_note/2021-01-19__syn_2859.txt
SYN-TNBC-0415,syn_2860,med_onc_note,2021-12-29,en,notes/SYN-TNBC-0415/med_onc_note/2021-12-29__syn_2860.txt
SYN-TNBC-0416,syn_2861,rad_onc_followup,2025-09-08,en,notes/SYN-TNBC-0416/rad_onc_followup/2025-09-08__syn_2861.txt
SYN-TNBC-0417,syn_2862,rad_onc_followup,2021-11-19,en,notes/SYN-TNBC-0417/rad_onc_followup/2021-11-19__syn_2862.txt
SYN-TNBC-0418,syn_2863,pathology_report,2026-05-31,en,notes/SYN-TNBC-0418/pathology_report/2026-05-31__syn_2863.txt
SYN-TNBC-0419,syn_2864,pathology_report,2022-02-14,en,notes/SYN-TNBC-0419/pathology_report/2022-02-14__syn_2864.txt
SYN-TNBC-0420,syn_2865,rad_onc_followup,2026-02-09,en,notes/SYN-TNBC-0420/rad_onc_followup/2026-02-09__syn_2865.txt
SYN-TNBC-0421,syn_2866,rad_onc_followup,2025-01-20,en,notes/SYN-TNBC-0421/rad_onc_followup/2025-01-20__syn_2866.txt
SYN-TNBC-0422,syn_2867,rad_onc_followup,2021-09-17,en,notes/SYN-TNBC-0422/rad_onc_followup/2021-09-17__syn_2867.txt
SYN-TNBC-0423,syn_2868,rad_onc_followup,2020-11-30,en,notes/SYN-TNBC-0423/rad_onc_followup/2020-11-30__syn_2868.txt
SYN-TNBC-0424,syn_2869,med_onc_note,2024-10-30,en,notes/SYN-TNBC-0424/med_onc_note/2024-10-30__syn_2869.txt
SYN-TNBC-0425,syn_2870,rad_onc_followup,2022-06-17,en,notes/SYN-TNBC-0425/rad_onc_followup/2022-06-17__syn_2870.txt
SYN-TNBC-0426,syn_2871,rad_onc_followup,2025-07-31,en,notes/SYN-TNBC-0426/rad_onc_followup/2025-07-31__syn_2871.txt
SYN-TNBC-0427,syn_2872,pathology_report,2021-06-30,en,notes/SYN-TNBC-0427/pathology_report/2021-06-30__syn_2872.txt
SYN-TNBC-0428,syn_2873,rad_onc_followup,2021-03-14,en,notes/SYN-TNBC-0428/rad_onc_followup/2021-03-14__syn_2873.txt
SYN-TNBC-0429,syn_2874,med_onc_note,2026-05-10,en,notes/SYN-TNBC-0429/med_onc_note/2026-05-10__syn_2874.txt
SYN-TNBC-0430,syn_2875,rad_onc_followup,2024-05-16,en,notes/SYN-TNBC-0430/rad_onc_followup/2024-05-16__syn_2875.txt
SYN-TNBC-0431,syn_2876,rad_onc_followup,2022-07-10,en,notes/SYN-TNBC-0431/rad_onc_followup/2022-07-10__syn_2876.txt
SYN-TNBC-0432,syn_2877,med_onc_note,2026-05-20,en,notes/SYN-TNBC-0432/med_onc_note/2026-05-20__syn_2877.txt
SYN-TNBC-0433,syn_2878,surgery_followup,2020-12-19,en,notes/SYN-TNBC-0433/surgery_followup/2020-12-19__syn_2878.txt
SYN-TNBC-0434,syn_2879,rad_onc_followup,2021-10-07,en,notes/SYN-TNBC-0434/rad_onc_followup/2021-10-07__syn_2879.txt
SYN-TNBC-0435,syn_2880,imaging_report,2022-12-30,en,notes/SYN-TNBC-0435/imaging_report/2022-12-30__syn_2880.txt
SYN-TNBC-0436,syn_2881,imaging_report,2024-03-23,en,notes/SYN-TNBC-0436/imaging_report/2024-03-23__syn_2881.txt
SYN-TNBC-0437,syn_2882,surgery_followup,2022-02-02,en,notes/SYN-TNBC-0437/surgery_followup/2022-02-02__syn_2882.txt
SYN-TNBC-0438,syn_2883,pathology_report,2022-12-27,en,notes/SYN-TNBC-0438/pathology_report/2022-12-27__syn_2883.txt
SYN-TNBC-0439,syn_2884,rad_onc_followup,2022-08-08,en,notes/SYN-TNBC-0439/rad_onc_followup/2022-08-08__syn_2884.txt
SYN-TNBC-0440,syn_2885,imaging_report,2025-06-20,en,notes/SYN-TNBC-0440/imaging_report/2025-06-20__syn_2885.txt
SYN-TNBC-0441,syn_2886,med_onc_note,2023-08-16,en,notes/SYN-TNBC-0441/med_onc_note/2023-08-16__syn_2886.txt
SYN-TNBC-0442,syn_2887,lab_report,2023-05-24,en,notes/SYN-TNBC-0442/lab_report/2023-05-24__syn_2887.txt
SYN-TNBC-0443,syn_2888,lab_report,2021-01-05,en,notes/SYN-TNBC-0443/lab_report/2021-01-05__syn_2888.txt
SYN-TNBC-0444,syn_2889,med_onc_note,2026-07-15,en,notes/SYN-TNBC-0444/med_onc_note/2026-07-15__syn_2889.txt
SYN-TNBC-0445,syn_2890,imaging_report,2022-06-17,en,notes/SYN-TNBC-0445/imaging_report/2022-06-17__syn_2890.txt
SYN-TNBC-0446,syn_2891,rad_onc_followup,2023-08-16,en,notes/SYN-TNBC-0446/rad_onc_followup/2023-08-16__syn_2891.txt
SYN-TNBC-0447,syn_2892,rad_onc_followup,2023-11-30,en,notes/SYN-TNBC-0447/rad_onc_followup/2023-11-30__syn_2892.txt
SYN-TNBC-0448,syn_2893,rad_onc_followup,2023-12-03,en,notes/SYN-TNBC-0448/rad_onc_followup/2023-12-03__syn_2893.txt
SYN-TNBC-0449,syn_2894,imaging_report,2026-08-11,en,notes/SYN-TNBC-0449/imaging_report/2026-08-11__syn_2894.txt
SYN-TNBC-0450,syn_2895,lab_report,2024-11-18,en,notes/SYN-TNBC-0450/lab_report/2024-11-18__syn_2895.txt
SYN-TNBC-0451,syn_2896,rad_onc_followup,2024-02-23,en,notes/SYN-TNBC-0451/rad_onc_followup/2024-02-23__syn_2896.txt
SYN-TNBC-0452,syn_2897,rad_onc_followup,2024-10-17,en,notes/SYN-TNBC-0452/rad_onc_followup/2024-10-17__syn_2897.txt
SYN-TNBC-0453,syn_2898,rad_onc_followup,2022-02-13,en,notes/SYN-TNBC-0453/rad_onc_followup/2022-02-13__syn_2898.txt
SYN-TNBC-0454,syn_2899,rad_onc_followup,2025-11-16,en,notes/SYN-TNBC-0454/rad_onc_followup/2025-11-16__syn_2899.txt
SYN-TNBC-0455,syn_2900,med_onc_note,2026-01-11,en,notes/SYN-TNBC-0455/med_onc_note/2026-01-11__syn_2900.txt
SYN-TNBC-0456,syn_2901,surgery_followup,2024-12-20,en,notes/SYN-TNBC-0456/surgery_followup/2024-12-20__syn_2901.txt
SYN-TNBC-0457,syn_2902,rad_onc_followup,2021-11-12,en,notes/SYN-TNBC-0457/rad_onc_followup/2021-11-12__syn_2902.txt
SYN-TNBC-0458,syn_2903,rad_onc_followup,2023-05-28,en,notes/SYN-TNBC-0458/rad_onc_followup/2023-05-28__syn_2903.txt
SYN-TNBC-0459,syn_2904,med_onc_note,2024-10-15,en,notes/SYN-TNBC-0459/med_onc_note/2024-10-15__syn_2904.txt
SYN-TNBC-0460,syn_2905,rad_onc_followup,2022-01-24,en,notes/SYN-TNBC-0460/rad_onc_followup/2022-01-24__syn_2905.txt
SYN-TNBC-0461,syn_2906,rad_onc_followup,2024-11-28,en,notes/SYN-TNBC-0461/rad_onc_followup/2024-11-28__syn_2906.txt
SYN-TNBC-0462,syn_2907,rad_onc_followup,2024-09-04,en,notes/SYN-TNBC-0462/rad_onc_followup/2024-09-04__syn_2907.txt
SYN-TNBC-0463,syn_2908,rad_onc_followup,2026-08-30,en,notes/SYN-TNBC-0463/rad_onc_followup/2026-08-30__syn_2908.txt
SYN-TNBC-0464,syn_2909,surgery_followup,2022-09-13,en,notes/SYN-TNBC-0464/surgery_followup/2022-09-13__syn_2909.txt
SYN-TNBC-0465,syn_2910,rad_onc_followup,2022-03-11,en,notes/SYN-TNBC-0465/rad_onc_followup/2022-03-11__syn_2910.txt
SYN-TNBC-0466,syn_2911,pathology_report,2021-08-12,en,notes/SYN-TNBC-0466/pathology_report/2021-08-12__syn_2911.txt
SYN-TNBC-0467,syn_2912,lab_report,2023-07-20,en,notes/SYN-TNBC-0467/lab_report/2023-07-20__syn_2912.txt
SYN-TNBC-0468,syn_2913,pathology_report,2022-03-07,en,notes/SYN-TNBC-0468/pathology_report/2022-03-07__syn_2913.txt
SYN-TNBC-0469,syn_2914,pathology_report,2022-08-10,en,notes/SYN-TNBC-0469/pathology_report/2022-08-10__syn_2914.txt
SYN-TNBC-0470,syn_2915,rad_onc_followup,2021-09-12,en,notes/SYN-TNBC-0470/rad_onc_followup/2021-09-12__syn_2915.txt
SYN-TNBC-0471,syn_2916,rad_onc_followup,2022-04-01,en,notes/SYN-TNBC-0471/rad_onc_followup/2022-04-01__syn_2916.txt
SYN-TNBC-0472,syn_2917,rad_onc_followup,2025-08-31,en,notes/SYN-TNBC-0472/rad_onc_followup/2025-08-31__syn_2917.txt
SYN-TNBC-0473,syn_2918,imaging_report,2025-07-07,en,notes/SYN-TNBC-0473/imaging_report/2025-07-07__syn_2918.txt
SYN-TNBC-0474,syn_2919,rad_onc_followup,2022-06-15,en,notes/SYN-TNBC-0474/rad_onc_followup/2022-06-15__syn_2919.txt
SYN-TNBC-0475,syn_2920,med_onc_note,2022-07-11,en,notes/SYN-TNBC-0475/med_onc_note/2022-07-11__syn_2920.txt
SYN-TNBC-0476,syn_2921,rad_onc_followup,2025-04-29,en,notes/SYN-TNBC-0476/rad_onc_followup/2025-04-29__syn_2921.txt
SYN-TNBC-0477,syn_2922,lab_report,2021-02-23,en,notes/SYN-TNBC-0477/lab_report/2021-02-23__syn_2922.txt
SYN-TNBC-0478,syn_2923,imaging_report,2024-03-12,en,notes/SYN-TNBC-0478/imaging_report/2024-03-12__syn_2923.txt
SYN-TNBC-0479,syn_2924,rad_onc_followup,2021-04-05,en,notes/SYN-TNBC-0479/rad_onc_followup/2021-04-05__syn_2924.txt
SYN-TNBC-0480,syn_2925,lab_report,2021-10-10,en,notes/SYN-TNBC-0480/lab_report/2021-10-10__syn_2925.txt
SYN-TNBC-0481,syn_2926,rad_onc_followup,2025-03-09,en,notes/SYN-TNBC-0481/rad_onc_followup/2025-03-09__syn_2926.txt
SYN-TNBC-0482,syn_2927,pathology_report,2023-03-25,en,notes/SYN-TNBC-0482/pathology_report/2023-03-25__syn_2927.txt
SYN-TNBC-0483,syn_2928,rad_onc_followup,2024-02-08,en,notes/SYN-TNBC-0483/rad_onc_followup/2024-02-08__syn_2928.txt
SYN-TNBC-0484,syn_2929,rad_onc_followup,2022-05-06,en,notes/SYN-TNBC-0484/rad_onc_followup/2022-05-06__syn_2929.txt
SYN-TNBC-0485,syn_2930,pathology_report,2021-07-18,en,notes/SYN-TNBC-0485/pathology_report/2021-07-18__syn_2930.txt
